BIX,FI,month,rain
0.69,1.32,April,non_rain
0.7,1.36,April,non_rain
0.7,1.31,April,non_rain
0.69,1.32,April,non_rain
0.7,1.4,April,non_rain
0.68,1.28,April,non_rain
0.67,1.34,April,non_rain
0.72,1.44,April,non_rain
0.71,1.34,April,non_rain
0.74,1.38,April,non_rain
0.82,1.28,April,non_rain
0.88,1.44,April,non_rain
0.73,1.36,April,non_rain
0.76,1.38,April,non_rain
0.75,1.44,April,non_rain
0.76,1.34,April,non_rain
0.76,1.31,April,non_rain
0.73,1.31,April,non_rain
0.75,1.32,April,non_rain
0.78,1.36,April,non_rain
0.82,1.32,April,non_rain
0.85,1.32,April,non_rain
0.83,1.36,April,non_rain
0.78,1.34,April,non_rain
0.82,1.37,April,non_rain
0.79,1.32,April,non_rain
0.81,1.33,April,non_rain
0.83,1.35,April,non_rain
0.79,1.35,April,non_rain
0.75,1.39,April,non_rain
0.77,1.35,April,non_rain
0.77,1.33,April,non_rain
0.95,1.41,April,non_rain
0.8,1.36,April,non_rain
0.81,1.36,April,non_rain
0.8,1.31,April,non_rain
0.69,1.3,April,non_rain
0.7,1.27,April,non_rain
0.7,1.24,April,non_rain
0.62,1.26,April,non_rain
0.69,1.33,April,non_rain
0.7,1.33,April,non_rain
0.67,1.29,April,non_rain
0.71,1.3,April,non_rain
0.72,1.35,April,non_rain
0.73,1.32,April,non_rain
0.72,1.37,April,non_rain
0.82,1.37,April,non_rain
0.74,1.36,April,non_rain
0.75,1.31,April,non_rain
1.07,1.37,April,non_rain
0.82,1.35,April,non_rain
0.76,1.38,April,non_rain
0.79,1.36,April,non_rain
0.75,1.33,April,non_rain
0.78,1.35,April,non_rain
0.87,1.34,April,non_rain
1.36,1.45,April,non_rain
0.85,1.41,April,non_rain
0.77,1.34,April,non_rain
0.86,1.37,April,non_rain
0.79,1.31,April,non_rain
0.75,1.28,April,non_rain
0.79,1.36,April,non_rain
0.83,1.34,April,non_rain
0.82,1.43,April,non_rain
0.83,1.37,April,non_rain
0.69,1.24,April,non_rain
0.95,1.41,April,non_rain
0.88,1.4,April,non_rain
0.8,1.4,April,non_rain
0.85,1.4,April,non_rain
0.71,1.29,May,rain
0.69,1.22,May,rain
0.68,1.26,May,rain
0.65,1.23,May,rain
0.69,1.27,May,rain
2.74,1.3,May,rain
0.65,1.33,May,rain
0.77,1.36,May,rain
0.73,1.34,May,rain
0.7,1.32,May,rain
0.7,1.34,May,rain
0.81,1.39,May,rain
0.71,1.27,May,rain
0.72,1.3,May,rain
0.72,1.3,May,rain
1.72,1.32,May,rain
1.2,1.28,May,rain
0.77,1.25,May,rain
0.61,1.34,May,rain
0.99,1.39,May,rain
0.75,1.32,May,rain
0.78,1.36,May,rain
0.73,1.35,May,rain
0.73,1.33,May,rain
0.74,1.32,May,rain
0.74,1.34,May,rain
0.73,1.3,May,rain
0.78,1.33,May,rain
0.72,1.29,May,rain
0.73,1.3,May,rain
0.71,1.33,May,rain
0.71,1.31,May,rain
0.82,1.38,May,rain
0.73,1.29,May,rain
0.73,1.33,May,rain
0.74,1.33,May,rain
0.72,1.31,May,non_rain
0.69,1.29,May,non_rain
0.7,1.24,May,non_rain
0.67,1.27,May,non_rain
0.69,1.31,May,non_rain
0.68,1.3,May,non_rain
0.69,1.3,May,non_rain
0.7,1.32,May,non_rain
0.7,1.29,May,non_rain
0.74,1.36,May,non_rain
0.74,1.32,May,non_rain
0.7,1.28,May,non_rain
0.74,1.32,May,non_rain
0.73,1.32,May,non_rain
0.72,1.32,May,non_rain
0.72,1.35,May,non_rain
0.72,1.36,May,non_rain
0.74,1.41,May,non_rain
0.74,1.36,May,non_rain
0.76,1.33,May,non_rain
0.81,1.35,May,non_rain
1.23,1.5,May,non_rain
0.8,1.38,May,non_rain
0.73,1.33,May,non_rain
0.82,1.36,May,non_rain
0.79,1.38,May,non_rain
0.81,1.32,May,non_rain
0.77,1.35,May,non_rain
0.85,1.37,May,non_rain
0.76,1.44,May,non_rain
0.82,1.33,May,non_rain
0.73,1.33,May,non_rain
0.78,1.36,May,non_rain
0.81,1.33,May,non_rain
0.74,1.35,May,non_rain
0.78,1.35,May,non_rain
0.69,1.25,June,non_rain
0.68,1.28,June,non_rain
0.72,1.28,June,non_rain
0.67,1.3,June,non_rain
0.66,1.3,June,non_rain
0.66,1.27,June,non_rain
0.69,1.29,June,non_rain
0.71,1.38,June,non_rain
0.74,1.34,June,non_rain
0.72,1.39,June,non_rain
0.76,1.32,June,non_rain
0.76,1.35,June,non_rain
0.73,1.3,June,non_rain
0.69,1.31,June,non_rain
0.72,1.35,June,non_rain
0.73,1.33,June,non_rain
0.75,1.31,June,non_rain
0.76,1.35,June,non_rain
0.73,1.34,June,non_rain
0.73,1.32,June,non_rain
0.81,1.38,June,non_rain
1.25,1.53,June,non_rain
0.79,1.35,June,non_rain
0.78,1.33,June,non_rain
0.79,1.34,June,non_rain
0.75,1.38,June,non_rain
0.77,1.33,June,non_rain
0.71,1.32,June,non_rain
0.81,1.32,June,non_rain
0.78,1.38,June,non_rain
0.8,1.36,June,non_rain
0.75,1.33,June,non_rain
0.76,1.36,June,non_rain
0.84,1.32,June,non_rain
0.78,1.35,June,non_rain
0.77,1.37,June,non_rain
0.65,1.26,June,non_rain
0.7,1.31,June,non_rain
0.68,1.3,June,non_rain
0.67,1.27,June,non_rain
0.82,1.3,June,non_rain
0.65,1.27,June,non_rain
0.67,1.27,June,non_rain
0.73,1.36,June,non_rain
0.76,1.29,June,non_rain
0.71,1.35,June,non_rain
0.76,1.3,June,non_rain
0.74,1.38,June,non_rain
0.73,1.28,June,non_rain
0.67,1.34,June,non_rain
0.72,1.3,June,non_rain
0.7,1.35,June,non_rain
0.71,1.33,June,non_rain
0.76,1.32,June,non_rain
0.74,1.29,June,non_rain
0.72,1.33,June,non_rain
0.78,1.32,June,non_rain
1.12,1.47,June,non_rain
0.76,1.3,June,non_rain
0.81,1.37,June,non_rain
0.88,1.35,June,non_rain
0.72,1.37,June,non_rain
0.74,1.32,June,non_rain
0.75,1.33,June,non_rain
0.75,1.29,June,non_rain
0.76,1.4,June,non_rain
0.74,1.31,June,non_rain
0.74,1.3,June,non_rain
0.72,1.31,June,non_rain
0.74,1.3,June,non_rain
0.72,1.32,June,non_rain
0.77,1.32,June,non_rain
0.68,1.27,July,rain
0.67,1.23,July,rain
0.66,1.32,July,rain
0.65,1.26,July,rain
0.8,1.27,July,rain
0.69,1.28,July,rain
0.68,1.31,July,rain
0.68,1.38,July,rain
0.67,1.29,July,rain
0.62,1.27,July,rain
0.69,1.29,July,rain
0.74,1.34,July,rain
0.71,1.36,July,rain
0.67,1.35,July,rain
0.7,1.32,July,rain
0.67,1.34,July,rain
0.7,1.32,July,rain
0.73,1.4,July,rain
0.7,1.33,July,rain
0.73,1.32,July,rain
0.79,1.35,July,rain
0.94,1.39,July,rain
0.75,1.38,July,rain
0.77,1.37,July,rain
0.76,1.35,July,rain
0.72,1.34,July,rain
0.74,1.32,July,rain
0.75,1.31,July,rain
0.73,1.34,July,rain
0.78,1.4,July,rain
0.74,1.3,July,rain
0.72,1.33,July,rain
0.74,1.34,July,rain
0.75,1.32,July,rain
0.78,1.37,July,rain
0.74,1.37,July,rain
0.68,1.31,July,rain
0.67,1.23,July,rain
0.65,1.25,July,rain
0.62,1.23,July,rain
0.64,1.28,July,rain
0.66,1.28,July,rain
0.66,1.3,July,rain
0.69,1.3,July,rain
0.71,1.23,July,rain
0.67,1.2,July,rain
0.67,1.31,July,rain
0.75,1.34,July,rain
0.72,1.34,July,rain
0.69,1.31,July,rain
0.7,1.31,July,rain
0.7,1.31,July,rain
0.72,1.31,July,rain
0.71,1.24,July,rain
0.71,1.25,July,rain
0.76,1.33,July,rain
0.7,1.33,July,rain
0.75,1.37,July,rain
0.72,1.29,July,rain
0.75,1.29,July,rain
0.72,1.31,July,rain
0.72,1.31,July,rain
0.7,1.29,July,rain
0.77,1.36,July,rain
0.69,1.29,July,rain
0.75,1.34,July,rain
0.71,1.29,July,rain
0.75,1.31,July,rain
0.8,1.35,July,rain
0.7,1.31,July,rain
0.7,1.3,July,rain
0.71,1.27,August,non_rain
0.71,1.28,August,non_rain
0.7,1.32,August,non_rain
0.66,1.28,August,non_rain
0.69,1.23,August,non_rain
0.64,1.3,August,non_rain
0.7,1.32,August,non_rain
0.73,1.31,August,non_rain
0.71,1.33,August,non_rain
0.69,1.31,August,non_rain
0.73,1.31,August,non_rain
0.76,1.3,August,non_rain
0.74,1.32,August,non_rain
0.69,1.37,August,non_rain
0.73,1.35,August,non_rain
0.74,1.33,August,non_rain
0.79,1.3,August,non_rain
0.72,1.34,August,non_rain
0.76,1.27,August,non_rain
0.77,1.34,August,non_rain
0.79,1.34,August,non_rain
1.15,1.44,August,non_rain
0.79,1.38,August,non_rain
0.79,1.37,August,non_rain
0.78,1.35,August,non_rain
0.73,1.28,August,non_rain
0.81,1.33,August,non_rain
0.77,1.36,August,non_rain
0.79,1.34,August,non_rain
0.79,1.38,August,non_rain
0.76,1.34,August,non_rain
0.79,1.36,August,non_rain
0.86,1.37,August,non_rain
0.77,1.3,August,non_rain
0.76,1.33,August,non_rain
0.78,1.31,August,non_rain
0.69,1.3,August,non_rain
0.7,1.29,August,non_rain
0.71,1.34,August,non_rain
0.67,1.27,August,non_rain
0.73,1.32,August,non_rain
0.69,1.35,August,non_rain
0.69,1.29,August,non_rain
0.73,1.36,August,non_rain
0.74,1.33,August,non_rain
0.77,1.38,August,non_rain
0.74,1.37,August,non_rain
0.74,1.35,August,non_rain
0.73,1.35,August,non_rain
0.72,1.36,August,non_rain
0.73,1.3,August,non_rain
0.7,1.35,August,non_rain
0.73,1.31,August,non_rain
0.74,1.32,August,non_rain
0.71,1.31,August,non_rain
0.77,1.31,August,non_rain
0.77,1.35,August,non_rain
0.91,1.4,August,non_rain
0.8,1.34,August,non_rain
0.78,1.36,August,non_rain
0.79,1.3,August,non_rain
0.76,1.37,August,non_rain
0.81,1.31,August,non_rain
0.75,1.37,August,non_rain
0.8,1.32,August,non_rain
0.76,1.42,August,non_rain
0.78,1.36,August,non_rain
0.76,1.32,August,non_rain
0.84,1.38,August,non_rain
0.76,1.32,August,non_rain
0.78,1.36,August,non_rain
0.78,1.34,August,non_rain
0.72,1.27,September,non_rain
0.77,1.38,September,non_rain
0.75,1.37,September,non_rain
0.66,1.31,September,non_rain
0.76,1.33,September,non_rain
0.7,1.34,September,non_rain
0.74,1.39,September,non_rain
0.75,1.38,September,non_rain
0.74,1.33,September,non_rain
0.73,1.4,September,non_rain
0.76,1.32,September,non_rain
0.75,1.37,September,non_rain
0.75,1.31,September,non_rain
0.75,1.37,September,non_rain
0.73,1.31,September,non_rain
0.72,1.32,September,non_rain
0.73,1.33,September,non_rain
0.69,1.29,September,non_rain
0.73,1.31,September,non_rain
0.74,1.31,September,non_rain
0.8,1.33,September,non_rain
0.98,1.43,September,non_rain
0.75,1.34,September,non_rain
0.75,1.36,September,non_rain
0.76,1.27,September,non_rain
0.74,1.34,September,non_rain
0.77,1.32,September,non_rain
0.77,1.34,September,non_rain
0.74,1.31,September,non_rain
0.75,1.36,September,non_rain
0.73,1.31,September,non_rain
0.75,1.32,September,non_rain
0.86,1.37,September,non_rain
0.74,1.3,September,non_rain
0.74,1.36,September,non_rain
0.75,1.33,September,non_rain
0.67,1.26,September,rain
0.71,1.26,September,rain
0.67,1.2,September,rain
0.65,1.24,September,rain
0.68,1.24,September,rain
0.67,1.25,September,rain
0.69,1.31,September,rain
0.71,1.34,September,rain
0.7,1.3,September,rain
0.71,1.29,September,rain
0.7,1.34,September,rain
0.8,1.36,September,rain
0.73,1.25,September,rain
0.7,1.33,September,rain
0.72,1.33,September,rain
0.68,1.31,September,rain
0.73,1.32,September,rain
0.67,1.26,September,rain
0.7,1.28,September,rain
0.73,1.35,September,rain
0.73,1.32,September,rain
0.78,1.35,September,rain
0.71,1.31,September,rain
0.71,1.29,September,rain
0.71,1.3,September,rain
0.71,1.27,September,rain
0.73,1.29,September,rain
0.77,1.35,September,rain
0.71,1.34,September,rain
0.76,1.36,September,rain
0.73,1.3,September,rain
0.73,1.34,September,rain
0.78,1.34,September,rain
0.72,1.26,September,rain
0.7,1.34,September,rain
0.72,1.29,September,rain
