d15N,d18O,month,rain
3.87,1.59,April,non_rain
4.2,3.13,April,non_rain
4.48,2.11,April,non_rain
2.32,2.49,April,non_rain
4.56,2.34,April,non_rain
5.29,1.96,April,non_rain
5.16,1.99,April,non_rain
12.37,1.23,April,non_rain
8.4,4.9,April,non_rain
6.75,1.97,April,non_rain
8.77,6.38,April,non_rain
6.9,1.1,April,non_rain
9.17,3.61,April,non_rain
6.52,2.88,April,non_rain
8.77,3.77,April,non_rain
8.74,2.49,April,non_rain
8.71,4.45,April,non_rain
5.41,2.25,April,non_rain
8.2,3.53,April,non_rain
8.59,3.51,April,non_rain
8.75,4.05,April,non_rain
7.48,1.74,April,non_rain
6.54,12.27,April,non_rain
7.52,3.73,April,non_rain
7.69,4.36,April,non_rain
8.29,2.86,April,non_rain
6.91,5.44,April,non_rain
8.3,3.67,April,non_rain
7.02,4.09,April,non_rain
9.19,2.41,April,non_rain
7.59,5.01,April,non_rain
9.95,3.7,April,non_rain
10.21,2.8,April,non_rain
7.58,4.32,April,non_rain
12.01,5.67,April,non_rain
8.58,4.87,April,non_rain
3.78,2.01,April,non_rain
4.27,2.37,April,non_rain
4.5,2.29,April,non_rain
2.41,2.35,April,non_rain
4.56,2.99,April,non_rain
5.95,2.46,April,non_rain
5.22,3.37,April,non_rain
9.08,4.62,April,non_rain
9.08,4.05,April,non_rain
7.47,1.41,April,non_rain
12.43,3.41,April,non_rain
6.71,1.62,April,non_rain
10.07,4.31,April,non_rain
6.86,2.61,April,non_rain
9.47,5.39,April,non_rain
11.14,1.94,April,non_rain
10.29,4.78,April,non_rain
5.64,1.22,April,non_rain
10.58,3.54,April,non_rain
8.69,2.75,April,non_rain
9.78,3.68,April,non_rain
13.1,1.02,April,non_rain
9.05,7.36,April,non_rain
8.14,7.11,April,non_rain
9.05,5.2,April,non_rain
8.6,4.27,April,non_rain
8.96,8.98,April,non_rain
10.22,3.58,April,non_rain
10.5,7.16,April,non_rain
14.01,3.85,April,non_rain
10.41,4.92,April,non_rain
9.1,6.2,April,non_rain
11.43,0.84,April,non_rain
10.5,5.06,April,non_rain
12.62,5.42,April,non_rain
10.89,4.53,April,non_rain
3.3,2.48,May,rain
3.52,3.04,May,rain
3.61,2.16,May,rain
1.81,2.22,May,rain
3.85,2.26,May,rain
4.38,2.24,May,rain
3.64,1.17,May,rain
8.39,1.86,May,rain
5.99,1.63,May,rain
6.11,1.21,May,rain
8.26,1.58,May,rain
6.84,2.23,May,rain
6.5,1.95,May,rain
5.18,2.31,May,rain
6,1.41,May,rain
7.27,1.99,May,rain
6.14,1.89,May,rain
5.11,2.8,May,rain
5.9,1.97,May,rain
6.79,2.69,May,rain
6.79,2.49,May,rain
5.7,-0.68,May,rain
6.38,2.35,May,rain
6.94,3.07,May,rain
6.37,2.46,May,rain
7.54,2.41,May,rain
6.09,2.36,May,rain
6.6,2.39,May,rain
5.52,2.68,May,rain
7.38,1.66,May,rain
6.05,2.9,May,rain
7.74,3.22,May,rain
8.07,2.42,May,rain
6.09,2.94,May,rain
7.3,3.37,May,rain
6.22,2.95,May,rain
11.48,-0.39,May,non_rain
6.27,2.06,May,non_rain
7.17,1.43,May,non_rain
-1.51,-4.58,May,non_rain
5.73,1.85,May,non_rain
5.15,1.12,May,non_rain
5.49,0.44,May,non_rain
9.11,7.68,May,non_rain
8.7,4.07,May,non_rain
10.93,1.68,May,non_rain
8.42,4.56,May,non_rain
5.75,1.47,May,non_rain
8.01,4,May,non_rain
8.84,2.7,May,non_rain
8.58,6.7,May,non_rain
7.21,4.17,May,non_rain
9.04,6.43,May,non_rain
8.87,1.45,May,non_rain
10.48,6.58,May,non_rain
8.19,3.22,May,non_rain
9.77,3.74,May,non_rain
20.17,-2.1,May,non_rain
8.17,6.16,May,non_rain
7.7,4.89,May,non_rain
8.69,5.16,May,non_rain
8.49,2.58,May,non_rain
9.24,6.7,May,non_rain
9.46,3.75,May,non_rain
10.51,9.89,May,non_rain
15.24,5.65,May,non_rain
12.19,9.81,May,non_rain
10.33,3.47,May,non_rain
10.06,1.24,May,non_rain
12.27,6.77,May,non_rain
7.56,1.72,May,non_rain
11.08,3.28,May,non_rain
3.98,-0.49,June,non_rain
7.05,2.16,June,non_rain
7.81,2.87,June,non_rain
7.62,0.31,June,non_rain
7.23,4.27,June,non_rain
5.52,-1.41,June,non_rain
7.76,2.1,June,non_rain
9.16,13.54,June,non_rain
9.05,7.58,June,non_rain
11.99,4.31,June,non_rain
5.98,9.96,June,non_rain
5.91,4.4,June,non_rain
7.97,6.34,June,non_rain
8.32,3.18,June,non_rain
8.88,7.56,June,non_rain
6.38,1.42,June,non_rain
9.25,5.33,June,non_rain
8.56,2.98,June,non_rain
10.05,6.47,June,non_rain
5.16,10.28,June,non_rain
9.02,2.76,June,non_rain
19.38,3.14,June,non_rain
8.26,5.61,June,non_rain
7.89,0.1,June,non_rain
8.49,5.03,June,non_rain
8.32,2.76,June,non_rain
7.37,8.71,June,non_rain
4.73,1.03,June,non_rain
11.11,8.88,June,non_rain
9.15,5.78,June,non_rain
11.59,8.86,June,non_rain
12.06,4.85,June,non_rain
9.63,2.5,June,non_rain
11.8,8.14,June,non_rain
8.84,3.22,June,non_rain
10.72,4.22,June,non_rain
6.12,1.97,June,non_rain
6.55,1.17,June,non_rain
7.43,2.73,June,non_rain
6.53,0.43,June,non_rain
7.01,3.91,June,non_rain
6.21,-0.51,June,non_rain
7.7,2.04,June,non_rain
10.48,12.49,June,non_rain
8.81,4.87,June,non_rain
10.86,1.1,June,non_rain
7.56,5.75,June,non_rain
8.78,2.46,June,non_rain
9.63,3.12,June,non_rain
5.39,-2.71,June,non_rain
9.68,3.41,June,non_rain
4.48,-3.74,June,non_rain
9.07,1.86,June,non_rain
8.57,2.31,June,non_rain
8.5,4.31,June,non_rain
7.82,2.5,June,non_rain
8.67,2.59,June,non_rain
17.45,3.43,June,non_rain
8.4,4.21,June,non_rain
6.67,-0.71,June,non_rain
8.73,3.22,June,non_rain
8.03,2.42,June,non_rain
8.59,5.72,June,non_rain
9.61,3.81,June,non_rain
7.91,4.46,June,non_rain
12.22,6.25,June,non_rain
8.25,3.45,June,non_rain
8.81,2.65,June,non_rain
7.21,-0.72,June,non_rain
7.76,2.06,June,non_rain
10.16,1.11,June,non_rain
9.77,3.2,June,non_rain
6.11,2.89,July,rain
3.81,2.95,July,rain
4.62,2.84,July,rain
6.03,1.99,July,rain
4.99,2.78,July,rain
6.02,1.75,July,rain
5.99,2.52,July,rain
11.9,5.72,July,rain
8.87,4.33,July,rain
7,0.8,July,rain
9.21,4.83,July,rain
6.29,2.6,July,rain
8.46,3.28,July,rain
9.51,-0.05,July,rain
8.83,2.51,July,rain
8.56,0.56,July,rain
8.73,2.43,July,rain
8.97,0.02,July,rain
8.94,2.55,July,rain
7.36,1.4,July,rain
8.72,1.45,July,rain
10.63,-0.49,July,rain
8.49,0.88,July,rain
8.81,2.57,July,rain
8.29,1.21,July,rain
9.08,1.4,July,rain
8.57,2.86,July,rain
9.38,3.81,July,rain
9.07,2.54,July,rain
13.35,3.66,July,rain
9.42,2.26,July,rain
9.68,2.73,July,rain
5.7,4.75,July,rain
9.36,2.82,July,rain
10.91,6.07,July,rain
9.63,2.47,July,rain
4.04,3.23,July,rain
4.16,3.24,July,rain
4.56,3.31,July,rain
3.74,3.08,July,rain
4.84,3.06,July,rain
5.85,3.45,July,rain
5.44,3.11,July,rain
6.88,4.84,July,rain
6.38,4.01,July,rain
5.6,3.19,July,rain
7.77,4.05,July,rain
5.33,2.58,July,rain
6.31,3.55,July,rain
6.58,3.86,July,rain
6.33,4.24,July,rain
7.76,3.75,July,rain
6.59,4.16,July,rain
5.72,3.28,July,rain
6.53,3.1,July,rain
7.25,2.84,July,rain
7.18,3.1,July,rain
7.13,2.15,July,rain
7.25,3.07,July,rain
6.62,3.69,July,rain
6.96,2.81,July,rain
7.96,2.08,July,rain
7.24,3.14,July,rain
7.14,3.58,July,rain
6.6,2.85,July,rain
8.79,2.52,July,rain
6.78,3,July,rain
9.19,3.3,July,rain
8.93,2.5,July,rain
6.89,2.83,July,rain
8.34,3.67,July,rain
7.51,2.96,July,rain
6.48,4.31,August,non_rain
7.12,2.07,August,non_rain
7.98,3.39,August,non_rain
7.23,2.39,August,non_rain
7.29,5.72,August,non_rain
6.94,4.21,August,non_rain
8.08,4.28,August,non_rain
11.84,8.41,August,non_rain
9.56,7.55,August,non_rain
9.84,3.75,August,non_rain
9.8,5.49,August,non_rain
7.64,3.6,August,non_rain
8.89,4.53,August,non_rain
8.78,3.66,August,non_rain
8.91,3.92,August,non_rain
8.86,3.47,August,non_rain
9.4,3.55,August,non_rain
10.18,2.07,August,non_rain
9.58,3.37,August,non_rain
9.19,3.42,August,non_rain
10.18,2.82,August,non_rain
18.36,-1.54,August,non_rain
9.26,2.59,August,non_rain
7.7,2.22,August,non_rain
8.88,3.25,August,non_rain
7.78,2.31,August,non_rain
10.16,5.48,August,non_rain
6.4,4.04,August,non_rain
8.77,4.63,August,non_rain
13.99,6.17,August,non_rain
9.02,4.45,August,non_rain
9.96,4.86,August,non_rain
10.63,2.47,August,non_rain
9.52,4.3,August,non_rain
9.29,4,August,non_rain
10.68,3.97,August,non_rain
7.02,1.72,August,non_rain
10.19,4.17,August,non_rain
9.24,4.72,August,non_rain
6.89,0.98,August,non_rain
9.21,2.58,August,non_rain
8.05,1.92,August,non_rain
9.14,2.24,August,non_rain
8.84,11.7,August,non_rain
9.59,7.67,August,non_rain
9.7,-0.45,August,non_rain
8.35,8.55,August,non_rain
7.25,2.76,August,non_rain
7.76,6.5,August,non_rain
7.51,2.52,August,non_rain
7.41,4.71,August,non_rain
7.64,5.69,August,non_rain
7.67,5.16,August,non_rain
8.68,2.03,August,non_rain
8.79,4.2,August,non_rain
11.42,2.79,August,non_rain
9.89,2.56,August,non_rain
17.27,2.92,August,non_rain
10.08,3.24,August,non_rain
7.85,3.26,August,non_rain
9.86,2.83,August,non_rain
9.98,3.92,August,non_rain
9.65,3.86,August,non_rain
10.56,3.04,August,non_rain
9.46,5.88,August,non_rain
13.92,6.38,August,non_rain
10.47,4.58,August,non_rain
10.58,2.88,August,non_rain
10.77,0.17,August,non_rain
10.85,4.29,August,non_rain
10.58,2.82,August,non_rain
11.38,3.18,August,non_rain
6.82,2.14,September,non_rain
9.64,5.64,September,non_rain
8.95,4.49,September,non_rain
6.06,1.17,September,non_rain
8.14,2.14,September,non_rain
8.14,2.48,September,non_rain
8.52,2.49,September,non_rain
11.91,12.7,September,non_rain
11.4,7.81,September,non_rain
10.39,2.93,September,non_rain
9.13,8.59,September,non_rain
9.24,4.13,September,non_rain
9.93,6.68,September,non_rain
9.4,4.03,September,non_rain
9.16,6.76,September,non_rain
9.92,5.32,September,non_rain
9.57,4.54,September,non_rain
8.37,2.06,September,non_rain
7.99,4.23,September,non_rain
10.21,3.52,September,non_rain
8.97,2.99,September,non_rain
14.28,2.68,September,non_rain
8.2,3.7,September,non_rain
8.46,3.57,September,non_rain
8.22,4.79,September,non_rain
9.67,4.28,September,non_rain
8.64,5.61,September,non_rain
10.41,3.55,September,non_rain
8.13,4.69,September,non_rain
10.73,5.16,September,non_rain
8.43,4.52,September,non_rain
13.02,4.28,September,non_rain
10.99,4.58,September,non_rain
8.61,4.58,September,non_rain
9.18,4.43,September,non_rain
11.63,3.26,September,non_rain
3.79,2.09,September,rain
4.98,1.2,September,rain
4.98,1.47,September,rain
2.75,2.54,September,rain
4.99,1.62,September,rain
5.13,1.68,September,rain
6.46,2,September,rain
9.15,2.52,September,rain
7.09,2.09,September,rain
5.73,1.39,September,rain
8.28,2.52,September,rain
8.29,1.39,September,rain
7.46,2.1,September,rain
4.81,2.5,September,rain
7.03,2.77,September,rain
6.74,2.6,September,rain
7.25,3.13,September,rain
2.63,0.05,September,rain
6.38,1.05,September,rain
6.1,-0.49,September,rain
6.17,-0.3,September,rain
7.52,-0.82,September,rain
6.29,-0.36,September,rain
4.39,0.76,September,rain
6.15,0.93,September,rain
7.27,0.54,September,rain
6.5,0.08,September,rain
6.02,0.03,September,rain
5.81,0,September,rain
8.5,-0.96,September,rain
6.14,-0.39,September,rain
9.78,0.77,September,rain
7.44,0.61,September,rain
6.43,0.53,September,rain
7.04,0.66,September,rain
6.43,0.03,September,rain
