site,yyyymm,pH,DO,BOD,COD,SS,T.N,T.P,TOC,Temp,EC,TC,DTN,NH3.N,NO3.N,DTP,PO4.P,Chl.a,FC,Rain
담양,Jan-17,8,13.4,2.2,3.6,11,4.469,0.285,2.2,6.3,359,956,4.37,0.416,3.104,0.257,0.257,10.6,221,51.16
담양,Feb-17,7.6,12.8,2.8,4.6,8.1,4.373,0.335,2.7,5.8,292,952,4.142,0.52,2.799,0.306,0.303,13.5,126,43.52
담양,Mar-17,8.1,12.9,2.7,5.1,9.1,3.661,0.319,3.1,13,278,1650,3.421,0.215,2.352,0.213,0.21,24.2,45,58.43
담양,Apr-17,7.8,11.8,3.6,7.4,14.9,3.761,0.302,4.5,16.8,259,27400,3.705,0.303,2.433,0.273,0.256,55.7,192,185.56
담양,May-17,7.6,12.1,1.6,4.3,9.2,2.366,0.08,2.9,18.6,157,4375,2.177,0.121,1.673,0.058,0.047,17.8,101,105.54
담양,Jun-17,7.7,11.6,1.6,4.6,6.5,2.723,0.079,2.9,22.9,200,3215,2.646,0.085,1.951,0.059,0.05,16.2,314,106.73
담양,Jul-17,7.5,8.7,1.6,6.8,10.7,3.415,0.15,3.6,26.4,244,6825,3.236,0.232,2.157,0.118,0.107,8.9,2185,287.76
담양,Aug-17,7.6,8.6,0.8,5.1,11.1,2.1,0.104,3.2,25.3,174,9475,1.988,0.094,1.342,0.087,0.078,8.4,5940,86.27
담양,Sep-17,7.3,9.2,0.7,3.6,6.3,2.232,0.068,2.2,23.2,224,5445,2.02,0.14,1.524,0.058,0.05,9.6,3190,243.14
담양,Oct-17,7.7,11.3,1.5,4.6,5.9,2.633,0.15,2.1,18.9,281,1073,2.576,0.073,1.855,0.124,0.105,37.4,670,207.29
담양,Nov-17,7.7,13.2,1.6,4.5,5.6,2.813,0.151,2.5,12.8,382,3313,2.751,0.086,2.003,0.117,0.112,35.7,175,32.43
담양,Dec-17,7.7,12.9,2.3,5.3,6,3.758,0.22,3.2,6.3,363,2518,3.659,0.117,2.507,0.2,0.192,24.2,339,45.34
담양,Jan-18,7.4,13.7,2.2,4.9,3.8,4.328,0.3,2.6,7.3,338,2250,3.923,0.13,3.071,0.269,0.244,30.1,445,13.64
담양,Feb-18,7.6,11.5,2.3,6.2,6.2,3.798,0.257,3.3,5.3,378,5235,3.751,0.144,2.844,0.228,0.246,33.5,279,43.76
담양,Mar-18,7.5,12.9,2.1,6.1,10.7,3.182,0.139,3.7,12.4,186,5055,3.158,0.107,2.393,0.115,0.105,27,458,7.99
담양,Apr-18,7.6,11.9,1.9,5.4,15.8,3.055,0.134,3,16.5,217,17825,2.978,0.149,2.133,0.108,0.097,20.9,6523,9.05
담양,May-18,7.6,11.4,1.2,4.6,9.6,3.278,0.097,3,21.3,202,27050,3.164,0.183,2.254,0.081,0.073,11.3,655,37.53
담양,Jun-18,7.3,10.4,0.8,4,5.8,2.146,0.075,2.8,22.4,187,5075,2.113,0.113,1.4,0.063,0.057,10.7,101,38.62
담양,Jul-18,7.1,10.7,0.9,4.9,12.8,2.424,0.121,3,24.7,177,12073,2.36,0.137,1.632,0.1,0.095,11.7,1103,217.9
담양,Aug-18,7,8.1,0.6,4,3.6,1.473,0.08,2.3,26.1,182,6150,1.439,0.087,0.968,0.065,0.058,8.8,1558,261.09
담양,Sep-18,7.1,8.7,0.6,3.5,3.1,2.861,0.084,1.9,22.9,199,5767,2.782,0.118,2.238,0.069,0.061,8.2,2467,109.23
담양,Oct-18,7.6,11.3,1,3.6,3.2,2.319,0.125,2.2,17.6,240,25800,2.2,0.089,1.535,0.112,0.105,8.7,7100,79.99
담양,Nov-18,7.6,14,1.3,3.7,2.2,2.584,0.124,2.3,12.3,257,12225,2.469,0.098,1.795,0.102,0.091,6.7,3753,3.01
담양,Dec-18,7.5,9.5,1.4,4,3.1,2.711,0.156,2.3,8.7,282,47175,2.626,0.152,1.845,0.131,0.121,11.1,326,30.54
담양,Jan-19,7.8,13.9,2.3,4.8,4.3,2.709,0.226,2.8,6.1,318,33410,2.646,0.109,1.948,0.192,0.185,14.4,98,39.2
담양,Feb-19,7.3,12.5,2.3,6.2,7.1,2.626,0.19,2.6,8.5,284,4610,2.54,0.123,1.751,0.161,0.139,16.7,143,24.71
담양,Mar-19,7.5,11.6,3.2,6.2,7,4.057,0.403,3.3,12.1,265,204175,3.827,0.221,2.611,0.347,0.327,29,523,113.55
담양,Apr-19,7.9,11.7,1.4,4.6,7.1,1.682,0.102,2.4,12.7,139,188446,1.601,0.179,0.967,0.08,0.068,8.9,842,126.33
담양,May-19,7.8,12.2,2.6,6.9,9.7,2.665,0.196,4,18.2,196,212375,2.522,0.328,1.548,0.149,0.143,8.6,13550,85.52
담양,Jun-19,7.4,9.5,0.9,4.9,6.3,2.105,0.096,2.8,19.8,169,16525,2.047,0.184,1.286,0.079,0.067,3.4,1435,212.38
담양,Jul-19,7.3,10.1,1.1,4.9,5.1,2.526,0.111,3,22.1,214,219450,2.396,0.315,1.501,0.102,0.09,5.5,24515,93.1
담양,Aug-19,7.3,9.1,1.1,4.2,3.9,3.003,0.123,3.2,25.6,223,150500,2.842,0.224,1.933,0.111,0.097,8,37710,382.73
담양,Sep-19,7.5,9.3,0.9,4.5,3.4,1.939,0.133,2.6,22.7,205,28075,1.832,0.131,1.379,0.122,0.101,4.2,4071,125.67
담양,Oct-19,7.4,12.5,0.8,3.7,2.8,2.511,0.083,2.1,17.9,222,255000,2.342,0.097,2.124,0.065,0.064,3.1,31455,128.67
담양,Nov-19,7.5,11.9,2.3,6.9,12.2,1.741,0.102,3.3,12.9,304,492500,1.607,0.174,1.061,0.077,0.063,9.1,158550,46.06
담양,Dec-19,7.9,15.3,1.9,4.5,5.9,2.107,0.08,3.3,8.6,281,160075,1.9,0.053,1.443,0.059,0.045,13.6,966,32.72
우치,Jan-17,7.4,11.6,1.5,4.3,4.2,2.898,0.079,3.3,3.8,327,2800,2.833,0.224,2.256,0.048,0.029,7.3,180,51.16
우치,Feb-17,7.8,12.5,1.8,4.5,5.6,2.929,0.086,3.5,4.8,307,1240,2.852,0.222,2.453,0.057,0.041,8.5,200,43.52
우치,Mar-17,7.7,13.6,4,6.6,13.4,2.255,0.091,5.8,10.1,366,1150,2.108,0.062,1.553,0.036,0.014,42.5,173,58.43
우치,Apr-17,8.5,11.4,5.9,11,18.1,1.422,0.109,7.8,15.9,329,8188,0.963,0.024,0.642,0.024,0.006,110.6,150,185.56
우치,May-17,7.8,10.9,5.8,13.4,21.2,1.626,0.138,9.1,20.6,364,610,1.282,0.124,0.471,0.034,0.01,71.4,56,105.54
우치,Jun-17,6.9,7.3,3.9,12.7,12.9,2.142,0.121,9.5,23.7,332,1158,2.047,0.286,0.919,0.058,0.026,32,285,106.73
우치,Jul-17,7.3,6.6,2.3,8.4,10.3,1.971,0.118,6.2,26.9,225,7050,1.907,0.162,1.289,0.072,0.047,14.1,1378,287.76
우치,Aug-17,7.3,7.5,2.5,7.1,21.5,1.404,0.112,5.3,26.5,183,15600,1.365,0.091,0.953,0.076,0.064,20.4,2218,86.27
우치,Sep-17,7.2,8.4,1.7,5.8,6.7,1.412,0.08,4.5,22.4,221,5300,1.384,0.038,0.977,0.054,0.041,10.7,1438,243.14
우치,Oct-17,7.8,11.6,1.6,5.5,3.7,1.813,0.071,4.2,17.2,346,2500,1.802,0.092,1.277,0.045,0.03,17.9,275,207.29
우치,Nov-17,7.9,11.9,4.1,7.3,9.9,1.917,0.07,6,8.8,493,895,1.722,0.192,1.106,0.02,0.006,77.5,73,32.43
우치,Dec-17,7.4,12.7,3.3,5.9,7.5,2.72,0.067,5,4.2,363,2075,2.606,0.269,2.049,0.018,0.005,49.1,558,45.34
우치,Jan-18,8,12.1,2.9,5.6,6.7,2.627,0.072,4.5,3.3,328,7000,2.487,0.246,1.844,0.027,0.012,34.1,574,13.64
우치,Feb-18,8.2,9.5,3.2,5.8,7.7,2.659,0.095,4.5,4,440,1068,2.564,0.075,1.887,0.033,0.012,46.8,361,43.76
우치,Mar-18,7.2,10.7,3.5,7.4,15.6,2.59,0.108,5.5,11,261,11450,2.482,0.202,1.681,0.051,0.028,34.2,1195,7.99
우치,Apr-18,7.6,9.8,2.5,6.6,9.2,2.231,0.094,5,15.6,272,4640,1.849,0.064,1.265,0.04,0.023,35.7,380,9.05
우치,May-18,7.4,9.2,2.7,7.2,11.6,2.233,0.131,5.9,20.2,253,6525,2.166,0.252,1.316,0.086,0.058,15.9,433,37.53
우치,Jun-18,7.1,6.9,2.9,10.8,8.7,1.858,0.115,8.5,24.7,255,2650,1.825,0.12,0.81,0.079,0.05,13.9,278,38.62
우치,Jul-18,7.5,8,3.6,9.6,13.8,1.626,0.125,6.8,27.3,276,5040,1.557,0.039,0.85,0.089,0.074,29.7,1000,217.9
우치,Aug-18,7.2,7.4,2.5,8.4,9.4,1.399,0.112,6.4,26.9,305,7125,1.358,0.028,0.83,0.077,0.05,17.8,1138,261.09
우치,Sep-18,7.5,9.7,2.1,5.3,7.4,1.922,0.082,4.5,23.1,182,8875,1.893,0.031,1.032,0.05,0.036,18.5,1570,109.23
우치,Oct-18,8,11.3,2,5.8,5.6,1.969,0.078,5.3,16.2,272,8820,1.926,0.032,1.503,0.045,0.03,13.8,1136,79.99
우치,Nov-18,7.5,10.4,1.8,5.8,5.5,2.035,0.088,5.8,11.2,305,5075,1.99,0.013,1.539,0.047,0.038,18.1,310,3.01
우치,Dec-18,7.7,13,1.8,4.3,4.5,2.509,0.071,4.9,5.9,319,4400,2.463,0.078,2.044,0.044,0.034,18.5,1098,30.54
우치,Jan-19,7.9,12.5,1.7,4.3,4.6,2.71,0.073,4.3,3.4,383,523,2.642,0.092,2.166,0.036,0.014,16.6,178,39.2
우치,Feb-19,7.9,13.1,2.8,6.6,8.5,2.502,0.1,5.6,4.7,333,1225,2.414,0.13,1.879,0.037,0.028,41.1,190,24.71
우치,Mar-19,8.4,12.5,4.4,9,17,1.753,0.17,7.3,9.5,337,2550,1.542,0.036,0.971,0.039,0.014,77,346,113.55
우치,Apr-19,8.2,10.6,4.3,9.5,13.5,1.404,0.161,7,15.1,315,2908,1.23,0.165,0.635,0.052,0.02,52.8,743,126.33
우치,May-19,8,8.2,3.7,8.9,16.3,1.501,0.156,6.9,19.7,278,7875,1.406,0.272,0.624,0.066,0.041,40.6,722,85.52
우치,Jun-19,6.9,8.6,3.5,9.8,10.5,1.82,0.144,7.9,23.2,252,2900,1.762,0.177,0.834,0.073,0.053,17,941,212.38
우치,Jul-19,7.2,7.7,2.6,7.5,10.5,1.856,0.102,6.5,25.5,216,17900,1.807,0.103,1.14,0.07,0.064,9.2,3196,93.1
우치,Aug-19,7,7.8,2.6,7.9,6.7,1.13,0.089,7,27.1,219,11975,1.016,0.039,0.648,0.051,0.04,20.6,1813,382.73
우치,Sep-19,7.2,8.2,1.6,5.7,4.2,1.729,0.077,4.4,23.2,236,9880,1.666,0.037,1.271,0.06,0.057,6.5,3226,125.67
우치,Oct-19,7.6,10.3,1.3,4.6,4.1,1.968,0.048,3.3,16.8,252,8325,1.944,0.031,1.658,0.033,0.024,10.1,2930,128.67
우치,Nov-19,7.8,9.6,3.4,7,11.4,1.974,0.077,6.5,12.6,318,6865,1.847,0.05,1.442,0.037,0.026,50.2,2230,46.06
우치,Dec-19,7.9,11.9,2.9,5.1,6,2.557,0.055,4.9,5.9,344,4600,2.49,0.077,2.116,0.034,0.025,28,1008,32.72
광주1,Jan-17,8,14.2,2.8,4.9,7.8,2.876,0.078,2.8,4.7,336,9450,2.706,0.255,1.754,0.05,0.039,9.2,2525,51.16
광주1,Feb-17,7.9,13.3,3.6,5.9,13.3,2.727,0.077,3.7,5.7,321,8640,2.56,0.168,1.592,0.035,0.018,22.8,2456,43.52
광주1,Mar-17,8.2,12.8,5.7,9.4,20.9,1.926,0.106,5.5,9.8,282,17300,1.713,0.087,0.845,0.05,0.036,120.6,1200,58.43
광주1,Apr-17,8.3,10.1,8.1,12.4,28.3,1.799,0.152,6.7,16.7,276,33500,1.366,0.172,0.425,0.071,0.046,117.7,8610,185.56
광주1,May-17,8,11.5,4.8,11.3,20.1,1.591,0.123,6.9,20.9,311,16725,1.494,0.283,0.315,0.073,0.038,32.8,748,105.54
광주1,Jun-17,8.1,10.4,5,12.3,19.1,2.192,0.102,6.9,24.3,245,30750,1.991,0.266,0.685,0.057,0.029,53.7,5750,106.73
광주1,Jul-17,7.9,6.9,3.1,9.1,13.7,2.301,0.156,5.1,27.3,217,70750,2.113,0.378,0.881,0.119,0.095,14.2,29465,287.76
광주1,Aug-17,7.7,7.9,2.9,8.4,30.7,1.697,0.138,4.4,27.3,161,266500,1.54,0.237,0.738,0.098,0.081,24.1,208250,86.27
광주1,Sep-17,8,9.3,1.9,6.7,15.3,1.082,0.079,3.8,24.4,188,25550,0.978,0.043,0.508,0.053,0.04,37.4,8435,243.14
광주1,Oct-17,8.3,10.5,3,6.2,7.8,1.412,0.067,3.3,19,281,8000,1.253,0.049,0.685,0.035,0.022,46.3,3725,207.29
광주1,Nov-17,8.2,13.5,4.6,7.5,9.3,2.115,0.103,4.1,11.2,339,36650,1.947,0.402,0.878,0.04,0.018,58.2,19525,32.43
광주1,Dec-17,7.9,13.4,4.1,7.4,8.4,2.832,0.11,4.4,5.2,376,62750,2.555,0.227,1.711,0.039,0.018,43.1,12425,45.34
광주1,Jan-18,7.9,14.8,4.6,7.3,10.7,2.902,0.092,3.8,4.7,355,71250,2.627,0.174,1.587,0.033,0.012,53.8,8600,13.64
광주1,Feb-18,8.2,11.2,3.6,7.4,9.3,2.453,0.073,3.6,4.3,354,16450,2.294,0.129,1.429,0.036,0.013,40.2,988,43.76
광주1,Mar-18,7.4,11.6,3.6,8.5,19.8,2.838,0.122,4.8,12,263,65250,2.684,0.329,1.589,0.052,0.03,49.9,5203,7.99
광주1,Apr-18,7.9,10.9,3.5,8.1,21.7,2.285,0.115,4.2,15.9,229,40500,2.063,0.126,1.145,0.057,0.032,55.6,9900,9.05
광주1,May-18,7.9,10.4,3.5,8.8,31.6,2.297,0.124,5.1,21.2,215,90000,2.218,0.191,1.017,0.078,0.059,51,1898,37.53
광주1,Jun-18,7.8,9.3,3.2,10.2,22.2,1.731,0.105,5.8,25.6,251,14400,1.602,0.118,0.563,0.05,0.027,66,1313,38.62
광주1,Jul-18,7.7,10.3,2.7,9.1,31,1.676,0.139,4.5,26.8,182,13850,1.547,0.067,0.807,0.09,0.073,55.9,3132,217.9
광주1,Aug-18,8,8.8,2.6,7.9,17,1.054,0.14,4.4,28.7,176,7000,0.928,0.047,0.425,0.103,0.078,47.4,6125,261.09
광주1,Sep-18,7.8,8.9,0.8,4.8,7.3,1.855,0.101,2.9,24.7,175,7800,1.816,0.061,1.185,0.071,0.05,35.9,2417,109.23
광주1,Oct-18,8,12.4,2.8,6,9.6,1.893,0.1,3.6,17.7,283,11720,1.783,0.082,1.048,0.064,0.032,42.7,3380,79.99
광주1,Nov-18,7.9,15,3.3,6.1,9.4,1.993,0.104,3.8,11.3,289,22875,1.87,0.078,1.134,0.05,0.02,47.5,3020,3.01
광주1,Dec-18,7.8,9.7,2.9,5.3,6.8,2.922,0.102,3,6.6,294,33175,2.673,0.191,1.659,0.059,0.038,29.1,3538,30.54
광주1,Jan-19,7.6,14.4,3,5.6,5.5,2.539,0.086,3.2,4.6,304,7800,2.334,0.1,1.646,0.04,0.021,28,1485,39.2
광주1,Feb-19,7.5,12.8,4.1,8.8,12.3,2.396,0.116,3.6,5.9,288,7800,2.283,0.087,1.46,0.04,0.012,57.7,550,24.71
광주1,Mar-19,8,12.6,6.1,10,20.7,2.158,0.145,5.4,8.8,256,30200,1.782,0.247,0.832,0.044,0.024,95.3,2410,113.55
광주1,Apr-19,8.1,10.8,6.1,10.6,17,2.63,0.153,5.5,15.2,275,83732,2.289,0.606,0.812,0.077,0.022,52.9,3567,126.33
광주1,May-19,8.3,10.8,4.7,10.5,23.7,1.827,0.144,5.5,19.6,240,8775,1.577,0.285,0.503,0.071,0.031,32,2975,85.52
광주1,Jun-19,7.8,8.4,3.3,10.3,13.3,2.04,0.095,6,23.6,207,13495,1.957,0.169,0.792,0.068,0.04,31.3,2265,212.38
광주1,Jul-19,7.9,9.6,2.6,9.2,16.5,2.075,0.12,5.2,24.4,196,23525,1.964,0.187,0.955,0.083,0.062,23.7,3400,93.1
광주1,Aug-19,8.3,9,2.9,8.8,31.2,1.685,0.144,5.5,27.5,188,106875,1.6,0.115,0.784,0.104,0.082,26.3,76490,382.73
광주1,Sep-19,7.8,9.4,1.2,6.7,5.9,1.805,0.117,3.6,23.8,202,13000,1.707,0.077,1.126,0.094,0.071,12,3120,125.67
광주1,Oct-19,8,12.7,1.6,5.6,7.2,2.095,0.078,3.3,18.8,209,12550,1.921,0.065,1.594,0.049,0.037,18.9,3005,128.67
광주1,Nov-19,7.9,11.2,2.9,8.5,18.3,2.508,0.118,4.3,13.3,256,170175,2.33,0.414,1.405,0.058,0.046,17.3,23885,46.06
광주1,Dec-19,8.5,17.7,5.9,9.5,22.5,2.439,0.133,4.3,6.5,305,17120,2.17,0.113,1.417,0.045,0.022,100.1,3041,32.72
광주2,Jan-17,7.6,12.4,4,7.1,5.1,9.673,0.14,4,8.1,468,40200,9.112,4.036,3.298,0.084,0.068,10.8,6250,49.9
광주2,Feb-17,7.5,11.9,4.5,7.8,7.9,11.091,0.164,5.2,9,443,109800,10.433,6.001,2.5,0.079,0.06,18,23280,45.2
광주2,Mar-17,7.6,11.5,6.9,10.9,14.4,9.863,0.197,6.3,12.6,458,30750,9.535,6.093,1.845,0.078,0.032,71.4,4595,55.2
광주2,Apr-17,7.6,10.3,7.1,11.6,17.2,7.39,0.115,6.4,17.8,379,82250,7.052,3.024,2.528,0.059,0.027,71.2,7925,185
광주2,May-17,7.6,9.6,4.9,11.1,11.7,10.628,0.153,6.9,22.2,494,38750,9.161,5.755,2.289,0.079,0.047,22.3,3825,104.5
광주2,Jun-17,7.9,11.5,7.6,13.6,17.7,7.221,0.113,7.4,24.7,352,42325,6.485,3.318,1.735,0.054,0.022,67.4,8450,116.1
광주2,Jul-17,7.6,7.1,5.3,9.6,14.1,4.371,0.175,5.2,27.1,269,78000,4.249,1.908,1.375,0.119,0.099,15.1,40250,301.4
광주2,Aug-17,7.5,8.1,4.5,9.6,30.3,5.23,0.223,4.9,27,210,263500,4.98,2.715,1.265,0.168,0.149,21.8,221750,81
광주2,Sep-17,7.3,7.5,3.7,7.5,13.6,5.886,0.128,4.1,24.3,361,144000,5.5,2.389,2.166,0.089,0.067,23.4,80350,251.3
광주2,Oct-17,7.4,9,4.7,7.5,7.2,6.957,0.094,3.8,20.5,414,31350,6.662,3.205,2.39,0.049,0.034,33.9,21775,216.7
광주2,Nov-17,7.5,10.9,5.4,8.7,8.3,8.074,0.089,5.3,13.8,479,4875,7.708,3.185,3.202,0.029,0.006,53.9,2440,31.5
광주2,Dec-17,7.7,12.3,8,10.2,16.9,7.947,0.119,5.7,8.2,512,56575,7.499,4.105,2.064,0.032,0.007,68.1,26600,44.9
광주2,Jan-18,7.5,13,7.3,10.5,18.3,10.486,0.136,5.5,8.4,485,95750,9.683,5.766,1.937,0.056,0.034,64,44950,11.7
광주2,Feb-18,7.8,13.7,5.9,10,11.2,11.501,0.106,5.6,9,448,69500,11.153,8.594,1.646,0.043,0.021,50.6,27585,41.9
광주2,Mar-18,7.2,11.3,8,12,25.7,8.14,0.191,6.1,13.3,337,290750,7.526,5.037,1.478,0.099,0.079,50.3,104635,7.8
광주2,Apr-18,7.5,10.8,7.4,9.9,22.1,7.026,0.166,4.8,16.5,326,230500,6.602,3.789,1.369,0.097,0.09,45.3,61650,8.9
광주2,May-18,7.7,11.1,9.1,9.8,22.7,5.548,0.236,5.4,21.2,309,64750,5.24,3.31,0.997,0.159,0.136,66.6,3225,28.1
광주2,Jun-18,7.3,9.8,5,9.7,14.7,5.33,0.114,5.6,25.8,303,11800,5.135,3.187,0.799,0.062,0.038,47.1,3300,42.1
광주2,Jul-18,7.3,8.2,8,10.2,21,6.915,0.208,4.8,26.8,321,243000,6.645,4.75,0.872,0.148,0.133,31.3,83251,211.7
광주2,Aug-18,7.6,8.8,6.6,10.2,18.3,7.542,0.187,5.3,29.3,357,146300,7.281,5.504,0.948,0.144,0.11,38.7,53150,273.8
광주2,Sep-18,7.3,7.8,4.1,6.2,10.4,5.072,0.166,3.6,24.7,262,54000,5.029,2.862,1.188,0.118,0.095,28.1,18267,108.8
광주2,Oct-18,7.4,11.4,5.1,7.1,9.8,7.143,0.192,4.2,18.9,393,26920,7.038,3.638,1.813,0.144,0.11,35.2,12300,85.4
광주2,Nov-18,7.7,9.6,7.9,8.4,10.3,9.608,0.255,5.1,14.7,442,82050,9.307,6.539,1.513,0.168,0.138,33.4,29550,2.1
광주2,Dec-18,7.6,8.2,7.2,9.1,12.9,11.538,0.344,5,9.4,449,248500,10.14,5.954,1.876,0.268,0.229,37.7,156925,28.5
광주2,Jan-19,7.3,12.4,6,8.1,9.7,9.384,0.122,5,8.6,474,15750,9.228,6.281,1.984,0.05,0.026,40.5,2750,38.8
광주2,Feb-19,7.3,11.8,7.7,11.3,19.2,11.656,0.142,5.6,8.8,458,23333,11.348,8.402,1.516,0.045,0.01,60.3,2000,22
광주2,Mar-19,7.6,10.8,10,12.7,19.7,10.815,0.164,6.2,12.9,385,60500,10.536,7.551,1.423,0.067,0.031,60.5,13575,115.8
광주2,Apr-19,7.5,9.5,8.8,11.7,17.1,9.274,0.172,5.8,15.6,398,99200,8.557,6.071,1.17,0.094,0.04,26.5,17900,127.4
광주2,May-19,7.5,9,8.2,10.4,15,7.874,0.114,5.5,19.9,379,46025,7.31,5.367,0.985,0.064,0.04,12.6,7250,85.4
광주2,Jun-19,7.6,8.9,8.9,11.4,13.1,6.385,0.112,6.1,24.1,335,24900,6.139,3.942,0.757,0.078,0.046,17.8,5950,222.4
광주2,Jul-19,7.4,8.1,7.8,10.6,15.4,5.356,0.194,6.1,25.6,272,106750,5.213,2.642,0.867,0.152,0.128,19.4,29400,84.5
광주2,Aug-19,7.6,8,7.6,9.6,22.7,6.017,0.194,6.6,27.5,315,204700,5.744,3.341,0.954,0.136,0.111,26.4,61250,397.1
광주2,Sep-19,7.4,9.2,5.7,7.4,10.1,5.499,0.13,4.1,24.3,280,45850,5.348,2.948,1.223,0.101,0.073,11.2,25050,129.7
광주2,Oct-19,7.4,11.4,5,6.8,12.1,5.346,0.071,3.5,19.6,292,12950,5.056,2.249,2.118,0.05,0.03,19.3,3600,125.2
광주2,Nov-19,7.4,9.8,9.8,12,19.6,9.085,0.266,5.3,15.4,398,247050,8.761,5.656,1.918,0.181,0.167,30.2,142775,47.2
광주2,Dec-19,7.7,13.8,8.6,11.5,23.3,7.204,0.148,5.3,10,414,110750,6.728,3.474,2.39,0.028,0.005,112.1,30925,32.4
광주2-1,Jan-17,7.5,12.8,3.2,7.2,5.7,9.09,0.146,4,7.8,465,10600,8.525,3.477,3.42,0.087,0.07,13.4,4825,49.9
광주2-1,Feb-17,7.4,11.3,4.6,7.9,10.3,11.508,0.247,5.5,8.8,456,162800,11.059,6.22,2.56,0.146,0.122,30.5,62000,45.2
광주2-1,Mar-17,7.6,10.9,6.8,12,18.9,11.999,0.269,7.3,12.3,453,232500,11.116,7.117,1.816,0.181,0.125,70.6,32050,55.2
광주2-1,Apr-17,7.9,12.3,7.8,12.2,18.2,9.085,0.207,6.8,18.7,404,235500,8.754,4.256,2.251,0.119,0.092,117.1,53500,185
광주2-1,May-17,8.3,14.2,7.6,14.3,18.8,10.442,0.203,8.3,24.3,477,7600,9.334,4.971,2.186,0.107,0.062,116.5,923,104.5
광주2-1,Jun-17,8.2,13,8.2,15.1,21,8.115,0.184,7.2,25.5,348,118975,7.463,3.81,1.792,0.098,0.066,105.3,16055,116.1
광주2-1,Jul-17,7.5,6.1,6.4,11,13.5,5.742,0.516,6.1,27.9,283,101000,5.491,2.923,1.238,0.403,0.364,19,47900,301.4
광주2-1,Aug-17,7.6,7.4,5.3,8,25.8,4.591,0.216,4.8,28.1,211,392500,4.24,2.064,1.127,0.156,0.134,45.9,294500,81
광주2-1,Sep-17,7.6,9.5,3.6,8.4,19.8,5.081,0.101,4.6,24.7,330,41375,4.773,1.734,1.963,0.055,0.038,70.3,35325,251.3
광주2-1,Oct-17,7.6,10.5,4.7,8.1,10.1,7.089,0.113,4.7,20.7,410,9700,6.858,2.235,2.601,0.056,0.021,70.4,4150,216.7
광주2-1,Nov-17,7.3,10.8,5.3,9.2,10.9,9.258,0.1,5.4,13.9,518,23350,9.001,3.908,3.606,0.036,0.01,68.4,7425,31.5
광주2-1,Dec-17,7.4,11.5,8.4,10.7,19.2,10.065,0.196,6.1,8.4,539,335750,9.53,5.974,2.222,0.059,0.032,57.5,207550,44.9
광주2-1,Jan-18,7.3,12.3,4.5,10.5,14.7,10.623,0.113,5.7,8.5,489,101000,10.071,5.629,2.585,0.045,0.016,66.1,22200,11.7
광주2-1,Feb-18,7.6,12.4,4.1,11.2,11.3,13.092,0.161,6,8.5,465,123500,12.628,9.924,1.76,0.084,0.057,41,54800,41.9
광주2-1,Mar-18,7,9.5,7,11.5,26.9,8.196,0.257,6.1,13.3,329,265250,7.764,5.222,1.448,0.121,0.107,41.1,52210,7.8
광주2-1,Apr-18,7.3,10.3,7.1,10.7,41.7,7.347,0.162,4.8,16.4,336,184000,7.112,4.216,1.451,0.077,0.051,47.5,54200,8.9
광주2-1,May-18,7.4,11.6,6.2,9.2,33.8,5.893,0.132,4.8,21.4,334,107000,5.383,3.525,1.125,0.062,0.043,61.8,39025,28.1
광주2-1,Jun-18,7.3,11.5,4.5,10,26.2,7.381,0.153,5.7,25.7,342,17700,7.129,4.754,0.989,0.074,0.053,52.7,4300,42.1
광주2-1,Jul-18,7.1,9,5.6,9.3,24.9,7.084,0.172,5.2,26.5,320,53250,6.919,4.855,0.977,0.106,0.091,41.7,26506,211.7
광주2-1,Aug-18,7.6,9.9,5.6,10.2,23.1,7.556,0.181,5.2,29.1,351,102000,7.201,5.148,1.004,0.133,0.094,59.4,54650,273.8
광주2-1,Sep-18,7.2,8.6,2.1,5.9,13.1,3.956,0.148,3.4,24.8,253,24667,3.868,1.887,1.241,0.101,0.08,41.4,16133,108.8
광주2-1,Oct-18,7.3,11.3,4.7,7.3,10.3,7.284,0.176,4.3,18.6,397,28586,7.207,3.738,1.873,0.123,0.097,36.2,12540,85.4
광주2-1,Nov-18,7.5,10.4,7.1,8,11.4,8.897,0.233,5.6,14.1,433,62600,8.431,5.302,1.598,0.143,0.093,59.2,24463,2.1
광주2-1,Dec-18,7.3,8.2,5.5,7.5,9.9,10.973,0.122,4.8,9.5,485,141350,10.121,5.465,2.56,0.058,0.03,45,21413,28.5
광주2-1,Jan-19,7.3,12.7,5.5,7.2,9,9.617,0.102,5.3,8.5,496,5875,9.385,5.488,2.556,0.046,0.016,59.1,825,38.8
광주2-1,Feb-19,7,11.8,6.3,10.1,15.1,11.121,0.127,5.2,8.8,473,13800,10.602,7.307,1.87,0.045,0.009,81.4,1507,22
광주2-1,Mar-19,7.4,10,7.6,12,16.6,12.329,0.345,6.6,12.8,398,200550,10.789,7.752,1.453,0.194,0.164,60,35595,115.8
광주2-1,Apr-19,7.3,9.1,7,11.5,15.1,11.365,0.301,6.1,15.4,434,185920,10.666,7.563,1.439,0.192,0.132,16.7,66676,127.4
광주2-1,May-19,7.4,8.9,6.3,10.3,11.9,8.55,0.208,5.8,19.7,387,53350,8.113,5.852,1.049,0.137,0.115,12.6,19285,85.4
광주2-1,Jun-19,7.5,8.4,7,11.7,11.7,9.042,0.243,6.4,23.6,377,62650,8.266,5.68,0.662,0.159,0.112,22.6,29350,222.4
광주2-1,Jul-19,7.1,7,5.8,9.7,16.6,6.302,0.175,5.1,25.1,264,154600,5.895,3.53,0.976,0.13,0.111,17.6,40450,84.5
광주2-1,Aug-19,7.2,7.4,5.3,8.7,13.7,6.871,0.137,5.5,27.4,321,82190,6.629,3.824,1.059,0.091,0.066,32.6,58160,397.1
광주2-1,Sep-19,7.2,7.8,4.3,7.6,8.4,6.367,0.179,4.3,23.9,294,202500,6.274,3.518,1.276,0.138,0.106,14,98150,129.7
광주2-1,Oct-19,7.3,10.7,2.8,6.7,7.2,6.96,0.072,3.9,19.2,318,18350,6.453,2.819,2.6,0.048,0.027,20.4,4000,125.2
광주2-1,Nov-19,7.3,10.3,6.4,10.2,16.3,9.148,0.146,5,15,423,31300,8.142,4.589,2.161,0.097,0.083,31,12375,47.2
광주2-1,Dec-19,7.3,12.7,7.6,11,18.6,9.071,0.321,5,10.3,452,200900,7.789,4.343,2.857,0.218,0.197,86.5,101915,32.4
광산,Jan-17,7,13.1,4,7.2,9,6.447,0.114,5.7,6.1,432,1576,6.204,1.892,3.456,0.04,0.019,42.9,54,49.9
광산,Feb-17,7.2,13.8,5.5,9.1,14.7,7.673,0.154,7.8,7,473,3070,7.148,3.512,2.966,0.043,0.02,69.3,81,45.2
광산,Mar-17,7.5,14.8,6.8,12.4,16,8.267,0.121,8.8,11.1,428,5275,7.898,4.164,2.628,0.039,0.018,101.4,70,55.2
광산,Apr-17,6.8,10.5,7.3,11.7,9.9,6.152,0.159,8.7,16.6,369,2800,5.469,3.048,1.865,0.084,0.044,34.2,163,185
광산,May-17,7.2,8.6,5.9,12.6,11,7.44,0.133,9,21.6,445,220,7.196,3.606,2.267,0.069,0.038,35.2,81,104.5
광산,Jun-17,7.1,8,6.9,14.1,13.7,4.55,0.106,10.3,24.1,351,100,4.304,1.528,1.832,0.039,0.006,55.3,52,116.1
광산,Jul-17,6.4,4.6,3.9,9.1,10.3,3.847,0.176,7.4,27.2,274,9775,3.699,1.711,1.475,0.123,0.101,20.5,2865,301.4
광산,Aug-17,6.6,3.3,3.8,8.8,13.7,4.244,0.181,6.8,27.5,262,23500,4.157,2.362,1.256,0.121,0.104,13.9,11600,81
광산,Sep-17,7,8.4,3.7,7.9,10.5,3.163,0.105,5.9,23.7,272,10475,2.924,0.858,1.586,0.053,0.039,38.9,3185,251.3
광산,Oct-17,7.1,8.4,4.9,8.3,10.1,5.166,0.091,6.6,18.9,388,2075,4.915,1.926,2.243,0.049,0.031,48.9,630,216.7
광산,Nov-17,7.6,12.3,5.3,9.8,13.7,6.34,0.087,7.4,12.1,480,1311,6.181,2.229,3.181,0.034,0.008,48.1,172,31.5
광산,Dec-17,7.8,12.2,5.4,9.2,17.3,7.16,0.117,7.6,7.4,559,12125,6.807,3.507,2.728,0.028,0.007,40.7,1225,44.9
광산,Jan-18,7.2,13.5,6.4,11.6,13,8.883,0.125,8.6,5.8,561,3820,8.268,5.352,2.32,0.036,0.013,56.5,176,11.7
광산,Feb-18,7.5,13.3,6.1,11.8,14.1,11.563,0.177,8.9,6.5,548,1115,11.221,8.907,1.727,0.054,0.023,70,144,41.9
광산,Mar-18,7.3,7.8,6,11.1,25.3,7.031,0.199,8.7,11.7,386,13450,6.549,4.46,1.53,0.074,0.034,41.9,3100,7.8
광산,Apr-18,7.4,8.2,5.7,10.9,47.7,6.849,0.203,8.2,16.6,364,59600,6.608,3.832,1.667,0.061,0.043,41.4,13833,8.9
광산,May-18,7.5,8.3,6.2,10.7,36.6,4.675,0.183,8.1,21.5,306,78500,4.447,2.27,1.205,0.079,0.048,47.7,20125,28.1
광산,Jun-18,7.6,7.7,6.6,11.6,24.4,5.959,0.128,8.9,26,382,7450,5.763,3.329,1.406,0.054,0.026,50,1975,42.1
광산,Jul-18,8,9.2,7,12.5,43.6,5.545,0.214,9,28.7,323,67760,5.254,2.853,1.805,0.111,0.096,70.5,14806,211.7
광산,Aug-18,8,9.7,6.7,12.9,23.2,5.043,0.227,8.9,29.5,343,32800,4.826,2.788,1.369,0.125,0.09,80.1,10315,273.8
광산,Sep-18,7.3,6.9,4.8,8.7,10.3,4.876,0.19,6.7,24.5,294,100750,4.523,2.516,1.399,0.126,0.108,28.5,57875,108.8
광산,Oct-18,7.3,8.7,4.9,7.9,9.5,4.942,0.158,7.4,18.4,336,29620,4.837,2.397,2.12,0.091,0.07,33.8,9980,85.4
광산,Nov-18,7.8,9.7,5.1,9.7,10.6,5.688,0.209,8.6,13.4,415,41175,5.125,2.488,2.168,0.082,0.066,56.9,22395,2.1
광산,Dec-18,7.9,11.7,4,8.4,9.5,6.668,0.14,8.1,8.4,466,16975,6.395,2.556,3.237,0.052,0.038,62.2,3690,28.5
광산,Jan-19,7.8,12.5,4.7,9,10.1,9.198,0.154,8,6.7,485,730,8.831,3.972,3.67,0.066,0.024,42,34,38.8
광산,Feb-19,7.8,12.4,6.6,14.1,19.1,7.597,0.195,10.5,7.5,434,8225,7.103,3.777,2.891,0.048,0.018,115.2,1183,22
광산,Mar-19,7.8,10.4,6,12.5,12.2,8.271,0.194,9,12,454,22600,8.2,5.145,2.648,0.079,0.027,66.7,1783,115.8
광산,Apr-19,8.3,9,6,12.9,29.8,6.569,0.358,9.1,15.3,374,78900,6.214,3.919,1.851,0.159,0.098,44.2,14434,127.4
광산,May-19,7.6,8.1,4.8,10.3,13.3,5.09,0.197,7.7,20.6,349,63025,4.959,2.642,1.92,0.078,0.045,49.6,19518,85.4
광산,Jun-19,7.9,6.5,6.4,13.5,14.3,4.433,0.2,9.2,24.4,325,19025,4.37,2.53,1.713,0.069,0.037,63.8,2370,222.4
광산,Jul-19,7.7,5.7,4.1,10.2,14.9,4.12,0.163,9.3,26.1,257,54880,4.002,1.928,1.657,0.093,0.079,29.9,25288,84.5
광산,Aug-19,7.6,7.6,4,10,19.7,3.918,0.181,8.6,28.1,273,54900,3.744,1.575,1.959,0.09,0.063,52.4,23030,397.1
광산,Sep-19,7.4,7.8,3.8,7.1,8.8,3.411,0.129,4.9,24.5,243,51880,3.275,1.138,1.676,0.085,0.073,28.4,16658,129.7
광산,Oct-19,7.8,10.2,3.9,6.5,10.3,4.156,0.063,5.2,19.6,291,3250,4.07,1.075,2.453,0.028,0.016,46.8,883,125.2
광산,Nov-19,7.7,10.3,5,8.5,8.7,6.361,0.086,7.7,14.9,419,2155,5.996,2.714,2.643,0.068,0.053,52,300,47.2
광산,Dec-19,7.7,13.1,6.1,10.5,14,7.155,0.116,8.5,9,480,14225,6.819,2.998,3.194,0.052,0.032,70.3,3168,32.4
나주,Jan-17,7.8,14.4,4.1,6.9,8.5,5.527,0.115,5.3,5.3,363,800,5.264,1.166,3.229,0.04,0.021,68.6,55,52.25
나주,Feb-17,8.1,12.1,5.8,8.8,13.9,6.399,0.142,6.9,6.4,427,1950,6.12,2.049,3.482,0.033,0.015,97,66,46.2
나주,Mar-17,8.2,10.4,7.1,10,12.7,6.833,0.122,7.4,10.2,401,715,6.404,2.948,2.548,0.03,0.01,99.1,190,63.29
나주,Apr-17,7.9,11.7,7.1,10.2,9.4,5.17,0.149,7.5,18.3,293,225,4.748,1.971,1.983,0.069,0.034,92.7,27,194.09
나주,May-17,7.8,12,7.1,13.5,11.9,6.118,0.137,8.6,23.2,417,146,5.724,2.333,2.262,0.076,0.053,57.5,34,111.87
나주,Jun-17,7.9,11.3,7.6,15.1,14.1,4.408,0.105,10.9,25.5,368,77,4.09,1.263,1.849,0.041,0.018,67.3,14,122.81
나주,Jul-17,7.5,6.8,3.9,9.1,12.2,2.964,0.165,6.7,27,194,10805,2.944,0.959,1.476,0.115,0.098,21.8,1182,277.39
나주,Aug-17,7.4,8.2,3.3,8.4,12.7,3.362,0.147,6.2,28.5,250,22956,3.265,1.427,1.351,0.099,0.084,40.5,6676,70.98
나주,Sep-17,7.7,11.6,4.7,7.9,10.6,2.674,0.089,6.1,24.2,236,8550,2.588,0.46,1.253,0.049,0.037,65.3,1675,244.67
나주,Oct-17,7.2,9.2,4.2,7.2,7.5,4.097,0.078,5.1,19.6,397,1010,4.006,1.08,2.277,0.037,0.025,49.6,340,211.61
나주,Nov-17,6.9,12.7,5,8.7,13.2,5.516,0.086,6.7,11.9,410,165,5.188,1.439,3.104,0.038,0.016,84.2,50,43.56
나주,Dec-17,7.5,12.6,5.9,10.2,17.3,7.135,0.147,7.9,6.4,486,17300,6.609,3.026,2.654,0.037,0.019,71.8,4370,46.98
나주,Jan-18,8,15,6.9,11.5,15,7.06,0.134,8.4,5.4,500,2160,6.583,3.091,2.672,0.036,0.018,115.6,53,11.78
나주,Feb-18,7.7,14,6.9,12.5,16.9,9.613,0.169,9.4,5.3,507,810,9.317,6.366,2.23,0.046,0.019,132.4,11,39.45
나주,Mar-18,7.4,12,5.9,10.7,25.5,5.919,0.193,7.7,11.2,342,8200,5.709,2.933,1.896,0.087,0.05,59.4,1060,6.95
나주,Apr-18,7.1,11.5,4.8,8.3,19,5.105,0.128,6.3,17.3,346,7992,4.877,2.179,1.876,0.043,0.03,71.6,1324,8.35
나주,May-18,7,8.7,4.8,9.9,19.6,3.761,0.147,6.6,20.6,277,32175,3.627,1.383,1.464,0.066,0.037,78.2,5750,31.2
나주,Jun-18,8,10.9,8.1,15.3,16.8,4.245,0.125,10,26.6,357,311,3.871,1.3,1.556,0.046,0.024,124.8,162,91.8
나주,Jul-18,7.7,8.8,7.3,12.4,16,4.454,0.156,8.2,29.9,341,2553,4.182,1.672,1.241,0.081,0.056,94.2,900,181.31
나주,Aug-18,7.9,10.7,6.4,13.2,33.8,3.563,0.181,8.9,29.2,283,17527,3.432,1.264,1.175,0.103,0.063,61.4,4203,269.74
나주,Sep-18,7.6,10.2,4.2,8,10.8,3.203,0.106,5.5,23.9,249,9400,3.189,0.576,1.239,0.064,0.052,56.1,5490,114.74
나주,Oct-18,7.8,10,4,7.4,9.9,3.558,0.145,6.3,18.4,286,21240,3.484,0.755,2.363,0.068,0.056,50.9,5044,66.5
나주,Nov-18,7.7,13,5.6,8.3,14.6,4.909,0.166,7.2,12.5,343,23775,4.746,1.756,2.389,0.051,0.04,56.3,4638,1.95
나주,Dec-18,7.7,12.5,4.4,8.7,21.3,5.626,0.135,7.2,7,420,9150,5.369,1.513,3.289,0.05,0.04,65.6,1088,28.24
나주,Jan-19,8,14.6,4.2,9.2,14.2,7.469,0.126,7.4,5,433,380,7.284,2.345,4.093,0.047,0.021,61.7,75,39.56
나주,Feb-19,8.5,13.7,6.4,13.6,21.8,6.43,0.174,10.1,6.9,398,5130,6.007,2.569,2.918,0.055,0.033,106.7,259,23.82
나주,Mar-19,8,11.2,5.6,12.3,25.8,5.814,0.183,8.7,11.2,376,2975,5.652,2.738,2.483,0.069,0.029,76.2,275,121.73
나주,Apr-19,7.8,9.5,4.4,9.4,14.1,5.298,0.194,7.1,14.8,383,18720,5.078,2.896,1.781,0.073,0.03,46.9,3083,125.89
나주,May-19,7.6,9,5.8,13.2,12.9,3.962,0.184,8.9,19.9,340,25770,3.803,1.938,1.505,0.078,0.041,56.3,5608,84.73
나주,Jun-19,7.5,8.1,5.9,12.5,14.6,3.317,0.15,8.1,23.3,307,4570,3.193,1.516,1.608,0.051,0.025,70.8,640,218.99
나주,Jul-19,7.4,8.2,3.5,8.3,12.8,2.78,0.124,6.4,25.5,202,18558,2.628,0.751,1.53,0.071,0.067,24.7,4980,84.34
나주,Aug-19,7.6,8.4,3.8,13.1,31,3.215,0.16,9.5,26.6,284,33395,3.036,1.074,1.687,0.075,0.056,63.6,5800,368.08
나주,Sep-19,7.4,9.4,4.2,6.9,9.2,3.222,0.128,5.3,23.1,238,19780,3.054,0.811,1.74,0.066,0.053,42.4,7220,134.11
나주,Oct-19,7.8,11.2,4,6.9,10.6,3.441,0.075,4.9,18.1,279,5400,3.351,0.551,2.299,0.042,0.03,49.4,1565,141.61
나주,Nov-19,7.6,11.2,4.8,7.6,7.8,5.353,0.08,6.5,12.8,399,1365,5.199,1.583,2.925,0.048,0.029,41.4,585,44.62
나주,Dec-19,8.1,12.9,6.2,10.2,16,6.336,0.095,7.7,8.3,432,3250,6.143,2.046,3.468,0.032,0.012,70.7,845,33.4
영산포,Jan-17,8,15.3,4.5,7.4,12.9,5.143,0.077,4.2,6.4,380,1725,4.82,0.819,2.923,0.03,0.018,64,175,52.25
영산포,Feb-17,8.3,15.1,4.9,8.6,15.7,7.245,0.087,5.3,6.4,389,408,6.718,1.707,3.334,0.021,0.005,128.3,121,46.2
영산포,Mar-17,7.9,13.1,5,8.5,11.4,6.284,0.157,5.2,10.4,391,438,5.877,2.112,2.348,0.048,0.027,65.2,71,63.29
영산포,Apr-17,7.8,11.1,5.5,8.4,8.4,5.551,0.102,5.8,17.4,344,580,5.386,2.079,1.812,0.057,0.029,62,85,194.09
영산포,May-17,8.3,12,4.1,11.5,10.5,5.377,0.081,7.1,24,409,1115,5.226,1.613,1.92,0.051,0.018,38.9,60,111.87
영산포,Jun-17,8.3,12.4,5.8,15.8,31.9,4.768,0.125,7,26,336,1560,4.265,1.293,1.568,0.059,0.025,60.7,380,122.81
영산포,Jul-17,7.9,7.7,4.1,10.6,12.6,3.857,0.186,5.7,28.4,228,3470,3.554,1.285,1.25,0.13,0.106,64.2,1170,277.39
영산포,Aug-17,8.2,9.5,5.2,9.8,23.5,3.293,0.172,4.9,29,232,12600,2.904,1.142,0.979,0.101,0.083,77.1,9458,70.98
영산포,Sep-17,7.9,9,2.1,7.3,19,2.645,0.101,4.3,24.9,223,1065,2.327,0.312,1.346,0.063,0.051,43.8,580,244.67
영산포,Oct-17,7.8,10.4,3.4,6.8,12.2,3.789,0.083,3.7,20,301,1183,3.609,0.582,1.906,0.038,0.024,45.3,918,211.61
영산포,Nov-17,7.5,11,3,7.7,10.7,5.276,0.066,4.2,12.7,448,908,5.101,1.108,2.876,0.029,0.007,51.9,664,43.56
영산포,Dec-17,7.8,14.5,5.4,9.3,16.8,7.247,0.09,5.2,6,525,1375,6.754,2.014,3.593,0.028,0.003,103,486,46.98
영산포,Jan-18,8.2,14.9,5.8,11,18.8,7.636,0.122,5.6,5.6,437,1130,7.416,2.905,2.59,0.044,0.021,129.5,120,11.78
영산포,Feb-18,8.3,16.1,4.6,9.7,13.7,9.432,0.089,5.1,5.5,447,835,9.12,5.143,2.478,0.037,0.008,64.8,420,39.45
영산포,Mar-18,7.6,13.1,5.4,10.4,24.8,6.634,0.15,5.2,13.1,320,5850,6.483,3.393,2.069,0.072,0.044,60.9,1004,6.95
영산포,Apr-18,7.7,11.4,5.1,8.9,28.1,5.022,0.121,4.5,17.4,290,22550,4.76,1.958,1.719,0.054,0.032,52.1,4505,8.35
영산포,May-18,7.6,13.4,5.2,9.1,20.1,3.941,0.127,5.3,21.7,270,6450,3.718,1.492,1.286,0.063,0.039,97.8,1005,31.2
영산포,Jun-18,7.7,12.4,5.7,11.9,21,4.233,0.153,5,26.7,288,1259,3.935,1.245,1.28,0.071,0.042,68.5,38,91.8
영산포,Jul-18,7.8,10.2,6.4,11.6,38.7,3.507,0.231,5.7,28.5,237,5804,3.236,0.677,1.352,0.092,0.071,134.5,1958,181.31
영산포,Aug-18,7.6,7.6,3.3,10.6,30.9,3.16,0.191,5.1,29.2,238,3915,3.069,1.167,1.043,0.138,0.106,63.7,2243,269.74
영산포,Sep-18,7.5,9.9,3,8.1,13.9,2.85,0.157,3.5,25.1,186,5867,2.62,0.412,1.476,0.084,0.062,88.1,3767,114.74
영산포,Oct-18,7.9,13.8,3.7,7.2,18.8,3.803,0.103,4.5,18.6,296,5700,3.639,0.413,2.232,0.052,0.051,98.4,3020,66.5
영산포,Nov-18,7.8,12.7,3.6,7,15.8,3.104,0.097,4.3,14.5,319,2963,2.968,0.726,1.62,0.048,0.019,56.1,571,1.95
영산포,Dec-18,7.7,9.1,4,6.9,18,4.143,0.089,3.9,8.3,342,5450,3.659,0.972,1.932,0.038,0.01,78.9,524,28.24
영산포,Jan-19,7.6,14.3,4.9,8.1,18.2,6.652,0.102,4.7,6.6,439,198,6.468,1.972,3.596,0.04,0.015,63.6,39,39.56
영산포,Feb-19,7.9,13.4,5.9,11.1,20.9,6.452,0.141,6.1,6.6,374,1400,5.73,1.705,2.545,0.038,0.005,157.7,108,23.82
영산포,Mar-19,7.9,14,6.1,9.5,34.7,6.849,0.135,5.6,11,339,1225,6.286,2.693,2.302,0.041,0.014,93.2,236,121.73
영산포,Apr-19,8,12.2,4.9,9.7,9.8,5.548,0.117,5.3,15.7,345,378,5.23,1.977,1.802,0.062,0.021,36.9,57,125.89
영산포,May-19,8.2,10.3,5.8,10.6,11.1,4.361,0.142,5.6,21.4,316,272,4.035,1.961,1.097,0.085,0.057,24.3,290,84.73
영산포,Jun-19,8.6,12.1,5.2,13.2,15,3.695,0.122,6.7,25.5,233,197,3.375,1.014,1.09,0.063,0.029,40.7,32,218.99
영산포,Jul-19,7.7,9.2,4.7,11.5,21,3.051,0.226,7.1,25.7,190,5566,2.612,0.541,1.171,0.119,0.091,27.4,2098,84.34
영산포,Aug-19,8.1,9.7,4.6,9.7,19.3,3.027,0.15,6.4,29.3,198,344,2.913,0.53,1.233,0.103,0.075,27.9,133,368.08
영산포,Sep-19,7.7,10.6,3.2,8.1,13.6,2.776,0.152,4,24.4,188,1469,2.638,0.363,1.537,0.106,0.076,49.2,797,134.11
영산포,Oct-19,7.9,13.1,1.7,6.3,9.2,3.313,0.063,3.3,19.2,228,1688,3.175,0.39,2.351,0.041,0.027,24.4,870,141.61
영산포,Nov-19,8,12.9,3.5,8.5,11.5,5.21,0.068,4.1,14.9,365,788,4.717,1.118,2.881,0.029,0.011,36.9,445,44.62
영산포,Dec-19,7.5,13.5,2.8,7.1,7.3,6.414,0.102,4.1,7.8,433,3990,6.092,2.181,3.199,0.073,0.051,21.3,1870,33.4
죽산,Jan-17,7.3,13.5,3.9,7.8,12.6,4.934,0.104,5.7,5.1,360,126,4.219,0.777,2.975,0.039,0.017,70.6,20,52.25
죽산,Feb-17,7.7,15.4,6.3,10.9,21.5,6.062,0.111,7.6,5.3,424,350,5.467,1.212,3.736,0.023,0.012,98.2,3,46.2
죽산,Mar-17,7.7,13.5,4.9,9.2,11.2,5.89,0.092,6.6,9.2,382,230,5.433,1.932,2.653,0.035,0.017,31,5,63.29
죽산,Apr-17,7.1,10.9,5.2,9.2,8.7,5.514,0.094,7,15.5,358,48,5.197,2.329,2.183,0.049,0.016,61.1,2,194.09
죽산,May-17,7.4,9.4,3.5,10.4,7.1,4.829,0.07,7.5,20.7,379,93,4.746,1.515,2.08,0.039,0.02,20.2,1,111.87
죽산,Jun-17,7.4,8.3,5.9,14.8,12.9,3.992,0.079,10.4,24.2,374,6,3.686,1.02,1.777,0.035,0.007,34,1,122.81
죽산,Jul-17,6.7,5.5,3.1,8.9,11.6,3.294,0.145,7,27.1,251,386,3.188,1.163,1.576,0.1,0.079,14.4,143,277.39
죽산,Aug-17,7,7.3,4.3,10.2,16.3,2.368,0.134,7.6,27.8,203,23002,2.212,0.517,1.203,0.082,0.065,21,1197,70.98
죽산,Sep-17,7.4,10.3,4.9,10.1,19.9,2.228,0.147,6.4,23.9,189,8403,1.984,0.12,1.342,0.062,0.046,50,219,244.67
죽산,Oct-17,7.2,8.7,3.8,7.3,13.7,3.108,0.081,5.6,18.9,283,315,2.997,0.677,1.814,0.045,0.015,35.1,35,211.61
죽산,Nov-17,7.5,10,3.6,8.3,14.4,4.797,0.093,6.5,11.8,405,155,4.55,1.147,2.733,0.048,0.019,16.5,17,43.56
죽산,Dec-17,7.6,13.1,4.1,8.4,11.4,6.218,0.077,6.3,5.4,531,108,5.983,1.854,3.081,0.027,0.01,27.6,26,46.98
죽산,Jan-18,8.1,15.1,6.5,11.8,19.2,6.771,0.137,9,4.3,490,292,6.323,2.66,2.815,0.037,0.021,102.7,9,11.78
죽산,Feb-18,8.5,15,5.5,10.3,12.4,7.686,0.111,7.7,4.2,489,41,7.428,4.539,2.445,0.044,0.015,48.3,6,39.45
죽산,Mar-18,7.6,9.9,5,9.8,27.3,6.632,0.152,7.3,11,409,5000,6.493,3.478,2.175,0.085,0.038,24.7,634,6.95
죽산,Apr-18,8.2,10.6,4.8,8.6,18.6,4.52,0.1,6.3,16.4,282,930,4.118,1.629,2.177,0.034,0.023,53.3,166,8.35
죽산,May-18,7.7,7.6,5.2,9.6,18,3.909,0.104,7,20.8,297,905,3.739,1.546,1.45,0.047,0.026,59.7,173,31.2
죽산,Jun-18,7.9,5.1,4,11.8,10.4,3.897,0.085,8.6,25.4,339,9,3.78,1.318,1.337,0.053,0.023,26.2,4,91.8
죽산,Jul-18,8.3,7,5.3,10.9,22.9,2.975,0.125,7.7,28.4,264,5810,2.847,0.515,1.35,0.085,0.066,41.9,1262,181.31
죽산,Aug-18,7.7,6.1,3.9,12,29.9,2.8,0.188,8.3,28.9,275,15050,2.754,0.991,1.147,0.121,0.082,30.3,1983,269.74
죽산,Sep-18,7.5,8,4.6,9.8,14,2.537,0.101,6.6,23.6,219,3220,2.478,0.256,1.515,0.058,0.046,51.7,368,114.74
죽산,Oct-18,8.2,11.2,3.8,7.7,21,2.975,0.116,6.8,18.3,258,1996,2.917,0.206,2.129,0.041,0.034,53.9,494,66.5
죽산,Nov-18,8.1,12.8,5.5,10.8,32.3,4.056,0.176,8.6,12.2,357,5275,3.699,0.88,2.497,0.036,0.028,82.9,688,1.95
죽산,Dec-18,8.4,14.9,5,11.6,26,5.522,0.176,8.9,7,419,3490,5.255,1.429,3.137,0.037,0.028,92,300,28.24
죽산,Jan-19,8.5,16,5.3,11.1,25.2,7.198,0.145,8.9,4.8,448,218,6.743,1.775,4.243,0.041,0.013,93.6,21,39.56
죽산,Feb-19,8.8,16.1,7.1,15.4,31.2,6.292,0.197,11.5,6.3,405,1005,5.885,2.299,2.874,0.047,0.014,134.2,19,23.82
죽산,Mar-19,8.7,13.3,6.8,14.2,24,6.492,0.192,9.2,11,404,1605,6.119,2.755,2.517,0.07,0.013,90.4,142,121.73
죽산,Apr-19,8.4,8.8,4.5,9.7,9,4.441,0.156,7.1,14.3,341,195,4.348,2.08,1.76,0.077,0.029,46.4,26,125.89
죽산,May-19,7.4,7,4.2,10,13.3,3.878,0.149,7.2,20.4,314,272,3.792,2.154,1.354,0.077,0.044,36,148,84.73
죽산,Jun-19,8,8,6.3,13.3,19.9,2.811,0.132,9.1,23.8,271,188,2.732,1.181,1.333,0.046,0.017,59,24,218.99
죽산,Jul-19,7.8,6.2,3.8,9.4,21.1,2.46,0.118,8.5,24.9,178,6486,2.353,0.421,1.456,0.058,0.053,25.5,1867,84.34
죽산,Aug-19,7.9,7.9,3.7,9.7,23.7,2.128,0.142,8.7,28.8,206,7725,2.001,0.347,1.355,0.076,0.065,53.7,2165,368.08
죽산,Sep-19,7.7,8.3,3.8,7.2,13.8,2.608,0.137,4.9,24.1,198,8040,2.441,0.339,1.604,0.078,0.07,30.2,1970,134.11
죽산,Oct-19,8.3,11,3.5,6.2,8.9,3.111,0.068,4.6,19.6,240,3726,2.998,0.181,2.336,0.037,0.024,34.1,550,141.61
죽산,Nov-19,8.2,11.6,4.9,8.3,14.5,4.537,0.062,7.5,14.6,362,318,4.326,0.597,2.877,0.037,0.023,58.3,58,44.62
죽산,Dec-19,7.7,10.4,3.6,7.4,5.1,5.832,0.088,6.3,7.9,426,1615,5.653,1.843,3.176,0.065,0.049,20.6,482,33.4
영산포-1,Jan-17,7.3,13.1,3.4,6.7,6.9,4.325,0.094,5,5.4,332,65,4.135,0.724,2.804,0.041,0.016,42.5,20,60.69
영산포-1,Feb-17,8,13.9,6.5,11.5,23.6,5.665,0.111,7.6,5,403,60,5.032,0.809,3.73,0.024,0.008,132.1,1,43.47
영산포-1,Mar-17,7.7,11.7,5,8.9,12,5.857,0.085,6.6,9.2,398,40,5.556,1.943,2.891,0.035,0.017,35.6,1,55.09
영산포-1,Apr-17,7.2,10.9,6,9.8,11,5.697,0.134,7.9,15.6,359,120,5.092,2.073,2.318,0.089,0.057,80.9,5,187.58
영산포-1,May-17,7.5,10.5,4.3,10.1,12.1,4.327,0.066,7.5,21.2,373,110,4.262,1.112,2.041,0.032,0.012,24,22,110.17
영산포-1,Jun-17,7.4,6.8,5.2,14.2,20.1,3.892,0.092,10.2,24,386,300,3.677,1.182,1.702,0.032,0.005,56.1,100,122.55
영산포-1,Jul-17,7,5.2,4.3,8.8,17.1,3.168,0.135,7.3,27.3,252,600,3.073,1.111,1.556,0.088,0.064,20.8,100,282.17
영산포-1,Aug-17,7.3,6.7,4.4,8.6,22.8,3.01,0.159,6.3,27.5,220,1000,2.787,0.914,1.358,0.081,0.07,32.5,50,58.68
영산포-1,Sep-17,6.9,7.6,3.6,7.7,12.8,2.183,0.1,5.8,24,180,100,2.089,0.176,1.401,0.066,0.052,40.4,50,231.59
영산포-1,Oct-17,7.4,8.8,3.5,7.1,11.8,2.886,0.078,5.4,18.8,272,300,2.812,0.545,1.755,0.045,0.019,32,30,211.69
영산포-1,Nov-17,7.7,10.5,3.3,7.5,12.5,4.581,0.073,5.9,11.7,397,100,4.472,0.998,2.72,0.03,0.008,26.1,1,42.55
영산포-1,Dec-17,8.1,10.9,2.6,7.2,7.8,5.655,0.071,5.7,6,496,36,5.602,1.297,3.172,0.044,0.011,17.7,3,45.27
영산포-1,Jan-18,8.3,14.6,7.2,13,20.3,6.551,0.159,9.7,4.1,489,110,5.961,2.274,2.87,0.051,0.017,155.4,7,12.51
영산포-1,Feb-18,8.5,14.9,5.7,10.4,13.6,7.818,0.12,8.2,4.4,483,25,7.309,4.195,2.524,0.046,0.02,68.2,1,38.36
영산포-1,Mar-18,7.6,9.1,4,7.9,8.6,7.502,0.118,6.6,10.3,415,800,7.154,4.24,2.128,0.059,0.019,24.3,100,6.07
영산포-1,Apr-18,7.6,9,4.4,8.2,19.2,4.374,0.1,6.1,15.4,274,130,4.153,1.529,2.107,0.039,0.021,56.5,10,7.91
영산포-1,May-18,7.7,7.5,4.9,8.9,15.7,4.07,0.097,6.9,21.1,301,900,3.964,1.658,1.479,0.043,0.024,61.8,110,22.65
영산포-1,Jun-18,7.8,5,4.6,12.2,14.4,3.717,0.097,9.1,25.7,338,300,3.555,1.135,1.37,0.055,0.032,44.2,2,37.09
영산포-1,Jul-18,8,5.9,4.9,9.4,19,3.009,0.116,6.7,27.5,233,4000,2.907,0.459,1.796,0.076,0.043,41.3,1900,184.63
영산포-1,Aug-18,7.9,6.1,4.5,12.4,16.4,2.745,0.154,8.9,30.5,304,400,2.631,0.804,1.176,0.114,0.07,48.2,5,246.91
영산포-1,Sep-18,7.3,7.5,4.2,7.4,18.7,2.585,0.095,5.8,24.3,194,1900,2.539,0.251,1.525,0.07,0.049,35.8,200,109.02
영산포-1,Oct-18,8,9.9,3.7,7.6,16.7,2.898,0.128,6.9,18.4,253,130,2.778,0.219,2.122,0.044,0.03,54.6,10,77.04
영산포-1,Nov-18,8.2,12.3,5.1,9.7,18,4.147,0.136,8.1,12.5,351,840,3.99,0.95,2.465,0.04,0.033,112.2,160,1.84
영산포-1,Dec-18,8.8,14.8,5.1,10.6,23.1,4.971,0.159,9.1,7.2,404,2000,4.633,1.212,2.857,0.043,0.032,111.1,340,34.69
영산포-1,Jan-19,8.5,16.3,5.2,10.9,20.9,7.118,0.13,9.6,5,455,140,6.948,1.624,4.116,0.046,0.021,117.5,20,45.87
영산포-1,Feb-19,8.9,16.6,6.2,13.4,18.6,6.277,0.157,10.4,5.4,407,300,6.078,2.434,2.854,0.05,0.014,136.5,10,28.37
영산포-1,Mar-19,8.2,9.3,5.3,10.6,15.5,6.171,0.127,8.2,10.9,410,500,6.143,2.785,2.524,0.075,0.024,58.1,2,129.39
영산포-1,Apr-19,8.7,10.1,4.4,9.3,17.9,4.295,0.16,8.3,14.4,327,40,4.06,1.758,1.824,0.079,0.022,66.4,3,142.72
영산포-1,May-19,7.4,6,3.7,8.5,13.9,4.093,0.151,6.5,19.7,330,2,4,2.031,1.515,0.076,0.05,31.2,1,86.84
영산포-1,Jun-19,8.2,7.8,4.6,11.1,20.7,2.939,0.112,8.8,24.2,268,65,2.778,0.995,1.607,0.044,0.018,51.7,12,200.15
영산포-1,Jul-19,7.9,9.5,3.7,8.9,16.8,2.494,0.116,8.1,26,181,3400,2.354,0.38,1.354,0.061,0.05,30.8,1200,78.28
영산포-1,Aug-19,7.8,7.5,3.4,8.5,15.7,2.069,0.113,8.1,28.8,205,540,1.942,0.499,1.234,0.068,0.061,45.8,2,341.52
영산포-1,Sep-19,7.6,7.8,3.2,7.1,11.4,2.399,0.12,5,23.8,175,160,2.251,0.176,1.629,0.088,0.082,23.3,47,137.69
영산포-1,Oct-19,7.8,9.6,2.6,5.2,11.9,3.255,0.075,4,19.7,249,1800,3.106,0.206,2.276,0.042,0.023,28.8,510,130.06
영산포-1,Nov-19,8.2,10.7,4.7,7.9,16.5,4.056,0.051,7.1,14.4,354,290,3.891,0.362,2.907,0.031,0.017,49.3,18,48.64
영산포-1,Dec-19,7.8,10.9,3.6,7.3,5.7,5.492,0.091,5.8,8.7,414,3700,5.378,1.965,3.004,0.08,0.058,21.1,280,34.57
함평,Jan-17,7.3,12.4,2.9,6.8,9,4.429,0.097,5,5.4,346,70,4.299,0.746,2.91,0.047,0.027,45.8,2,60.69
함평,Feb-17,8.3,13.5,6.5,11,22.4,5.129,0.102,7.4,4.9,385,90,4.534,0.457,3.594,0.024,0.008,128.5,1,43.47
함평,Mar-17,7.7,11.2,3.9,7.9,12,5.711,0.068,6.2,8.5,407,20,5.555,1.773,2.966,0.033,0.015,18.4,1,55.09
함평,Apr-17,7.4,12.1,5.6,9.4,10.2,5.336,0.078,7.3,15.6,362,80,4.922,1.643,2.462,0.039,0.01,54.7,1,187.58
함평,May-17,7.5,9.5,3.3,8.9,10.8,3.728,0.059,7,21.1,356,80,3.58,0.79,1.826,0.029,0.011,16.1,4,110.17
함평,Jun-17,7.2,7.7,3.9,12.5,26.7,3.847,0.096,8.9,23.9,373,300,3.534,0.97,1.729,0.041,0.011,32.3,4,122.55
함평,Jul-17,6.8,5.1,4,9.5,29.6,3.315,0.13,7.3,27.4,273,400,3.231,1.039,1.788,0.077,0.057,15.7,200,282.17
함평,Aug-17,7,5.6,3.8,7.9,22.2,3.117,0.148,6.2,27.6,234,100,3.057,0.99,1.415,0.081,0.072,20.8,50,58.68
함평,Sep-17,6.8,7.4,2.9,6.9,14.8,2.144,0.101,5.2,23.8,167,400,2.06,0.152,1.385,0.066,0.055,28.4,50,231.59
함평,Oct-17,7.2,8.3,3.5,6.4,15.1,2.717,0.085,5.1,18.7,263,200,2.677,0.491,1.635,0.046,0.026,23.8,50,211.69
함평,Nov-17,7.5,11.2,3.3,7.2,13.7,4.118,0.059,5.7,11.8,369,50,3.988,0.689,2.524,0.025,0.01,33.1,2,42.55
함평,Dec-17,7.9,11.4,2.6,6.7,9.5,5.091,0.067,5.5,6.3,471,12,5.072,1.067,3.135,0.037,0.012,17.5,1,45.27
함평,Jan-18,8.2,13,5.7,11.1,15.3,6.747,0.119,8.4,3.8,474,44,6.38,2.313,3.274,0.049,0.013,105.6,2,12.51
함평,Feb-18,8.6,14.9,5.2,10,12.9,6.701,0.107,7.7,3.8,465,5,6.278,2.794,2.761,0.04,0.015,57.6,2,38.36
함평,Mar-18,7.5,9.2,3,7.9,9.7,7.046,0.102,6.2,10.1,401,800,6.914,3.458,2.403,0.056,0.019,17.5,200,6.07
함평,Apr-18,7.7,8.6,3.9,7.9,17.9,4.435,0.098,5.9,15.4,271,30,4.278,1.593,1.821,0.042,0.025,32.8,10,7.91
함평,May-18,7.6,7,3.6,8.2,14.9,3.502,0.081,6.3,21.1,280,300,3.416,1.051,1.602,0.041,0.022,31.4,30,22.65
함평,Jun-18,7.9,6.2,4.3,11.9,15.9,3.163,0.085,9,25.4,323,100,3.025,0.776,1.199,0.043,0.021,32.5,1,37.09
함평,Jul-18,8.4,8.2,4.7,10.5,27.2,2.531,0.118,7.1,28,214,20000,2.087,0.235,1.232,0.064,0.035,37.8,1100,184.63
함평,Aug-18,8.4,7.7,5.2,14.5,26.7,2.4,0.168,9.7,30.8,344,100,2.148,0.503,0.883,0.09,0.056,40.4,30,246.91
함평,Sep-18,7.2,7.1,3.6,7.4,20.4,2.591,0.108,5.2,24.2,183,400,2.52,0.21,1.563,0.074,0.048,27.6,190,109.02
함평,Oct-18,7.7,8.6,3,7.3,17.7,2.558,0.109,6.3,18.4,229,300,2.49,0.187,1.875,0.048,0.03,22.1,33,77.04
함평,Nov-18,7.9,9.4,3.6,7.5,11.5,3.592,0.099,6.9,12.7,332,400,3.531,1.02,2.158,0.044,0.037,30.5,12,1.84
함평,Dec-18,8.6,14.1,4.2,10.1,13.1,4.371,0.092,8.1,7.8,392,4000,4.354,1.18,2.743,0.041,0.028,67.6,150,34.69
함평,Jan-19,8.5,15.9,4.7,10.1,17.4,6.836,0.103,8.6,4.4,439,40,6.345,1.333,4.063,0.035,0.013,100.7,20,45.87
함평,Feb-19,8.9,15.9,6.1,13.1,18.2,6.029,0.132,9.7,5.1,411,220,5.885,1.965,2.964,0.048,0.012,104.4,10,28.37
함평,Mar-19,8,8.3,3.9,8.3,11,5.893,0.108,6.9,10.2,399,100,5.833,2.536,2.356,0.067,0.027,35.8,1,129.39
함평,Apr-19,8.6,11.1,4.4,9.2,11.8,4.814,0.152,8.1,14.2,350,80,4.656,1.938,2.013,0.075,0.022,59.4,5,142.72
함평,May-19,7.5,7.2,4,8.6,13.5,3.708,0.134,6.5,19.4,327,8,3.622,1.632,1.73,0.065,0.033,32.2,1,86.84
함평,Jun-19,8.2,6.1,4.7,11.2,19.1,2.979,0.117,8.1,23.8,275,55,2.827,1.019,1.594,0.045,0.023,40.9,20,200.15
함평,Jul-19,7.9,8.8,3.8,9.6,18.4,2.641,0.121,8.8,26.5,191,2900,2.491,0.297,1.689,0.062,0.05,27.7,1300,78.28
함평,Aug-19,7.9,7.9,3.8,8.6,16,1.999,0.119,8,28.3,194,98,1.879,0.305,1.229,0.071,0.058,36.1,1,341.52
함평,Sep-19,7.3,6.8,2.8,6.9,17.7,2.511,0.128,5.1,23.4,173,330,2.402,0.243,1.674,0.093,0.086,14.1,97,137.69
함평,Oct-19,7.7,8.6,2.4,5.3,11.2,3.072,0.082,3.8,19.8,230,2100,3.032,0.173,2.325,0.052,0.034,12,410,130.06
함평,Nov-19,8.1,10.4,3.5,7,12.3,3.692,0.047,6.3,14.4,337,450,3.578,0.259,2.738,0.028,0.017,34.8,10,48.64
함평,Dec-19,7.8,11.5,3.6,7.1,7.4,5.379,0.055,6,8.5,409,2000,5.236,1.75,3.046,0.042,0.025,23.8,520,34.57
무안1,Jan-17,7.9,13.8,3.8,6.6,11.7,5.529,0.059,3.8,5.4,411,64,5.027,0.698,3.256,0.034,0.021,33.1,24,73.24
무안1,Feb-17,8.4,14.2,4.4,7.9,19,4.777,0.064,4.8,5.2,346,35,4.495,0.223,3.008,0.018,0.001,65.7,7,40.2
무안1,Mar-17,7.9,12,4.6,7.2,23.3,6.496,0.086,4.8,9.1,523,104,5.854,1.462,2.77,0.055,0.038,31.3,24,63.93
무안1,Apr-17,7.9,11,4.4,8.2,18,5.017,0.072,5.2,15.9,442,89,4.736,1.222,2.252,0.03,0.013,47.1,21,194.64
무안1,May-17,8.3,11.1,3,8.5,10.1,3.631,0.061,5.8,23.2,409,138,3.295,0.551,1.578,0.037,0.011,27.8,19,120.89
무안1,Jun-17,8.2,10.6,3.8,12.8,13.3,3.371,0.078,6.7,25.9,410,217,3.095,0.579,1.286,0.039,0.01,50,12,131.64
무안1,Jul-17,7.6,6.9,3.9,10.2,20.8,3.882,0.149,5.6,28.4,272,193,3.658,1.205,1.283,0.103,0.081,41.3,54,238.92
무안1,Aug-17,8,7.9,4.2,9.5,25.1,2.504,0.13,4.6,29.6,163,1460,2.261,0.311,0.968,0.075,0.055,46.8,1090,25.13
무안1,Sep-17,7.9,8.2,2,7.2,20.7,2.316,0.117,4.3,24.8,172,1310,2.07,0.253,1.193,0.074,0.066,34.8,1140,202.5
무안1,Oct-17,8,10.7,4.1,8.6,22.8,2.655,0.083,4.3,19.8,251,185,2.449,0.394,1.372,0.032,0.017,68.4,105,204.98
무안1,Nov-17,7.9,11.4,1.7,6.7,14.7,3.134,0.053,4.2,12.5,314,112,3.001,0.235,1.866,0.025,0.009,36.3,41,66.12
무안1,Dec-17,7.8,13.1,2.5,6.8,9.5,4.709,0.056,4.1,5.5,439,93,4.557,0.541,3.186,0.029,0.007,29.4,33,48.23
무안1,Jan-18,8,13.8,2,7.8,8.4,6.654,0.066,4.3,4.9,496,209,6.574,1.574,3.259,0.038,0.018,23.1,20,13.04
무안1,Feb-18,8.2,14.5,4.4,10.1,17.4,6.569,0.081,5.1,4,508,155,6.21,1.782,3.099,0.032,0.005,59,18,31.55
무안1,Mar-18,7.5,11.5,3.3,8.3,17.7,6.694,0.098,4.8,11.6,345,368,6.518,2.786,2.616,0.062,0.034,22.4,118,3.64
무안1,Apr-18,7.7,10.6,3.4,7.6,16.1,5.02,0.081,4.2,16.3,261,916,4.863,1.564,2.139,0.045,0.021,30.1,309,6.29
무안1,May-18,7.6,12,3.4,7.5,17.8,3.705,0.092,4.7,21.5,266,210,3.455,0.997,1.552,0.049,0.03,48.7,26,17.77
무안1,Jun-18,8,12.7,4,10.2,14.3,3.043,0.079,7.6,26.2,271,218,2.754,0.495,1.133,0.034,0.011,80.6,1,69.08
무안1,Jul-18,7.8,8.7,2.7,8.3,25.1,2.519,0.131,4.6,27.9,187,1127,2.259,0.197,1.581,0.069,0.052,39.9,319,125.33
무안1,Aug-18,8.4,8.6,2.7,13,48.3,1.771,0.213,4.9,29.1,256,1578,1.192,0.137,0.347,0.132,0.085,85.4,589,216.94
무안1,Sep-18,7.1,7.9,2,6.2,18.1,2.265,0.144,3.5,25.2,139,1927,2.182,0.174,1.324,0.094,0.079,35.2,890,115.2
무안1,Oct-18,7.7,11.6,2.5,6.7,22.4,2.511,0.125,4.6,18.6,204,498,2.399,0.19,1.37,0.071,0.052,43,150,49.27
무안1,Nov-18,7.5,10.2,2.9,6.5,15.1,4.107,0.086,3.8,13.7,338,438,3.841,0.952,2.033,0.062,0.034,25.9,143,1.56
무안1,Dec-18,7.6,9.7,2.6,6.8,11.5,5.489,0.073,4.1,7.1,365,165,5.123,1.112,2.492,0.039,0.017,44.2,45,40.44
무안1,Jan-19,8,14.5,4.4,8.2,19.6,5.554,0.07,5.4,4.4,455,41,5.269,0.73,3.589,0.029,0.004,100.8,5,53.81
무안1,Feb-19,7.7,12.3,3.6,8.7,13.3,6.341,0.097,4.6,5.3,439,30,6.125,1.675,3.161,0.036,0.006,43.1,10,35.89
무안1,Mar-19,7.9,11.8,3.5,7.5,13,5.926,0.094,4.7,9.7,410,32,5.344,1.877,2.732,0.052,0.02,36.3,12,149.48
무안1,Apr-19,7.8,10.8,4.4,9.5,15.3,5.426,0.094,5.3,14,425,45,5.147,1.679,2.116,0.049,0.012,25.4,10,155.88
무안1,May-19,7.8,9.1,3,8.9,23,3.995,0.087,5.1,19.6,327,57,3.859,1.414,1.417,0.051,0.028,13.1,14,86.77
무안1,Jun-19,8.3,9.9,3.1,11.3,19.1,3.282,0.071,6.8,25.3,328,89,2.918,0.753,0.977,0.037,0.012,20.5,8,178.26
무안1,Jul-19,7.6,7.8,2.7,9.2,19.7,2.842,0.104,5.3,25.6,181,2155,2.664,0.548,1.198,0.068,0.048,17.1,489,65.3
무안1,Aug-19,8.1,8.9,4.8,9.7,22.3,2.484,0.137,5.4,29.4,154,428,2.32,0.346,0.961,0.087,0.061,57.3,263,250.3
무안1,Sep-19,7.4,8.5,2.5,7.7,18.3,2.52,0.136,4.5,23.9,166,802,2.405,0.331,1.36,0.099,0.078,23.6,234,147.98
무안1,Oct-19,7.7,11.2,1.2,6.1,18.4,2.843,0.093,3.6,19.8,175,455,2.777,0.34,2.15,0.065,0.052,10.1,177,154.03
무안1,Nov-19,8,11.8,2.7,7.9,44.5,3.223,0.081,3.8,14,282,162,2.999,0.142,2.278,0.034,0.025,30.2,26,48.18
무안1,Dec-19,7.9,14.3,2.8,7.4,15.8,4.427,0.056,3.8,7.6,375,55,4.114,0.579,2.888,0.026,0.005,43.6,29,37.66
