BOD,COD,T-N,DTN,NO3-N,NH3-N,T-P,DTP,PO4-P,Chl-a,BOD_lag,COD_lag,T-N_lag,DTN_lag,NO3-N_lag,NH3-N_lag,T-P_lag,DTP_lag,PO4-P_lag,Chl-a_lag
1.7,4.4,3.851,3.386,2.495,0.484,0.128,0.095,0.081,15.1,2,4.4,3.467,2.988,2.419,0.175,0.117,0.08,0.061,30.3
2.3,5.5,3.692,3.024,2.494,0.328,0.136,0.091,0.067,38.8,1.7,4.4,3.851,3.386,2.495,0.484,0.128,0.095,0.081,15.1
3.2,6.6,3.866,3.108,2.448,0.315,0.145,0.083,0.055,62,2.3,5.5,3.692,3.024,2.494,0.328,0.136,0.091,0.067,38.8
3.2,6,2.895,2.305,1.847,0.078,0.117,0.066,0.04,49.8,3.2,6.6,3.866,3.108,2.448,0.315,0.145,0.083,0.055,62
2.8,6.1,2.811,2.211,1.574,0.128,0.14,0.095,0.058,38.1,3.2,6,2.895,2.305,1.847,0.078,0.117,0.066,0.04,49.8
2,6.6,3.112,2.507,1.963,0.061,0.18,0.117,0.063,26.8,2.8,6.1,2.811,2.211,1.574,0.128,0.14,0.095,0.058,38.1
2.1,5.8,3.075,2.563,2.102,0.078,0.125,0.081,0.039,42.2,2,6.6,3.112,2.507,1.963,0.061,0.18,0.117,0.063,26.8
1.8,4.9,2.957,2.436,1.917,0.059,0.1,0.071,0.039,24.6,2.1,5.8,3.075,2.563,2.102,0.078,0.125,0.081,0.039,42.2
2.2,4.8,2.88,2.494,2.11,0.034,0.126,0.082,0.062,48,1.8,4.9,2.957,2.436,1.917,0.059,0.1,0.071,0.039,24.6
2,4.7,2.991,2.634,2.176,0.048,0.107,0.076,0.057,26.5,2.2,4.8,2.88,2.494,2.11,0.034,0.126,0.082,0.062,48
2.3,4.8,3.471,2.941,2.296,0.048,0.109,0.068,0.053,46.4,2,4.7,2.991,2.634,2.176,0.048,0.107,0.076,0.057,26.5
1.9,4.9,3.995,3.477,2.785,0.327,0.117,0.076,0.059,28.8,2.3,4.8,3.471,2.941,2.296,0.048,0.109,0.068,0.053,46.4
2.5,5.3,4.032,3.464,2.766,0.177,0.126,0.076,0.056,51.7,1.9,4.9,3.995,3.477,2.785,0.327,0.117,0.076,0.059,28.8
3.3,6.1,3.843,3.082,2.503,0.072,0.138,0.074,0.048,76.9,2.5,5.3,4.032,3.464,2.766,0.177,0.126,0.076,0.056,51.7
3.4,6.4,3.319,2.96,2.305,0.103,0.153,0.083,0.059,70.3,3.3,6.1,3.843,3.082,2.503,0.072,0.138,0.074,0.048,76.9
2.6,5.6,3.295,3.038,2.382,0.069,0.133,0.08,0.058,47,3.4,6.4,3.319,2.96,2.305,0.103,0.153,0.083,0.059,70.3
2.3,5,2.545,2.3,1.896,0.033,0.099,0.062,0.046,39.7,2.6,5.6,3.295,3.038,2.382,0.069,0.133,0.08,0.058,47
2.1,7.4,3.099,2.753,2.176,0.064,0.217,0.108,0.084,29.4,2.3,5,2.545,2.3,1.896,0.033,0.099,0.062,0.046,39.7
1.7,5.6,2.561,2.352,2.06,0.031,0.14,0.063,0.045,21,2.1,7.4,3.099,2.753,2.176,0.064,0.217,0.108,0.084,29.4
1.7,4.3,2.802,2.643,2.126,0.061,0.117,0.082,0.068,17.5,1.7,5.6,2.561,2.352,2.06,0.031,0.14,0.063,0.045,21
1.6,4.4,2.79,2.595,2.254,0.045,0.119,0.082,0.066,32.3,1.7,4.3,2.802,2.643,2.126,0.061,0.117,0.082,0.068,17.5
1.6,4.3,2.917,2.7,2.189,0.077,0.104,0.07,0.055,29.4,1.6,4.4,2.79,2.595,2.254,0.045,0.119,0.082,0.066,32.3
1.7,4.4,3.311,3.12,2.535,0.158,0.105,0.074,0.056,36.8,1.6,4.3,2.917,2.7,2.189,0.077,0.104,0.07,0.055,29.4
2.1,4.8,3.714,3.455,2.917,0.144,0.122,0.074,0.059,37.2,1.7,4.4,3.311,3.12,2.535,0.158,0.105,0.074,0.056,36.8
2.4,5.6,3.749,3.432,2.864,0.181,0.15,0.085,0.065,61.6,2.1,4.8,3.714,3.455,2.917,0.144,0.122,0.074,0.059,37.2
2.7,6,3.748,3.335,2.705,0.155,0.128,0.055,0.046,61.7,2.4,5.6,3.749,3.432,2.864,0.181,0.15,0.085,0.065,61.6
2.8,5.7,3.125,2.837,2.431,0.076,0.148,0.074,0.058,65.4,2.7,6,3.748,3.335,2.705,0.155,0.128,0.055,0.046,61.7
2.6,5.2,2.562,2.304,1.53,0.134,0.133,0.087,0.061,44.1,2.8,5.7,3.125,2.837,2.431,0.076,0.148,0.074,0.058,65.4
2.1,4.9,2.319,2.116,1.523,0.089,0.121,0.078,0.067,36.2,2.6,5.2,2.562,2.304,1.53,0.134,0.133,0.087,0.061,44.1
1.6,5.2,2.898,2.732,2.255,0.102,0.141,0.098,0.087,24.3,2.1,4.9,2.319,2.116,1.523,0.089,0.121,0.078,0.067,36.2
1.6,5,2.391,2.173,1.814,0.052,0.134,0.081,0.069,30.2,1.6,5.2,2.898,2.732,2.255,0.102,0.141,0.098,0.087,24.3
1.4,5.4,2.659,2.384,1.934,0.101,0.156,0.084,0.065,13.9,1.6,5,2.391,2.173,1.814,0.052,0.134,0.081,0.069,30.2
1.8,4.1,3.049,2.846,2.373,0.078,0.101,0.057,0.045,48.5,1.4,5.4,2.659,2.384,1.934,0.101,0.156,0.084,0.065,13.9
1.8,4,3.089,2.908,2.532,0.081,0.097,0.062,0.046,35.1,1.8,4.1,3.049,2.846,2.373,0.078,0.101,0.057,0.045,48.5
2.1,4.4,3.506,3.203,2.681,0.151,0.109,0.071,0.059,45.8,1.8,4,3.089,2.908,2.532,0.081,0.097,0.062,0.046,35.1
2.1,4.6,4.172,3.836,3.032,0.261,0.141,0.102,0.084,47.8,2.1,4.4,3.506,3.203,2.681,0.151,0.109,0.071,0.059,45.8
2.3,4.9,4.078,3.791,3.045,0.255,0.146,0.096,0.078,49,2.1,4.6,4.172,3.836,3.032,0.261,0.141,0.102,0.084,47.8
3,6.2,3.702,3.343,2.942,0.121,0.151,0.092,0.071,55.1,2.3,4.9,4.078,3.791,3.045,0.255,0.146,0.096,0.078,49
2.8,5.9,3.264,2.968,2.356,0.241,0.143,0.081,0.061,46.2,3,6.2,3.702,3.343,2.942,0.121,0.151,0.092,0.071,55.1
2.2,5.5,2.582,2.383,1.775,0.139,0.146,0.108,0.09,26.3,2.8,5.9,3.264,2.968,2.356,0.241,0.143,0.081,0.061,46.2
2.1,6,2.203,1.985,1.505,0.076,0.111,0.059,0.044,53.7,2.2,5.5,2.582,2.383,1.775,0.139,0.146,0.108,0.09,26.3
1.9,5.7,2.1,1.867,1.384,0.093,0.115,0.07,0.054,38.2,2.1,6,2.203,1.985,1.505,0.076,0.111,0.059,0.044,53.7
1.5,4.7,2.391,2.24,1.768,0.168,0.139,0.105,0.067,29.1,1.9,5.7,2.1,1.867,1.384,0.093,0.115,0.07,0.054,38.2
2,4.9,2.297,2.155,1.638,0.066,0.107,0.082,0.043,35.2,1.5,4.7,2.391,2.24,1.768,0.168,0.139,0.105,0.067,29.1
1.7,4.4,2.507,2.344,1.925,0.056,0.102,0.071,0.049,29.9,2,4.9,2.297,2.155,1.638,0.066,0.107,0.082,0.043,35.2
1.6,4.4,2.751,2.648,2.247,0.058,0.116,0.093,0.074,23.8,1.7,4.4,2.507,2.344,1.925,0.056,0.102,0.071,0.049,29.9
2.2,5,3.475,3.316,2.879,0.082,0.117,0.072,0.054,50.1,1.6,4.4,2.751,2.648,2.247,0.058,0.116,0.093,0.074,23.8
2.8,5.7,4.1,3.848,3.1,0.195,0.176,0.125,0.1,77.3,2.2,5,3.475,3.316,2.879,0.082,0.117,0.072,0.054,50.1
3.6,6.7,4.067,3.775,3.016,0.168,0.179,0.11,0.079,89.8,2.8,5.7,4.1,3.848,3.1,0.195,0.176,0.125,0.1,77.3
3.1,6.7,3.653,3.22,2.669,0.251,0.167,0.114,0.076,56.3,3.6,6.7,4.067,3.775,3.016,0.168,0.179,0.11,0.079,89.8
2.9,6.1,3.244,2.988,2.279,0.146,0.164,0.126,0.09,33.4,3.1,6.7,3.653,3.22,2.669,0.251,0.167,0.114,0.076,56.3
2.7,6.6,3.032,2.789,2.064,0.172,0.188,0.157,0.121,29,2.9,6.1,3.244,2.988,2.279,0.146,0.164,0.126,0.09,33.4
2.5,6.4,2.758,2.46,2.018,0.12,0.136,0.11,0.079,38.5,2.7,6.6,3.032,2.789,2.064,0.172,0.188,0.157,0.121,29
1.5,6.3,2.693,2.433,1.87,0.082,0.157,0.107,0.084,20.1,2.5,6.4,2.758,2.46,2.018,0.12,0.136,0.11,0.079,38.5
1.9,5.3,2.383,2.158,1.686,0.075,0.088,0.047,0.033,52.3,1.5,6.3,2.693,2.433,1.87,0.082,0.157,0.107,0.084,20.1
2.2,5.8,1.892,1.734,1.342,0.054,0.165,0.061,0.042,44.8,1.9,5.3,2.383,2.158,1.686,0.075,0.088,0.047,0.033,52.3
1.8,5.2,2.288,2.128,1.828,0.055,0.1,0.07,0.06,30.7,2.2,5.8,1.892,1.734,1.342,0.054,0.165,0.061,0.042,44.8
1.4,4.9,2.93,2.645,2.283,0.08,0.149,0.125,0.104,14.2,1.8,5.2,2.288,2.128,1.828,0.055,0.1,0.07,0.06,30.7
1.8,5,3.398,3.247,2.724,0.17,0.133,0.099,0.087,36.6,1.4,4.9,2.93,2.645,2.283,0.08,0.149,0.125,0.104,14.2
2.3,5.9,4.127,3.852,2.802,0.509,0.146,0.096,0.082,43.3,1.8,5,3.398,3.247,2.724,0.17,0.133,0.099,0.087,36.6
2.8,6.3,4.1,3.574,2.846,0.422,0.148,0.08,0.065,58.4,2.3,5.9,4.127,3.852,2.802,0.509,0.146,0.096,0.082,43.3
1.5,5,3.768,3.584,3.114,0.222,0.132,0.079,0.054,9.7,2.8,6.3,4.1,3.574,2.846,0.422,0.148,0.08,0.065,58.4
1.6,4.8,2.646,2.434,1.985,0.061,0.096,0.04,0.032,17.4,1.5,5,3.768,3.584,3.114,0.222,0.132,0.079,0.054,9.7
1.8,5.3,2.405,2.173,1.639,0.089,0.083,0.04,0.027,21.3,1.6,4.8,2.646,2.434,1.985,0.061,0.096,0.04,0.032,17.4
1.8,5.6,2.26,2.053,1.61,0.07,0.076,0.04,0.029,30.2,1.8,5.3,2.405,2.173,1.639,0.089,0.083,0.04,0.027,21.3
1.7,5.9,2.514,2.239,1.647,0.05,0.126,0.056,0.046,20.2,1.8,5.6,2.26,2.053,1.61,0.07,0.076,0.04,0.029,30.2
1.9,7.5,2.24,1.993,1.594,0.071,0.168,0.069,0.051,20.2,1.7,5.9,2.514,2.239,1.647,0.05,0.126,0.056,0.046,20.2
1.2,5.9,2.453,2.258,1.921,0.034,0.124,0.077,0.058,18.7,1.9,7.5,2.24,1.993,1.594,0.071,0.168,0.069,0.051,20.2
1.6,4.9,2.899,2.725,2.494,0.023,0.107,0.062,0.054,32.4,1.2,5.9,2.453,2.258,1.921,0.034,0.124,0.077,0.058,18.7
1.3,4.5,3.249,3.099,2.766,0.058,0.105,0.063,0.053,19.8,1.6,4.9,2.899,2.725,2.494,0.023,0.107,0.062,0.054,32.4
1.5,4.9,3.862,3.641,3.364,0.081,0.112,0.059,0.045,18.1,1.3,4.5,3.249,3.099,2.766,0.058,0.105,0.063,0.053,19.8
1.3,4.8,4.059,3.897,3.542,0.186,0.124,0.078,0.067,14.5,1.5,4.9,3.862,3.641,3.364,0.081,0.112,0.059,0.045,18.1
1.7,5.5,3.89,3.7,3.189,0.375,0.147,0.079,0.06,20.1,1.3,4.8,4.059,3.897,3.542,0.186,0.124,0.078,0.067,14.5
1.9,6.1,4.173,3.816,3.246,0.312,0.13,0.062,0.051,28.2,1.7,5.5,3.89,3.7,3.189,0.375,0.147,0.079,0.06,20.1
2.7,6.1,3.275,3.01,2.606,0.114,0.108,0.042,0.03,41.9,1.9,6.1,4.173,3.816,3.246,0.312,0.13,0.062,0.051,28.2
1.8,6.1,3.057,2.879,2.625,0.111,0.122,0.044,0.034,15.3,2.7,6.1,3.275,3.01,2.606,0.114,0.108,0.042,0.03,41.9
1.7,6.3,2.518,2.308,1.988,0.074,0.14,0.039,0.029,15.8,1.8,6.1,3.057,2.879,2.625,0.111,0.122,0.044,0.034,15.3
1.4,6.3,2.625,2.447,2.101,0.049,0.15,0.059,0.052,11.2,1.7,6.3,2.518,2.308,1.988,0.074,0.14,0.039,0.029,15.8
1.2,6,2.177,2.02,1.689,0.052,0.116,0.06,0.051,7.8,1.4,6.3,2.625,2.447,2.101,0.049,0.15,0.059,0.052,11.2
1.5,5.2,2.293,2.137,1.816,0.079,0.075,0.041,0.034,23.3,1.2,6,2.177,2.02,1.689,0.052,0.116,0.06,0.051,7.8
1.6,4.9,2.508,2.376,1.889,0.064,0.072,0.046,0.037,19.3,1.5,5.2,2.293,2.137,1.816,0.079,0.075,0.041,0.034,23.3
1.5,5.1,2.936,2.777,2.192,0.053,0.097,0.053,0.044,28.8,1.6,4.9,2.508,2.376,1.889,0.064,0.072,0.046,0.037,19.3
1.7,4.7,3.554,3.262,2.857,0.053,0.103,0.061,0.051,36.1,1.5,5.1,2.936,2.777,2.192,0.053,0.097,0.053,0.044,28.8
1.9,5,3.938,3.721,3.04,0.108,0.103,0.07,0.054,36.5,1.7,4.7,3.554,3.262,2.857,0.053,0.103,0.061,0.051,36.1
2.3,5.8,3.683,3.409,2.959,0.103,0.083,0.04,0.028,62.4,1.9,5,3.938,3.721,3.04,0.108,0.103,0.07,0.054,36.5
3.2,6.9,3.594,3.221,2.684,0.092,0.087,0.04,0.022,62.3,2.3,5.8,3.683,3.409,2.959,0.103,0.083,0.04,0.028,62.4
2.7,5.7,3.1,2.891,2.223,0.124,0.079,0.04,0.027,26.4,3.2,6.9,3.594,3.221,2.684,0.092,0.087,0.04,0.022,62.3
2.1,5.4,2.505,2.289,1.996,0.074,0.056,0.028,0.014,18,2.7,5.7,3.1,2.891,2.223,0.124,0.079,0.04,0.027,26.4
1.8,5.4,2.255,2.082,1.7,0.129,0.044,0.022,0.01,17.6,2.1,5.4,2.505,2.289,1.996,0.074,0.056,0.028,0.014,18
2.3,7.1,2.56,2.366,2.077,0.084,0.105,0.059,0.036,22.2,1.8,5.4,2.255,2.082,1.7,0.129,0.044,0.022,0.01,17.6
1.9,6.5,2.333,2.12,1.757,0.071,0.107,0.059,0.045,14.3,2.3,7.1,2.56,2.366,2.077,0.084,0.105,0.059,0.036,22.2
1.4,7,2.568,2.102,2.034,0.047,0.12,0.061,0.03,8.9,1.9,6.5,2.333,2.12,1.757,0.071,0.107,0.059,0.045,14.3
1.7,5.2,2.664,2.419,2.319,0.043,0.062,0.034,0.016,19.4,1.4,7,2.568,2.102,2.034,0.047,0.12,0.061,0.03,8.9
1.5,4.7,2.688,2.533,2.383,0.038,0.03,0.011,0.004,17.5,1.7,5.2,2.664,2.419,2.319,0.043,0.062,0.034,0.016,19.4
1.6,4.5,3.025,2.901,2.758,0.109,0.031,0.014,0.006,13.6,1.5,4.7,2.688,2.533,2.383,0.038,0.03,0.011,0.004,17.5
1.7,4.2,3.383,3.244,2.953,0.225,0.033,0.014,0.01,12.1,1.6,4.5,3.025,2.901,2.758,0.109,0.031,0.014,0.006,13.6
1.7,4.8,3.241,3.087,2.816,0.176,0.049,0.026,0.044,20.2,1.7,4.2,3.383,3.244,2.953,0.225,0.033,0.014,0.01,12.1
2.8,5.7,3.141,2.911,2.695,0.164,0.043,0.017,0.004,45.2,1.7,4.8,3.241,3.087,2.816,0.176,0.049,0.026,0.044,20.2
2.6,5,2.925,2.738,2.444,0.09,0.042,0.011,0.003,24.5,2.8,5.7,3.141,2.911,2.695,0.164,0.043,0.017,0.004,45.2
1.9,4.8,2.486,2.352,2.017,0.122,0.036,0.017,0.008,9.3,2.6,5,2.925,2.738,2.444,0.09,0.042,0.011,0.003,24.5
2.2,6,2.511,2.342,1.809,0.128,0.056,0.035,0.016,23.5,1.9,4.8,2.486,2.352,2.017,0.122,0.036,0.017,0.008,9.3
2,5.7,2.541,2.393,2.019,0.092,0.084,0.047,0.032,21.9,2.2,6,2.511,2.342,1.809,0.128,0.056,0.035,0.016,23.5
2.6,6.2,2.083,1.889,1.42,0.077,0.066,0.037,0.018,28.6,2,5.7,2.541,2.393,2.019,0.092,0.084,0.047,0.032,21.9
2.5,6.1,2.008,1.795,1.415,0.089,0.063,0.03,0.009,33.8,2.6,6.2,2.083,1.889,1.42,0.077,0.066,0.037,0.018,28.6
2.1,5.8,2.432,2.291,1.931,0.058,0.067,0.03,0.018,40.7,2.5,6.1,2.008,1.795,1.415,0.089,0.063,0.03,0.009,33.8
1.7,5,2.739,2.607,1.855,0.077,0.056,0.027,0.012,22.2,2.1,5.8,2.432,2.291,1.931,0.058,0.067,0.03,0.018,40.7
1.7,4,3.15,3.026,2.173,0.095,0.045,0.025,0.006,17.9,1.7,5,2.739,2.607,1.855,0.077,0.056,0.027,0.012,22.2
1.9,3.9,3.613,3.425,2.854,0.067,0.034,0.019,0.004,19.4,1.7,4,3.15,3.026,2.173,0.095,0.045,0.025,0.006,17.9
2.2,4.9,3.942,3.759,3.095,0.157,0.038,0.02,0.002,24.3,1.9,3.9,3.613,3.425,2.854,0.067,0.034,0.019,0.004,19.4
2.7,5.7,3.928,3.737,3.181,0.11,0.036,0.014,0.005,26.5,2.2,4.9,3.942,3.759,3.095,0.157,0.038,0.02,0.002,24.3
2.4,5.3,3.429,3.238,2.618,0.125,0.043,0.023,0.007,16.1,2.7,5.7,3.928,3.737,3.181,0.11,0.036,0.014,0.005,26.5
2.3,5.4,2.721,2.566,2.015,0.151,0.044,0.024,0.012,18,2.4,5.3,3.429,3.238,2.618,0.125,0.043,0.023,0.007,16.1
2.5,5.5,2.332,2.111,1.329,0.168,0.032,0.015,0.005,26.1,2.3,5.4,2.721,2.566,2.015,0.151,0.044,0.024,0.012,18
2.5,5.9,1.773,1.643,0.965,0.196,0.034,0.019,0.011,23.3,2.5,5.5,2.332,2.111,1.329,0.168,0.032,0.015,0.005,26.1
2,6.8,2.458,2.322,1.65,0.149,0.097,0.054,0.03,15.8,2.5,5.9,1.773,1.643,0.965,0.196,0.034,0.019,0.011,23.3
2.3,6.6,2.954,2.801,2.248,0.105,0.053,0.029,0.017,32.4,2,6.8,2.458,2.322,1.65,0.149,0.097,0.054,0.03,15.8
1.9,5.7,2.644,2.519,1.924,0.121,0.062,0.038,0.026,24.1,2.3,6.6,2.954,2.801,2.248,0.105,0.053,0.029,0.017,32.4
2,5.5,2.848,2.746,2.312,0.123,0.052,0.033,0.012,36.7,1.9,5.7,2.644,2.519,1.924,0.121,0.062,0.038,0.026,24.1
2,5.4,2.895,2.781,2.442,0.099,0.033,0.019,0.007,27.6,2,5.5,2.848,2.746,2.312,0.123,0.052,0.033,0.012,36.7
1.6,4.9,3.449,3.346,2.698,0.137,0.022,0.011,0.007,12.6,2,5.4,2.895,2.781,2.442,0.099,0.033,0.019,0.007,27.6
1.9,5.1,3.369,3.262,2.649,0.13,0.024,0.012,0.007,19.6,1.6,4.9,3.449,3.346,2.698,0.137,0.022,0.011,0.007,12.6
2.2,5.3,3.41,3.181,2.644,0.117,0.025,0.012,0.005,21.2,1.9,5.1,3.369,3.262,2.649,0.13,0.024,0.012,0.007,19.6
2.1,5.1,2.788,2.667,2.099,0.124,0.033,0.017,0.008,19.8,2.2,5.3,3.41,3.181,2.644,0.117,0.025,0.012,0.005,21.2
2.1,5.3,2.213,2.089,1.596,0.092,0.035,0.017,0.006,19.5,2.1,5.1,2.788,2.667,2.099,0.124,0.033,0.017,0.008,19.8
2.3,6.7,2.276,1.875,1.212,0.096,0.026,0.199,0.004,26.7,2.1,5.3,2.213,2.089,1.596,0.092,0.035,0.017,0.006,19.5
2.4,6.4,2.1,1.972,1.42,0.137,0.05,0.032,0.02,23.9,2.3,6.7,2.276,1.875,1.212,0.096,0.026,0.199,0.004,26.7
2.6,7.2,1.781,1.623,1.042,0.09,0.056,0.032,0.019,23.2,2.4,6.4,2.1,1.972,1.42,0.137,0.05,0.032,0.02,23.9
2.2,7.2,1.877,1.732,1.124,0.085,0.055,0.033,0.017,31.2,2.6,7.2,1.781,1.623,1.042,0.09,0.056,0.032,0.019,23.2
2,6.8,1.676,1.574,0.982,0.065,0.035,0.02,0.006,22.2,2.2,7.2,1.877,1.732,1.124,0.085,0.055,0.033,0.017,31.2
1.4,6.1,2.14,2.03,1.415,0.151,0.03,0.02,0.01,12.5,2,6.8,1.676,1.574,0.982,0.065,0.035,0.02,0.006,22.2
1.4,5.6,2.61,2.497,1.916,0.115,0.022,0.014,0.006,14.6,1.4,6.1,2.14,2.03,1.415,0.151,0.03,0.02,0.01,12.5
1.6,5.4,3.08,2.952,2.351,0.152,0.022,0.015,0.004,14.3,1.4,5.6,2.61,2.497,1.916,0.115,0.022,0.014,0.006,14.6
1.8,5.7,3.572,3.463,2.844,0.268,0.027,0.015,0.007,16.5,1.6,5.4,3.08,2.952,2.351,0.152,0.022,0.015,0.004,14.3
2.5,6.4,3.962,3.833,3.025,0.225,0.041,0.025,0.013,20.5,1.8,5.7,3.572,3.463,2.844,0.268,0.027,0.015,0.007,16.5
2.3,5.9,3.153,3.035,2.534,0.118,0.035,0.021,0.006,16,2.5,6.4,3.962,3.833,3.025,0.225,0.041,0.025,0.013,20.5
2.2,6.1,2.383,2.295,1.805,0.096,0.03,0.019,0.004,22.4,2.3,5.9,3.153,3.035,2.534,0.118,0.035,0.021,0.006,16
2.2,6.6,2.067,1.901,1.293,0.141,0.033,0.02,0.005,18.4,2.2,6.1,2.383,2.295,1.805,0.096,0.03,0.019,0.004,22.4
2.7,8.4,2.867,2.668,2.069,0.123,0.093,0.058,0.042,24.1,2.2,6.6,2.067,1.901,1.293,0.141,0.033,0.02,0.005,18.4
2.7,7.9,2.353,2.047,1.397,0.057,0.05,0.024,0.006,28.7,2.7,8.4,2.867,2.668,2.069,0.123,0.093,0.058,0.042,24.1
2.1,7.6,2.622,2.488,1.92,0.091,0.071,0.048,0.038,18.7,2.7,7.9,2.353,2.047,1.397,0.057,0.05,0.024,0.006,28.7
1.9,7.3,2.711,2.576,2.065,0.055,0.056,0.036,0.028,28.4,2.1,7.6,2.622,2.488,1.92,0.091,0.071,0.048,0.038,18.7
1.6,6.1,2.625,2.529,2.02,0.038,0.022,0.01,0.003,28.9,1.9,7.3,2.711,2.576,2.065,0.055,0.056,0.036,0.028,28.4
1.4,5.5,3.038,2.924,2.324,0.07,0.022,0.012,0.005,10.3,1.6,6.1,2.625,2.529,2.02,0.038,0.022,0.01,0.003,28.9
1.8,5.7,3.263,3.153,2.712,0.077,0.022,0.012,0.004,19.2,1.4,5.5,3.038,2.924,2.324,0.07,0.022,0.012,0.005,10.3
2.1,5.9,3.378,3.232,2.731,0.11,0.022,0.011,0.003,19.4,1.8,5.7,3.263,3.153,2.712,0.077,0.022,0.012,0.004,19.2
2.5,6.2,3.354,3.207,2.702,0.108,0.026,0.013,0.002,21.3,2.1,5.9,3.378,3.232,2.731,0.11,0.022,0.011,0.003,19.4
2.2,5.9,2.917,2.767,2.133,0.102,0.029,0.015,0.003,18.1,2.5,6.2,3.354,3.207,2.702,0.108,0.026,0.013,0.002,21.3
2,5.7,2.474,2.269,1.631,0.094,0.024,0.014,0.004,12.8,2.2,5.9,2.917,2.767,2.133,0.102,0.029,0.015,0.003,18.1
2.3,6.9,1.89,1.699,1.087,0.09,0.033,0.015,0.003,23.1,2,5.7,2.474,2.269,1.631,0.094,0.024,0.014,0.004,12.8
2.2,7.3,2.054,1.861,1.086,0.133,0.063,0.034,0.024,25.8,2.3,6.9,1.89,1.699,1.087,0.09,0.033,0.015,0.003,23.1
2,7.3,2.668,2.461,1.812,0.091,0.068,0.045,0.032,24.7,2.2,7.3,2.054,1.861,1.086,0.133,0.063,0.034,0.024,25.8
2.2,6.7,2.246,2.071,1.558,0.065,0.039,0.018,0.007,34.3,2,7.3,2.668,2.461,1.812,0.091,0.068,0.045,0.032,24.7
1.7,6.1,2.133,1.998,1.426,0.057,0.03,0.013,0.004,25.6,2.2,6.7,2.246,2.071,1.558,0.065,0.039,0.018,0.007,34.3
1.7,5.9,2.514,2.358,1.63,0.055,0.03,0.015,0.004,18.4,1.7,6.1,2.133,1.998,1.426,0.057,0.03,0.013,0.004,25.6
1.7,5.5,3.081,2.892,2.068,0.097,0.02,0.012,0.002,13.6,1.7,5.9,2.514,2.358,1.63,0.055,0.03,0.015,0.004,18.4
1.8,5.6,3.68,3.443,2.6,0.187,0.026,0.014,0.002,15.9,1.7,5.5,3.081,2.892,2.068,0.097,0.02,0.012,0.002,13.6
2.4,6.2,3.749,3.515,2.717,0.145,0.022,0.009,0.001,25.9,1.8,5.6,3.68,3.443,2.6,0.187,0.026,0.014,0.002,15.9
2.6,7.1,3.782,3.54,2.896,0.15,0.032,0.013,0.003,36.1,2.4,6.2,3.749,3.515,2.717,0.145,0.022,0.009,0.001,25.9
2.5,6.8,3.374,3.184,2.712,0.058,0.032,0.013,0.002,31.3,2.6,7.1,3.782,3.54,2.896,0.15,0.032,0.013,0.003,36.1
2,6.4,2.719,2.592,2.111,0.082,0.034,0.014,0.006,26.3,2.5,6.8,3.374,3.184,2.712,0.058,0.032,0.013,0.002,31.3
2.1,6.6,2.331,2.172,1.552,0.093,0.029,0.017,0.003,19.4,2,6.4,2.719,2.592,2.111,0.082,0.034,0.014,0.006,26.3
2.4,8.8,2.837,2.64,2.065,0.09,0.079,0.045,0.034,25,2.1,6.6,2.331,2.172,1.552,0.093,0.029,0.017,0.003,19.4
2.6,9.3,2.02,1.815,1.207,0.085,0.083,0.044,0.026,42.9,2.4,8.8,2.837,2.64,2.065,0.09,0.079,0.045,0.034,25
1.7,7.4,2.67,2.491,2.039,0.066,0.086,0.056,0.048,17.1,2.6,9.3,2.02,1.815,1.207,0.085,0.083,0.044,0.026,42.9
1.6,7.5,2.735,2.482,1.901,0.059,0.065,0.045,0.038,15.6,1.7,7.4,2.67,2.491,2.039,0.066,0.086,0.056,0.048,17.1
1.8,6.6,2.945,2.849,2.156,0.043,0.03,0.014,0.002,34.6,1.6,7.5,2.735,2.482,1.901,0.059,0.065,0.045,0.038,15.6
1.8,5.5,3.151,3.045,2.539,0.081,0.023,0.009,0.003,20.5,1.8,6.6,2.945,2.849,2.156,0.043,0.03,0.014,0.002,34.6
1.9,5.3,3.517,3.372,2.918,0.113,0.023,0.011,0.004,19.5,1.8,5.5,3.151,3.045,2.539,0.081,0.023,0.009,0.003,20.5
2.3,5.9,3.599,3.462,2.953,0.12,0.032,0.01,0.002,30.5,1.9,5.3,3.517,3.372,2.918,0.113,0.023,0.011,0.004,19.5
2.5,6.3,3.468,3.346,2.846,0.075,0.023,0.008,0,28,2.3,5.9,3.599,3.462,2.953,0.12,0.032,0.01,0.002,30.5
1.9,5.6,3.028,2.905,2.328,0.059,0.023,0.01,0.001,15.8,2.5,6.3,3.468,3.346,2.846,0.075,0.023,0.008,0,28
1.7,5.5,2.301,2.133,1.597,0.094,0.033,0.019,0.004,11.5,1.9,5.6,3.028,2.905,2.328,0.059,0.023,0.01,0.001,15.8
2,6.5,1.76,1.603,1.068,0.055,0.028,0.018,0.001,19.9,1.7,5.5,2.301,2.133,1.597,0.094,0.033,0.019,0.004,11.5
2.1,7.3,2.178,1.946,1.161,0.09,0.063,0.042,0.02,22.2,2,6.5,1.76,1.603,1.068,0.055,0.028,0.018,0.001,19.9
2.3,7,1.613,1.456,1,0.06,0.056,0.029,0.01,30.4,2.1,7.3,2.178,1.946,1.161,0.09,0.063,0.042,0.02,22.2
1.9,7,1.821,1.689,1.276,0.071,0.072,0.039,0.026,29.9,2.3,7,1.613,1.456,1,0.06,0.056,0.029,0.01,30.4
1.5,7.6,2.881,2.728,2.155,0.061,0.075,0.055,0.043,17.6,1.9,7,1.821,1.689,1.276,0.071,0.072,0.039,0.026,29.9
1.3,5.9,2.698,2.586,2.236,0.076,0.028,0.016,0.005,22,1.5,7.6,2.881,2.728,2.155,0.061,0.075,0.055,0.043,17.6
1.7,5.6,3.003,2.832,2.394,0.088,0.024,0.014,0.003,17.9,1.3,5.9,2.698,2.586,2.236,0.076,0.028,0.016,0.005,22
