Year, Month,Data,Spot,Time,BOD,COD,TN,TP,TOC,NH3N,NO3N,PO4P,SS,pH,DO,EC,Chla,WT,WL,WS,RF,TI,TD
2016,1,2016.01.04,ав╩Й,0,4.1,6.1,4.476,0.092,4.7,0.422,3.661,0.014,9.4,7.7,15.6,348,86.9,6.8,3.51,25.75,0,23.338,23.338
2016,1,2016.01.11,ав╩Й,7,3.6,6.4,4.52,0.092,6.1,0.42,3.361,0,10.8,8.1,14.2,345,114.7,5.8,3.48,25.575,0,20.703,23.488
2016,1,2016.01.18,ав╩Й,14,4.1,7.1,5.105,0.075,6.8,0.36,4.204,0.001,13.7,8,17,379,112.9,5.3,3.53,25.882,3.8457,22.312,20.022
2016,1,2016.01.28,ав╩Й,24,4.9,8.2,5.698,0.113,7.7,0.471,4.187,0,14.6,8.4,15.8,376,116.6,3.2,3.54,25.948,9.4872,29.833,25.522
2016,2,2016.02.02,ав╩Й,29,2.9,5.9,5.458,0.146,5.3,1.18,3.823,0.052,11.5,7.1,14.1,408,32.6,3.4,3.53,25.882,0,41.374,45.953
2016,2,2016.02.11,ав╩Й,38,4.4,6.6,4.486,0.136,6.8,0.746,3.068,0.039,9.8,7.8,14.4,352,66.8,4.9,3.46,25.467,0,26.805,29.322
2016,2,2016.02.15,ав╩Й,42,3.2,5.6,5.383,0.128,5.2,0.981,3.252,0.044,14.6,7.3,14.4,353,43.1,6,3.64,26.607,0.8294,60.251,64.83
2016,2,2016.02.22,ав╩Й,49,3.4,6,4.169,0.129,5.1,1.171,2.343,0.06,10.7,7.2,12.9,298,38.6,7.3,3.54,25.948,0,27.273,23.591
2016,2,2016.02.29,ав╩Й,56,5.3,6.8,4.043,0.111,5.5,0.652,2.608,0.016,17.1,7.4,13.9,285,75.1,6.9,3.57,26.146,1.2874,30.534,28.244
2016,3,2016.03.07,ав╩Й,63,5.5,7.2,6.055,0.176,6.2,1.835,2.961,0.038,22.3,7.1,11.1,364,27.4,10.5,3.69,26.937,0,101.083,107.189
2016,3,2016.03.14,ав╩Й,70,3,5.8,3.365,0.106,5.1,0.638,2.007,0.009,16.4,6.9,11.8,212,15.7,9.3,3.63,26.541,0.0025,40.832,42.358
2016,3,2016.03.21,ав╩Й,77,3,6.2,3.696,0.1,5.2,0.642,2.604,0.005,10.4,7,10.3,243,47.4,10.8,3.54,25.948,0,25.691,27.217
2016,3,2016.03.28,ав╩Й,84,5,7.3,4.008,0.075,5.3,0.431,2.842,0.001,13,7.8,13.3,280,87.6,11.3,3.52,25.816,0,21.952,23.478
2016,4,2016.04.04,ав╩Й,91,3.9,7,4.118,0.058,5.2,0.649,2.966,0.003,4.1,8.2,13.4,314,28.5,14.7,3.5,25.684,1.5107,15.814,17.34
2016,4,2016.04.11,ав╩Й,98,3,6.5,5.271,0.109,5.3,1.525,3.225,0.026,4.1,6.6,6.9,383,17.8,15.7,3.49,25.63,0,32.709,37.154
2016,4,2016.04.18,ав╩Й,105,3.7,6.2,3.434,0.115,5.2,0.87,1.994,0.04,12.4,6.6,6.5,277,16.6,16.9,3.58,26.212,0,100.126,97.836
2016,4,2016.04.25,ав╩Й,112,4.5,7.1,3.298,0.114,5,0.495,1.861,0.006,10.3,7.7,11.6,213,61.5,17.4,3.62,26.475,0,55.945,60.524
2016,5,2016.05.02,ав╩Й,119,3.1,6.6,2.612,0.109,5.9,0.29,1.512,0.015,13.4,7.2,9.5,162,32.9,18,3.53,25.882,16.0136,61.426,67.532
2016,5,2016.05.09,ав╩Й,126,3.9,6.6,2.356,0.099,4.9,0.293,1.334,0.028,11.5,7.3,10.1,173,59.7,18.7,3.55,26.014,0.1795,43.388,47.204
2016,5,2016.05.16,ав╩Й,133,5.2,7.5,2.916,0.081,5.2,0.266,2.162,0.013,10.1,8.4,13.3,233,84.7,21,3.62,26.475,5.7402,57.202,48.807
2016,5,2016.05.23,ав╩Й,140,3,7.2,2.994,0.092,5.6,0.22,2.068,0.017,7.9,8.6,10.6,243,13.6,24.5,3.49,25.63,0,29.854,32.01
2016,5,2016.05.30,ав╩Й,147,3.3,7.9,3.625,0.101,6.1,1.156,1.434,0.048,11,7.1,6.8,315,38.4,23.2,3.51,25.75,0,35.064,35.827
2016,6,2016.06.07,ав╩Й,154,3.1,8.5,3.903,0.116,6.8,1.152,1.454,0.031,12.6,7.3,9.8,301,45.5,23.8,3.6,26.343,0.887,52.565,54.855
2016,6,2016.06.13,ав╩Й,160,2.9,8.1,3.844,0.106,7,1.07,1.844,0.011,11,7.8,8.8,296,40,23.8,3.54,25.948,0,34.911,35.674
2016,6,2016.06.20,ав╩Й,167,4.3,8.8,3.376,0.099,6.9,0.736,1.468,0.003,10.4,7.8,6.4,293,45.5,24.9,3.62,26.475,17.7428,58.295,49.9
2016,6,2016.06.27,ав╩Й,174,2.7,7.5,3.889,0.16,6.4,1.67,1.458,0.103,10.4,6.8,6.6,240,9.5,24.5,3.52,25.816,0.0856,30.504,34.32
2016,7,2016.07.05,ав╩Й,182,3.3,6.5,2.221,0.177,5.7,0.253,1.216,0.065,24,6.2,7.4,113,2.8,21.8,3.64,26.607,18.674,217.571,206.257
2016,7,2016.07.11,ав╩Й,188,2.7,5.7,2.316,0.133,4.9,0.297,1.432,0.068,9.2,7.1,6.7,156,28.9,26.8,3.58,26.212,4.0443,63.933,70.039
2016,7,2016.07.18,ав╩Й,195,2.3,5.7,2.604,0.096,5.4,0.68,1.377,0.065,9.6,6.8,5.5,215,14.9,26.3,3.63,26.541,0,47.71,46.947
2016,7,2016.07.25,ав╩Й,202,1.8,6.5,2.812,0.119,5.2,0.668,1.554,0.062,7,7.7,5.4,243,19.8,27.3,3.56,26.08,0,33.17,35.46
2016,8,2016.08.01,ав╩Й,209,3.8,7.6,2.245,0.08,7.3,0.447,1.211,0.044,6.7,7.3,4.2,271,12.1,28.9,3.62,26.475,0,33.224,30.934
2016,8,2016.08.08,ав╩Й,216,2.8,7.4,2.807,0.088,5.9,0.977,1.109,0.063,6.9,7.8,4.5,308,11,29.7,3.76,27.398,6.319,63.366,57.26
2016,8,2016.08.16,ав╩Й,224,1.7,7.5,2.313,0.117,6.4,0.679,0.952,0.071,4.7,7.3,5,264,10.1,30.1,3.58,26.212,0,36.101,34.575
2016,8,2016.08.22,ав╩Й,230,2.8,9.3,2.335,0.141,7.5,0.656,0.74,0.091,7.7,7.2,5.6,276,16.9,30.4,3.54,25.948,0.0226,26.2,27.726
2016,8,2016.08.29,ав╩Й,237,3.1,9.2,2.939,0.213,6.7,1.165,0.874,0.121,11,6.8,4,298,24.4,27.9,3.55,26.014,0,41.697,48.566
2016,9,2016.09.05,ав╩Й,244,2.4,7.3,2.84,0.103,6.1,1.075,1.16,0.073,9.5,7.2,6.3,283,21.1,25.7,3.7,27.003,0.2782,68.276,56.065
2016,9,2016.09.12,ав╩Й,251,2.5,7.3,3.011,0.117,6.4,0.973,1.386,0.087,4.5,6.5,5.4,314,14.2,25.9,3.57,26.146,2.9716,47.516,49.806
2016,9,2016.09.20,ав╩Й,259,1.9,7,2.649,0.185,5,0.311,1.513,0.114,14.3,7,6.6,130,3,21.5,3.69,26.937,0.0447,84.958,68.57
2016,9,2016.09.26,ав╩Й,265,5.5,7.8,2.781,0.157,6.3,0.327,1.872,0.053,8,7.9,11.1,168,89.4,23.1,3.53,25.882,1.9578,33.825,32.299
2016,10,2016.10.04,ав╩Й,273,3.1,6.2,3.269,0.166,4.7,0.948,2.086,0.128,11.1,6.7,5.9,254,18.1,22.6,2.9,22.496,3.5527,85.169,141.148
2016,10,2016.10.10,ав╩Й,279,1.8,6.4,2.182,0.169,4.5,0.39,1.593,0.118,13.9,6.8,7.3,140,4.5,18.6,3.54,25.948,0,108.496,111.549
2016,10,2016.10.18,ав╩Й,287,4.2,5.8,3.426,0.198,4.3,0.82,1.985,0.096,17.4,6.5,9.5,205,7.8,18.3,3.55,26.014,0,105.311,105.311
2016,10,2016.10.24,ав╩Й,293,2.5,5.7,2.488,0.148,3.6,0.331,1.135,0.051,9,6.4,7.2,175,14.4,18.4,3.53,25.882,0.222,42.406,42.406
2016,11,2016.11.01,ав╩Й,301,3.5,5.5,3.423,0.09,4.1,0.479,1.386,0.011,13.1,7.1,8.6,262,34.7,15.9,3.51,25.75,0,35.474,39.29
2016,11,2016.11.07,ав╩Й,307,3.9,6.3,3.933,0.094,4,0.499,2.447,0.014,10.4,6.6,10.8,281,40.1,14.6,3.5,25.684,0.1768,29.163,29.926
2016,11,2016.11.14,ав╩Й,314,4,6.3,3.962,0.107,4.6,0.481,2.094,0.008,7.6,7.3,13.6,299,51.1,13.3,3.52,25.816,3.3221,31.254,31.254
2016,11,2016.11.21,ав╩Й,321,3,6.4,4.713,0.092,4.3,0.69,3.153,0.012,6,7,11,337,21.4,13,3.51,25.75,0.1088,32.677,34.203
2016,11,2016.11.28,ав╩Й,328,3.1,5.8,4.825,0.107,4.9,0.963,3.144,0.049,7.4,6.9,9.7,353,11.9,10.6,3.51,25.75,0,25.354,26.117
2016,12,2016.12.05,ав╩Й,335,2.8,5.8,4.701,0.097,4.9,1.024,3.019,0.044,7,6.7,9.4,347,22.8,8.9,3.52,25.816,0,22.833,22.833
2016,12,2016.12.12,ав╩Й,342,3.2,6.2,4.946,0.078,4.4,0.959,3.252,0.009,6.6,6.9,12.5,361,35.5,7.3,3.52,25.816,0.6972,23.987,23.224
2016,12,2016.12.19,ав╩Й,349,3.5,6,5.303,0.079,5.4,0.866,3.56,0.014,5.5,7.1,11.9,346,41.4,6.5,3.52,25.816,9.4378,33.118,31.592
2016,12,2016.12.26,ав╩Й,356,2.3,5.4,5.754,0.072,5,1.048,3.694,0,6.5,6.9,11.1,463,10.3,7,3.58,26.212,11.6985,42.843,39.79
2017,1,2017.01.02,ав╩Й,363,2.6,5.7,5.446,0.123,5.1,1.358,3.045,0.065,5.2,7.3,10.2,400,11,6.4,3.52,25.816,0,30.514,29.751
2017,1,2017.01.09,ав╩Й,370,3.6,6.9,4.389,0.117,5,0.667,2.794,0.013,13,6.6,13.5,332,63.9,6.3,3.52,25.816,0.1978,19.846,19.846
2017,1,2017.01.16,ав╩Й,377,3.3,6.8,4.562,0.081,4.8,0.845,3.126,0,10.1,6.9,14.3,341,59,4.9,3.5,25.684,0,20.898,20.898
2017,1,2017.01.24,ав╩Й,385,5,8.2,4.964,0.095,6.5,0.622,3.412,0.003,15.8,8.3,15.5,359,94.3,3.9,3.49,25.63,0.131,19.965,20.594
2017,1,2017.01.31,ав╩Й,392,5.1,11.2,5.311,0.105,7,0.395,2.499,0.004,18.7,7.4,13.8,370,124.7,3.9,3.52,25.816,0,21.275,22.038
2017,2,2017.02.06,ав╩Й,398,5,10.9,5.591,0.125,7.8,0.61,3.933,0.023,20.7,8,16.6,385,115.1,4.4,3.52,25.816,0.0574,19.135,16.35
2017,2,2017.02.13,ав╩Й,405,7.1,11.5,5.681,0.102,8.3,0.703,3.731,0.006,22.2,8,15.2,402,142.4,4.2,3.46,25.467,0,23.681,26.961
2017,2,2017.02.20,ав╩Й,412,6,9.2,6.147,0.104,7.1,1.306,3.749,0.01,21.7,7.2,15.7,443,61.8,5.9,3.52,25.816,0.6989,33.27,32.507
2017,2,2017.02.27,ав╩Й,419,6.9,11.8,6.829,0.111,7.3,2.228,3.532,0.008,21.4,7.6,14.1,467,73.6,6.8,3.69,26.937,0,40.424,31.266
2017,3,2017.03.06,ав╩Й,426,6.5,11.7,6.92,0.117,7.8,2.584,2.819,0.016,19.5,7.9,13.8,398,49.4,7.2,3.51,25.75,0,5.52,3.498
2017,3,2017.03.13,ав╩Й,433,5.1,9.1,4.596,0.065,6.2,1.25,2.383,0.005,12.9,8,15.7,393,22.9,8.8,3.53,25.882,0,21.267,18.348
2017,3,2017.03.20,ав╩Й,440,3.1,7.2,5.713,0.087,6.1,1.462,2.658,0.027,4.6,7.2,11.1,355,8.8,9.6,3.54,25.948,7.5479,19.03,17.504
2017,3,2017.03.27,ав╩Й,447,4.9,8.6,6.329,0.097,6.2,2.43,2.753,0.018,7.6,7.6,13.2,383,42.9,11.1,3.46,25.467,1.5949,7.029,6.4
2017,4,2017.04.03,ав╩Й,454,4.3,8.1,6.381,0.064,6.2,2.823,2.578,0.003,8,7.4,11.8,400,36.3,12,3.51,25.75,0,17.011,18.537
2017,4,2017.04.10,ав╩Й,461,4.6,9,5.697,0.092,7.3,2.852,2.294,0.027,6.3,6.9,10,387,40.8,15.5,3.52,25.816,0.1661,33.02,33.02
2017,4,2017.04.17,ав╩Й,468,7,11.2,5.649,0.138,8,2.168,2.106,0.03,10.3,6.9,12.5,351,112.2,17.5,3.46,25.467,10.6257,25.396,28.676
2017,4,2017.04.24,ав╩Й,475,4.8,8.6,4.328,0.08,6.4,1.473,1.753,0.002,10,7.1,9.1,293,55,16.8,3.49,25.63,0,17.594,18.223
2017,5,2017.05.08,ав╩Й,489,3.5,8,4.557,0.089,6.1,1.414,1.936,0.04,5.1,6.7,7.1,353,10.7,19.7,3.48,25.575,0,13.802,15.06
2017,5,2017.05.15,ав╩Й,496,3.7,9.4,4.806,0.087,6.9,1.688,1.933,0.029,5.7,7.5,8.6,376,30.2,19.8,3.49,25.63,0,12.416,12.416
2017,5,2017.05.22,ав╩Й,503,2.9,11.4,4.858,0.037,7.5,1.405,2.298,0.003,7.2,7.9,10.5,386,14.2,21.4,3.48,25.575,0,16.736,16.736
2017,5,2017.05.29,ав╩Й,510,3.7,12.6,5.093,0.065,9.4,1.553,2.153,0.006,10.2,7.6,11.2,401,25.7,21.8,3.53,25.882,0,19.541,18.015
2017,6,2017.06.05,ав╩Й,517,9.6,19.5,5.075,0.108,13.5,1.292,2.026,0.014,21.4,7.7,8.7,409,49.7,23.5,2.51,20.663,0.0149,22.642,22.642
2017,6,2017.06.12,ав╩Й,524,7.1,12.5,4.164,0.075,9.4,1.405,2.149,0.002,14.4,7.4,9.9,391,44.8,23.5,2.52,20.71,0,21.91,20.822
2017,6,2017.06.19,ав╩Й,531,3.3,12.6,3.69,0.063,8.8,0.926,1.479,0.003,6.3,7.2,8.4,354,25.5,24.3,2.51,20.663,0,13.186,13.73
2017,6,2017.06.26,ав╩Й,538,3.4,14.4,3.039,0.068,9.8,0.458,1.453,0.009,9.6,7.2,6.2,341,15.8,25.5,2.55,20.851,20.8794,90.94,87.675
2017,7,2017.07.03,ав╩Й,545,2.6,10.2,4.699,0.179,8.1,2.131,1.561,0.103,14.7,6.7,4.5,316,10.8,25.7,2.52,20.71,11.6713,41.838,42.382
2017,7,2017.07.10,ав╩Й,552,4.1,11.1,3.57,0.206,8.4,1.475,1.212,0.142,11.8,6.6,5.4,310,11.6,27.6,2.5,20.616,5.1065,35.664,36.208
2017,7,2017.07.17,ав╩Й,559,3.2,7.3,2.45,0.127,5.9,0.72,1.69,0.054,14.1,6.2,5.7,177,8.3,26.7,2.5,20.616,10.6665,46.434,46.978
2017,7,2017.07.24,ав╩Й,566,2.6,7,2.458,0.067,5.7,0.327,1.839,0.018,5.8,7.1,6.5,201,27,28.5,2.53,20.757,0,17.53,16.442
2017,8,2017.08.07,ав╩Й,580,5.9,12.5,2.303,0.108,9.1,0.411,1.157,0.027,14.4,8.1,10.9,232,33.5,30.5,2.53,20.757,0.0195,16.519,15.431
2017,8,2017.08.14,ав╩Й,587,4.9,11.4,2.232,0.157,7.9,0.798,0.759,0.087,21,6.6,6,233,31,28.5,2.65,21.321,46.9502,155.727,147.021
2017,8,2017.08.21,ав╩Й,594,3.3,8.2,2.293,0.114,6.4,0.61,1.079,0.059,15.1,6.6,5.8,209,12.3,26.6,2.54,20.804,63.5848,355.32,354.232
2017,8,2017.08.28,ав╩Й,601,3,8.8,2.645,0.156,6.9,0.25,1.816,0.088,14.5,6.7,6.5,138,7.1,25.5,2.48,20.521,0.0846,48.545,50.721
2017,9,2017.09.04,ав╩Й,608,6.9,12.9,2.587,0.234,8,0.157,1.416,0.041,20.9,7.9,11.6,191,66,25.6,2.6,21.086,0.0258,27.228,22.875
2017,9,2017.09.12,ав╩Й,616,2.6,7.4,2.198,0.206,5.4,0.29,1.15,0.106,36.8,6.6,6.9,148,10.6,22.5,2.5,20.616,0.031,202.143,200.511
2017,9,2017.09.18,ав╩Й,622,4.9,8.6,1.911,0.076,5.9,0.009,1.4,0.023,11.1,7.4,11.5,179,71,23.6,2.51,20.663,0,23.677,25.309
2017,9,2017.09.25,ав╩Й,629,5.2,11.3,2.214,0.072,6.2,0.025,1.402,0.015,10.9,7.8,11.3,236,52.3,23.9,2.52,20.71,0,20.804,20.26
2017,10,2017.10.10,ав╩Й,644,5.8,9,2.072,0.081,6.5,0.074,1.282,0.02,8.8,7.5,8.2,218,89.8,21,2.49,20.568,0,29.934,33.199
2017,10,2017.10.16,ав╩Й,650,3,6.3,2.89,0.102,4.9,0.703,1.63,0.005,14.1,6.8,7.1,266,13.2,19.3,2.58,20.992,0.031,24.003,20.738
2017,10,2017.10.23,ав╩Й,657,2.7,6.7,3.588,0.081,4.8,0.97,2.132,0.024,16.2,7.3,8.5,303,13.3,18.3,2.55,20.851,0,13.565,14.109
2017,10,2017.10.30,ав╩Й,664,3.6,7.1,3.881,0.058,6.3,0.961,2.211,0.009,15.5,7,10.8,346,23.9,16.9,2.51,20.663,0,17.329,19.505
2017,11,2017.11.06,ав╩Й,671,3.6,8.9,4.125,0.094,6.9,1.083,2.478,0.024,12.4,6.8,9.8,389,13.2,14.7,2.51,20.663,0,13.352,13.352
2017,11,2017.11.13,ав╩Й,678,3,7.7,4.496,0.099,5.8,1.054,2.739,0.017,15.3,7.6,8.4,368,9,13.5,2.33,19.816,0,27.106,37.444
2017,11,2017.11.20,ав╩Й,685,4.9,8.8,4.988,0.103,7.2,1.041,2.744,0.019,15.4,7.9,10.6,401,32.7,10.3,2,18.265,0,14.174,14.718
2017,11,2017.11.27,ав╩Й,692,3,7.8,5.578,0.077,6.2,1.411,2.969,0.015,14.5,7.5,11,460,11.1,8.5,1.51,16.259,0,15.171,16.118
2017,12,2017.12.04,ав╩Й,699,4,8.2,5.935,0.1,5.8,1.247,3.17,0.009,11.1,7,10.7,490,14.8,7.2,1.51,16.259,0.3381,13.585,13.585
2017,12,2017.12.11,ав╩Й,706,4.3,8.7,5.94,0.082,6.3,1.726,2.625,0.009,12.9,7.7,12.4,523,27.7,5.7,1.52,16.3,0.152,16.787,17.734
2017,12,2017.12.18,ав╩Й,713,3.4,7.5,6.262,0.05,6,2.08,2.765,0.018,6.7,8.1,15,563,28.3,4,1.52,16.3,0,18.52,17.099
2017,12,2017.12.26,ав╩Й,721,4.7,9.2,6.736,0.077,6.9,2.362,3.765,0.005,14.9,7.7,14.1,546,39.5,4.8,1.5,16.219,0.0295,17.619,18.093
2018,1,2018.01.02,ав╩Й,728,4.5,8.7,7.252,0.068,6,3.149,2.992,0.025,10.2,7.6,14.9,530,15.8,4.4,1.53,16.341,0,10.237,9.29
2018,1,2018.01.08,ав╩Й,734,6.7,11.8,6.449,0.121,9.1,2.403,2.646,0.016,17.3,7.8,16.5,457,100.3,4.4,1.49,16.178,1.4818,11.602,13.023
2018,1,2018.01.15,ав╩Й,741,6.2,11.3,6.898,0.104,8.5,2.855,2.913,0.014,15,8.2,15.6,483,87.1,3.4,1.53,16.341,5.7123,17.99,17.516
2018,1,2018.01.22,ав╩Й,748,7.6,13.6,7.609,0.206,10.4,3.291,3.224,0.034,30.8,8.3,15.3,533,136,5.5,1.55,16.423,0.669,18.538,16.169
2018,1,2018.01.29,ав╩Й,755,7.7,13.5,5.648,0.184,10.9,1.601,2.298,0.015,22.7,8.4,13.4,445,174.2,3.9,1.51,16.259,0.0938,16.227,13.858
2018,2,2018.02.05,ав╩Й,762,5.8,11.2,6.507,0.111,8.2,3.085,2.451,0.012,11.3,8.9,15.8,471,57.1,2.5,1.52,16.3,1.3496,13.019,11.598
2018,2,2018.02.13,ав╩Й,770,5.5,9.3,7.557,0.103,7.6,4.118,2.522,0.006,13.8,8.5,14.8,481,49.3,3.8,1.52,16.3,0.3106,14.268,15.689
2018,2,2018.02.19,ав╩Й,776,5.4,9.9,7.179,0.112,7.5,4.741,2.312,0.022,13.6,8.3,15.2,496,48.6,4.4,1.5,16.219,0.5135,12.261,13.208
2018,2,2018.02.26,ав╩Й,783,5.2,10.9,9.501,0.119,7.4,6.213,2.493,0.018,10.9,8.2,14.2,507,38.3,6,1.51,16.259,0,13.217,13.217
2018,3,2018.03.05,ав╩Й,790,5.3,9.6,9.267,0.108,7.9,6.611,1.924,0.012,12.5,7.8,11.1,680,29.1,9.3,1.56,16.464,6.9569,25.449,23.08
2018,3,2018.03.12,ав╩Й,797,5.5,10.9,7.108,0.125,7.8,4.433,1.698,0.02,9.9,7.7,9.5,432,20.3,10.6,1.54,16.382,0,26.22,24.799
2018,3,2018.03.19,ав╩Й,804,5.3,10.9,5.538,0.28,7.4,1.625,2.717,0.089,71.6,7.5,9.1,261,9.9,12.5,1.44,15.973,19.0655,305.129,310.814
2018,3,2018.03.26,ав╩Й,811,3.7,7.6,4.613,0.094,6,1.244,2.359,0.032,15.3,7.5,10,262,39.5,11.4,1.52,16.3,0,39.231,36.389
2018,4,2018.04.02,ав╩Й,818,4.9,8.9,5.456,0.07,6.7,2.189,2.271,0.01,15.4,8.5,12.7,317,49.2,17.1,1.52,16.3,0,19.77,19.77
2018,4,2018.04.09,ав╩Й,825,3.6,7.7,3.523,0.11,5.7,1.15,1.9,0.029,19.8,7.8,9.6,249,57.5,12.9,1.5,16.219,0,48.133,45.764
2018,4,2018.04.16,ав╩Й,832,5.4,9.7,5.345,0.114,6.7,2.489,2.486,0.035,21,8.2,11.2,321,65.7,14.9,1.51,16.259,0,37.291,37.291
2018,4,2018.04.23,ав╩Й,839,4.7,8,4.023,0.092,6.1,1.667,1.858,0.015,19.9,8.2,9.7,299,27.6,18.3,1.57,16.505,49.2155,156.661,153.819
2018,4,2018.04.30,ав╩Й,846,5.3,8.7,4.252,0.112,6.5,0.652,2.372,0.025,17.1,8.3,9.7,226,66.3,19,1.47,16.096,0,41.186,42.133
2018,5,2018.05.08,ав╩Й,854,4.8,9.1,4.719,0.133,6.7,2.072,1.669,0.048,25.9,7.5,8.3,317,34,18.5,1.6,16.628,0.0121,97.978,91.346
2018,5,2018.05.14,ав╩Й,860,4.4,8.1,3.99,0.091,6.2,1.665,1.667,0.024,14.8,7.5,6.9,286,48.8,20.2,1.53,16.341,0,60.426,57.584
2018,5,2018.05.21,ав╩Й,867,4,8.2,3.444,0.099,6.5,1.497,1.163,0.018,14.9,7.4,6.9,297,64.1,21.9,1.53,16.341,0,28.65,25.808
2018,5,2018.05.28,ав╩Й,874,7.7,13.1,3.484,0.091,8.4,0.949,1.3,0.012,16.4,8.3,8.1,289,91.7,22.4,1.55,16.423,0.1651,31.563,31.563
2018,6,2018.06.04,ав╩Й,881,4,11.3,4.009,0.065,8.1,1.429,1.383,0.009,8.7,7.9,5.9,320,29.7,24.5,1.53,16.341,0,26.371,26.845
2018,6,2018.06.11,ав╩Й,888,3.6,11.1,4.199,0.116,8.6,1.352,1.485,0.037,13.3,7.6,4.1,337,20.5,25.5,1.55,16.423,2.5,29.488,28.541
2018,6,2018.06.18,ав╩Й,895,4.1,11.9,4.013,0.088,8.2,1.422,1.298,0.023,9.8,7.8,4,351,30.2,25.3,1.53,16.341,0,22.494,22.968
2018,6,2018.06.25,ав╩Й,902,4.2,12.7,3.367,0.069,9.6,1.067,1.183,0.023,9.9,8.1,6.2,346,24.4,26.3,1.53,16.341,0,20.29,19.816
2018,7,2018.07.02,ав╩Й,909,3.9,10.8,2.562,0.189,7.4,0.303,1.251,0.101,59.9,7.5,6.1,127,4.5,23.6,1.41,15.85,24.1789,635.123,638.913
2018,7,2018.07.09,ав╩Й,916,5.2,8.6,3.416,0.083,6.9,0.771,1.568,0.038,17.1,7.5,7.8,226,67.1,26.1,1.45,16.014,0.0012,46.692,50.008
2018,7,2018.07.16,ав╩Й,923,4.6,7.9,3.631,0.073,6.1,0.632,1.796,0.051,6.7,8.7,5.8,283,19.4,29.4,1.49,16.178,0,23.202,24.149
2018,7,2018.07.23,ав╩Й,930,6.1,11.9,2.555,0.133,8.1,0.525,1.303,0.066,12.4,8.7,7.4,330,41.5,31.2,1.48,16.137,0,14.005,13.531
2018,7,2018.07.30,ав╩Й,937,6.9,15.3,2.712,0.147,9.8,0.346,0.834,0.075,18.4,9,7.9,353,77,31.7,1.47,16.096,1.5099,16.162,17.583
2018,8,2018.08.06,ав╩Й,943,5.3,15.4,2.878,0.159,10.2,0.779,0.825,0.076,19.9,8.7,7.6,386,44,31.4,1.46,16.055,0.0248,9.917,10.864
2018,8,2018.08.13,ав╩Й,950,3.1,10.9,3.925,0.206,8,2.018,1.478,0.131,14.6,7.4,3.5,329,25,30.8,1.5,16.219,0,28.069,29.016
2018,8,2018.08.20,ав╩Й,957,4.1,11.9,2.479,0.136,7.8,0.968,0.872,0.054,15,8,7.4,278,44.4,29.2,1.48,16.137,0,9.498,9.024
2018,8,2018.08.28,ав╩Й,965,3.2,9.9,1.919,0.25,7.2,0.198,1.413,0.066,69.9,6.6,5.8,106,7.7,24.1,1.47,16.096,0.9351,704.403,743.113
2018,9,2018.09.03,ав╩Й,971,2.2,7.5,1.842,0.144,5.1,0.154,1.371,0.082,16.5,6.9,6.5,139,5.7,24.1,1.49,16.178,22.7929,112.966,114.861
2018,9,2018.09.10,ав╩Й,978,4.5,9.4,2.727,0.105,6.1,0.52,1.58,0.055,15,7.3,7.7,199,52.5,23.4,1.55,16.423,0,39.712,34.975
2018,9,2018.09.17,ав╩Й,985,3.9,7.6,3.154,0.062,6.7,0.272,1.752,0.03,9.1,7.7,7.3,276,45.1,24.5,1.47,16.096,0.1129,36.613,36.613
2018,9,2018.09.27,ав╩Й,995,7.7,14.8,2.426,0.091,8.6,0.076,1.355,0.018,15.2,8,10.5,262,103.6,22.4,1.5,16.219,0,28.587,29.534
2018,10,2018.10.01,ав╩Й,999,5.1,10.4,2.788,0.113,8.2,0.061,1.85,0.015,30.7,8.7,11.7,298,135.5,22,1.51,16.259,0.899,21.756,22.23
2018,10,2018.10.08,ав╩Й,1006,1.9,8,2.024,0.156,5.7,0.061,1.344,0.098,18.8,7.1,7.3,135,7.1,19.1,1.51,16.259,0,92.022,92.496
2018,10,2018.10.15,ав╩Й,1013,4.1,6.3,3.061,0.154,6.7,0.247,2.061,0.027,23.1,8.3,12.3,227,59.9,17.5,1.52,16.3,0,24.984,24.51
2018,10,2018.10.22,ав╩Й,1020,3.7,7.2,3.165,0.088,6.6,0.105,2.554,0.012,18.1,8.9,14.2,277,37.7,16.8,2.5,20.616,0,22.075,22.075
2018,10,2018.10.29,ав╩Й,1027,4,6.8,3.838,0.071,7,0.556,2.838,0.017,14.2,7.9,10.5,351,29.3,16.3,1.38,15.727,0.6725,24.074,79.562
2018,11,2018.11.05,ав╩Й,1034,6.4,13.5,4.184,0.217,9.6,0.56,3.006,0.018,40.4,8.3,14.7,393,93.4,13.8,-1.19,4.417,0,17.276,15.85
2018,11,2018.11.12,ав╩Й,1041,4.7,8,2.703,0.263,7.2,0.82,1.718,0.05,40.9,7.6,9.6,289,51.4,13.8,-1.15,4.54,0.9448,36.593,33.028
2018,11,2018.11.19,ав╩Й,1048,6.6,11.7,3.802,0.115,9.2,0.317,2.459,0.023,28.4,8.6,13.9,355,109.6,11.1,-1.19,4.417,0,18.945,17.519
2018,11,2018.11.26,ав╩Й,1055,4.4,9.8,5.536,0.11,8.4,1.822,2.804,0.02,19.3,8,13,389,77.2,10.1,-1.12,4.632,0.0372,12.372,7.381
2018,12,2018.12.03,ав╩Й,1062,5.5,11.9,5.194,0.149,8.7,1.581,2.849,0.026,31.2,8.4,13.5,412,72,11.5,-1.24,4.263,8.198,18.208,15.356
2018,12,2018.12.10,ав╩Й,1069,4.9,10.9,4.614,0.284,9,1.016,2.547,0.04,15.3,8.4,15.2,389,75.9,4.5,-1.14,4.571,0,20.172,18.033
2018,12,2018.12.17,ав╩Й,1076,4.9,11.9,6.078,0.139,8.8,1.627,3.421,0.017,19.4,8.4,16.7,435,106.8,4.8,-1.26,4.201,0.164,17.25,16.181
2018,12,2018.12.24,ав╩Й,1083,4.6,11.7,6.203,0.133,9,1.49,3.731,0.029,38.2,8.2,14.2,439,113.3,7.2,-1.37,3.862,0,16.358,13.506
2019,1,2019.01.07,ав╩Й,1097,4.3,8.2,6.917,0.099,8.3,1.963,4.749,0.013,16.9,8.3,15.4,443,55.5,3.9,-1.04,4.879,0,22.342,21.986
2019,1,2019.01.14,ав╩Й,1104,4.1,8.9,8.335,0.182,8.6,1.89,4.211,0.014,22.3,8.4,15.4,446,75.1,5.5,-1.4,3.77,0,14.719,12.937
2019,1,2019.01.21,ав╩Й,1111,6.1,13.7,6.526,0.167,9.3,1.257,3.974,0.021,31.4,8.8,16.5,446,128.7,4.9,-1.18,4.448,0,20.48,17.985
2019,1,2019.01.28,ав╩Й,1118,6.5,13.4,7.015,0.13,9.5,1.989,4.039,0.002,30.1,8.6,16.7,458,115.1,5,-1.56,3.277,0,10.453,9.74
2019,2,2019.02.07,ав╩Й,1128,7.5,16.7,7.085,0.234,11.9,3.21,2.671,0.033,31.2,8.4,14.4,446,126,7.4,-1.15,4.54,0,18.284,20.066
2019,2,2019.02.11,ав╩Й,1132,7.7,15.9,5.067,0.212,11.4,1.265,2.666,0.007,29,8.9,16.7,389,205,4.2,-1.36,3.893,0,15.117,13.691
2019,2,2019.02.18,ав╩Й,1139,5.7,13.5,7.213,0.119,10,2.642,3.559,0.005,22.4,8.8,16.9,425,75.2,5.1,-1.14,4.571,0.0903,20.377,19.308
2019,2,2019.02.25,ав╩Й,1146,7.4,15.4,5.804,0.223,12.5,2.08,2.599,0.011,42.2,8.9,16.5,359,130.4,8.5,-1.32,4.016,0.2354,16.016,14.59
2019,3,2019.03.04,ав╩Й,1153,6.7,13.7,6.019,0.139,9.7,2.24,2.755,0.016,25.7,8.9,15.5,405,112.6,10.8,-1.11,4.663,0,20.807,20.094
2019,3,2019.03.11,ав╩Й,1160,7.2,15,6.454,0.198,9.8,2.542,2.556,0.009,29.1,8.5,12,413,105.1,11.2,-1.39,3.801,3.4032,15.388,13.249
2019,3,2019.03.18,ав╩Й,1167,7.2,15,6.502,0.24,9.2,2.777,2.424,0.01,24,8.9,14.2,392,92,11.2,-1.2,4.386,0,18.319,18.319
2019,3,2019.03.25,ав╩Й,1174,6.2,13,6.994,0.19,8.2,3.461,2.331,0.016,17,8.4,11.3,405,52,10.8,-0.18,8.547,0,29.019,0
2019,4,2019.04.01,ав╩Й,1181,4.6,9.6,6.199,0.129,7.9,3.122,2.18,0.015,12.3,8.3,9.8,389,31.5,11.9,2.16,19.017,0,10.177,0.05
2019,4,2019.04.08,ав╩Й,1188,5.7,11.9,5.165,0.163,8.4,2.294,1.962,0.021,9.6,9,10.8,390,79.9,13.7,2,18.265,0.0493,15.009,17.729
2019,4,2019.04.15,ав╩Й,1195,3.9,8,3.561,0.146,6.6,1.776,1.324,0.046,6.1,8.6,7.4,264,31,13,2.02,18.359,0,22.039,27.48
2019,4,2019.04.22,ав╩Й,1202,4.1,9.9,3.078,0.18,6.8,0.692,1.776,0.015,6.7,9,8.9,302,38,15.9,1.97,18.142,0,12.283,13.23
2019,4,2019.04.30,ав╩Й,1210,4.3,9,4.2,0.164,5.9,2.517,1.558,0.047,10.2,7.1,7,358,51.5,16.9,2,18.265,0.4695,53.486,57.295
2019,5,2019.05.07,ав╩Й,1217,4.4,9.2,3.93,0.114,6.8,1.71,1.459,0.015,12.6,7.5,8.9,274,62.6,18,1.49,16.178,0,11.982,12.456
2019,5,2019.05.13,ав╩Й,1223,4.4,9.5,2.768,0.144,6.8,0.758,1.473,0.017,10.1,8,8.6,283,38.4,19.6,1.47,16.096,0,9.094,10.041
2019,5,2019.05.20,ав╩Й,1230,3.1,10.4,5.646,0.177,6.9,4.308,1.233,0.073,11.4,6.9,5.2,388,20.4,21.7,1.53,16.341,1.4346,31.315,27.999
2019,5,2019.05.28,ав╩Й,1238,4.8,10.9,3.166,0.159,8.3,1.841,1.249,0.07,19,7,5.2,309,22.7,22.2,1.5,16.219,0.0327,70.274,81.643
2019,6,2019.06.03,ав╩Й,1244,7.4,15.5,2.344,0.136,10.5,1.024,1.211,0.01,18,7.7,8.4,248,102.4,22,1.51,16.259,0,30.042,34.306
2019,6,2019.06.10,ав╩Й,1251,5.1,10.6,3.044,0.165,8.5,1.727,1.224,0.032,18.6,7.4,8.9,273,41.8,23.6,1.49,16.178,2.7088,32.344,34.713
2019,6,2019.06.17,ав╩Й,1258,6.7,14,2.741,0.139,8.3,1.238,1.473,0.017,21.7,8,7.5,270,39.7,23.7,1.53,16.341,0,15.53,17.899
2019,6,2019.06.24,ав╩Й,1265,6,13.1,3.114,0.088,9.1,0.734,1.425,0.008,21.1,8.7,7.3,294,52,25.9,1.61,16.669,0.0011,19.383,14.172
2019,7,2019.07.02,ав╩Й,1273,4.3,10.1,2.623,0.131,7.7,0.414,1.725,0.069,36.6,7,5.7,154,16.3,23,1.5,16.219,0.1192,74.16,77.002
2019,7,2019.07.08,ав╩Й,1279,4.2,10.6,2.811,0.089,9.1,0.539,1.49,0.044,10.8,7.5,6.8,216,22,26.4,1.5,16.219,0.4822,25.311,25.785
2019,7,2019.07.15,ав╩Й,1286,5,10.7,2.304,0.095,10,0.338,1.151,0.008,15.7,8.9,6.5,221,73,25,1.59,16.587,4.4564,17.571,16.624
2019,7,2019.07.23,ав╩Й,1294,2.8,8,2.248,0.108,7.9,0.346,1.421,0.063,16.8,8.2,6.1,142,8.9,24.2,1.49,16.178,0,82.785,84.206
2019,7,2019.07.29,ав╩Й,1300,2.8,7.5,2.312,0.165,7.8,0.466,1.492,0.081,25.7,7.3,5.8,159,7.3,26,1.46,16.055,0,97.583,97.109
2019,8,2019.08.05,ав╩Й,1307,4.3,9.7,2.235,0.123,6.6,0.131,1.389,0.022,9.1,8.9,11.2,216,54.9,31.1,1.51,16.259,0,13.942,13.468
2019,8,2019.08.12,ав╩Й,1314,2.8,12.5,2.623,0.226,11.1,0.911,1.524,0.127,53.1,7.4,5.4,262,23.4,28.6,1.44,15.973,25.4817,273.343,293.24
2019,8,2019.08.19,ав╩Й,1321,4,8.6,1.514,0.087,9.8,0.173,1.17,0.05,14.1,8.1,8.3,197,89.4,29,1.52,16.3,0,16.638,15.691
2019,8,2019.08.26,ав╩Й,1328,3.5,8,2.14,0.132,7.3,0.172,1.337,0.059,18.4,7.3,6.5,150,47,26.3,1.46,16.055,0,36.442,38.337
2019,9,2019.09.03,ав╩Й,1336,3.9,6.1,3.021,0.101,4.7,0.764,1.479,0.046,14.8,7.2,6.8,254,33.9,25.1,1.59,16.587,15.4459,55.613,49.928
2019,9,2019.09.10,ав╩Й,1343,3.8,7.6,2.592,0.21,5.2,0.589,1.36,0.14,17.8,7.2,6.2,199,12.8,25.1,1.43,15.932,0.1469,93.514,95.409
2019,9,2019.09.16,ав╩Й,1349,5,8,2.128,0.105,5.4,0.109,1.295,0.034,8.6,8.6,10.2,214,34.1,26.7,1.59,16.587,0,23.154,19.838
2019,9,2019.09.24,ав╩Й,1357,2,6.7,2.359,0.16,4.3,0.149,1.833,0.109,16.1,7.2,7.8,126,6.8,20.2,1.43,15.932,0.504,140.959,148.539
2019,9,2019.09.30,ав╩Й,1363,4.5,7.6,2.942,0.108,5.1,0.083,2.051,0.019,11.6,8.4,10.6,196,63.5,23.2,1.73,17.16,0.1108,38.127,42.864
2019,10,2019.10.07,ав╩Й,1370,1.6,5,2.675,0.127,3.2,0.386,1.982,0.087,8.5,7.3,7.5,164,6.9,21.3,1.43,15.932,7.9984,78.193,81.983
2019,10,2019.10.14,ав╩Й,1377,5.1,7.3,3.204,0.065,6,0.016,2.452,0.005,13.7,8.9,14.2,230,65.3,20.4,1.51,16.259,0,35.752,38.121
2019,10,2019.10.21,ав╩Й,1384,3.6,6.5,3.173,0.036,4.1,0.041,2.358,0.003,7.6,8.9,13.3,256,30.7,19.1,1.5,16.219,0.0876,23.428,23.902
2019,10,2019.10.28,ав╩Й,1391,3.7,5.9,3.392,0.045,5.2,0.281,2.551,0.001,5.8,7.9,9.1,309,33.5,17.7,1.48,16.137,0,12.545,12.545
2019,11,2019.11.04,ав╩Й,1398,4.4,7.6,3.942,0.046,6.7,0.237,2.609,0.009,11.4,8.7,11.7,325,65.8,17.1,1.5,16.219,0.6421,10.94,10.466
2019,11,2019.11.11,ав╩Й,1405,6.7,9.7,4.128,0.058,8.3,0.323,2.892,0.008,23,8.1,13,352,84.6,15.2,1.46,16.055,0.7182,7.922,10.764
2019,11,2019.11.18,ав╩Й,1412,4.7,8.2,4.51,0.067,7.8,0.535,2.975,0.04,13.4,8.3,11,376,50.5,14,1.51,16.259,16.6099,20.805,18.91
2019,11,2019.11.25,ав╩Й,1419,3.9,7.8,5.567,0.075,7,1.291,3.03,0.033,10,7.8,10.5,395,32.3,12,1.51,16.259,0,12.332,5.226
2019,12,2019.12.02,ав╩Й,1426,5.5,7.9,5.716,0.088,7.3,1.799,2.859,0.019,5.3,7.9,10.6,404,35.8,9.8,1.49,16.178,0.5329,18.908,23.172
2019,12,2019.12.09,ав╩Й,1433,3,7.1,6.096,0.06,6.3,2.266,3.121,0.033,6,7.7,9.7,436,12.5,7.8,1.49,16.178,0,11.879,11.405
2019,12,2019.12.16,ав╩Й,1440,3.3,7.5,5.431,0.155,5.8,1.664,3.046,0.125,4.7,7.5,10.9,402,20.9,7.4,1.49,16.178,0,11.624,12.098
2019,12,2019.12.23,ав╩Й,1447,2.7,7,6.084,0.049,5.8,1.643,3.679,0.018,4.3,7.6,10.2,461,13.2,6.7,1.51,16.259,0.2852,11.376,10.429
2020,1,2020.01.06,ав╩Й,1461,3.8,8.2,5.909,0.042,7.4,1.52,3.619,0,8.2,8,12.9,447,34,5.7,1.51,16.259,11.0406,15.984,14.563
2020,1,2020.01.13,ав╩Й,1468,3.4,7.5,4.186,0.139,5.9,0.658,2.719,0.085,11.4,7.5,10.6,262,24.7,6.8,1.49,16.178,0,25.298,24.351
2020,1,2020.01.20,ав╩Й,1475,4.3,9.3,5.036,0.107,6.6,0.899,3.402,0.02,13,7.6,14.5,286,58.2,5.6,1.52,16.3,0,18.411,18.885
2020,1,2020.01.28,ав╩Й,1483,5.2,9.5,5.881,0.092,6.7,1.56,3.752,0.012,14.4,7.8,14.3,341,51.4,6.8,1.54,16.382,0.206,32.334,33.755
2020,2,2020.02.03,ав╩Й,1489,6.8,12,5.353,0.143,8.2,1.566,3.149,0.022,18.9,8.2,15.5,343,58.9,7.8,1.5,16.219,0.042,22.874,27.138
2020,2,2020.02.10,ав╩Й,1496,7.9,13.7,5.148,0.133,9.4,1.292,3.255,0.013,19.9,9.2,17.6,315,126.9,6.6,1.49,16.178,0,14.812,15.759
2020,2,2020.02.18,ав╩Й,1504,5.5,9.6,6.086,0.097,6.2,1.651,3.485,0.011,12.7,7.8,12.7,362,49.6,6.4,1.5,16.219,1.304,29.215,29.689
2020,2,2020.02.24,ав╩Й,1510,6.7,12.2,5.915,0.106,7.6,1.996,2.68,0.018,13.8,8.8,16.4,360,80.6,8.4,1.48,16.137,0.6642,29.319,31.214
2020,3,2020.03.02,ав╩Й,1516,6.2,11.2,5.021,0.139,7.9,1.482,2.848,0.016,20.2,8.1,13.6,389,43.5,10.2,1.46,16.055,0,29.355,34.566
2020,3,2020.03.09,ав╩Й,1523,7.4,11.7,4.638,0.107,8,1.228,2.462,0.002,17.6,8.5,14.5,351,83.9,10.1,1.49,16.178,4.6999,25.918,30.182
2020,3,2020.03.16,ав╩Й,1530,7,12.8,5.289,0.097,7.7,1.565,2.949,0.004,20.2,8.7,14.1,347,84,10.3,1.53,16.341,0,19.235,17.814
2020,3,2020.03.23,ав╩Й,1537,6.7,12.3,4.868,0.086,6.9,1.583,2.405,0.009,9.3,8.3,12.7,334,52.8,13.2,1.52,16.3,0,12.978,12.504
2020,3,2020.03.30,ав╩Й,1544,7,12.6,5.663,0.098,7.5,1.921,2.821,0.019,10.8,7.5,7.7,380,72.6,13.6,1.52,16.3,0,17.067,16.593
2020,4,2020.04.06,ав╩Й,1551,8,13.5,6.107,0.184,9.5,1.881,2.42,0.017,14.4,8.2,11.8,382,104.9,14.2,1.49,16.178,0,10.494,11.441
2020,4,2020.04.13,ав╩Й,1558,5.8,11.2,3.687,0.066,7.4,1.152,1.796,0.01,12.8,7.7,10.2,339,46.3,14.1,1.49,16.178,0.2688,11.014,11.488
2020,4,2020.04.20,ав╩Й,1565,6.1,12,6.263,0.064,8.1,2.561,2.735,0.027,10,7.3,9,403,50.3,15.6,1.48,16.137,0.1484,72.4,81.401
2020,4,2020.04.27,ав╩Й,1572,7.2,12.3,3.355,0.093,7.8,1.225,1.598,0.012,11.5,8,11.9,255,48.5,15.6,1.48,16.137,0,16.825,16.351
2020,5,2020.05.04,ав╩Й,1579,5.7,9.9,3.502,0.071,7.1,1.122,1.605,0.014,11.2,7.5,7.9,294,44.1,19.5,1.59,16.587,0.0149,28.145,21.987
2020,5,2020.05.11,ав╩Й,1586,5.6,10.2,4.331,0.094,7.2,2.425,1.231,0.034,9.8,7.3,7.3,338,33.7,20,1.52,16.3,0,33.829,31.934
2020,5,2020.05.18,ав╩Й,1593,3.9,9.1,3.505,0.095,6.3,1.494,1.307,0.03,9.1,7.1,5.4,271,24.9,20.6,1.51,16.259,13.3806,32.477,31.53
2020,5,2020.05.25,ав╩Й,1600,6.4,9.9,4.024,0.069,6.7,1.723,1.352,0.008,12.1,7.1,8,296,63.1,20.6,1.5,16.219,0,31.415,32.836
2020,6,2020.06.01,ав╩Й,1607,4.5,9.5,3.874,0.087,6.1,1.517,1.475,0.019,10.8,7,6.6,311,22.7,22.6,1.5,16.219,0.0917,36.685,38.58
2020,6,2020.06.08,ав╩Й,1614,4.6,12.1,4.029,0.096,7.5,1.394,1.457,0.033,10.2,7.5,7.1,303,24.7,25.5,1.46,16.055,0,26.544,29.86
2020,6,2020.06.15,ав╩Й,1621,3.7,10,3.095,0.158,6.9,0.736,1.621,0.1,24.2,7.5,5.4,165,7.6,24.2,1.39,15.768,0,134.828,137.197
2020,6,2020.06.22,ав╩Й,1628,5.9,9.9,2.834,0.128,6.1,0.128,1.909,0.024,14,7.9,7.8,173,74.8,24,1.46,16.055,0,49.177,47.756
2020,7,2020.07.01,ав╩Й,1637,4.5,9.2,3.907,0.164,7.2,1.651,1.464,0.108,14.8,7,5.1,227,31.5,23.2,1.4,15.809,0.1991,76.944,79.786
2020,7,2020.07.06,ав╩Й,1642,3.5,9.5,2.723,0.096,6.1,0.408,1.521,0.038,11.8,6.9,6.5,222,50.6,23.7,1.47,16.096,0.4077,40.754,42.649
2020,7,2020.07.15,ав╩Й,1651,1.8,6.6,2.265,0.118,4.9,0.277,1.589,0.075,24.3,7,7.8,124,7,20.9,1.72,17.119,11.5159,316.751,303.96
2020,7,2020.07.21,ав╩Й,1657,2.3,5.5,2.848,0.094,4.1,0.311,2.033,0.055,9.6,7.2,8.1,192,29.4,24.6,1.47,16.096,7.324,88.254,92.044
2020,7,2020.07.27,ав╩Й,1663,1.5,5.5,2.203,0.112,3.5,0.271,1.617,0.087,8.8,7.3,7.5,141,5.4,22.8,1.59,16.587,11.2613,151.388,144.756
2020,8,2020.08.03,ав╩Й,1670,2,5.1,2.636,0.129,3.7,0.422,1.764,0.099,5.6,7.3,7.4,165,13.3,25.5,1.45,16.014,0,98.445,101.287
2020,8,2020.08.18,ав╩Й,1686,5.5,7.4,2.63,0.088,5.6,0.099,1.878,0.016,9.8,8.1,10.4,202,98.6,29.2,1.49,16.178,0,64.477,62.582
2020,8,2020.08.24,ав╩Й,1691,2.5,6.7,2.687,0.105,4.1,0.347,1.529,0.069,4.9,7,5.6,242,24.5,29.9,1.46,16.055,0,45.189,47.084
2020,9,2020.09.01,ав╩Й,1699,4.2,8.1,2.111,0.263,5.6,0.184,1.334,0.125,57.9,6.5,6.4,153,35.6,28.2,1.29,15.359,0.2065,161.895,174.212
2020,9,2020.09.08,ав╩Й,1706,3.1,6.4,2.107,0.163,3.7,0.277,1.329,0.106,22.3,7.1,7.5,138,4.5,21.8,1.58,16.546,0.4355,240.093,232.987
2020,9,2020.09.14,ав╩Й,1712,1.6,5.4,2.3,0.136,3.5,0.318,1.563,0.098,13.2,7.1,7.1,154,5.4,22.7,1.51,16.259,0.1718,173.19,172.243
2020,9,2020.09.21,ав╩Й,1719,4,7.8,2.649,0.095,4.5,0.106,1.873,0.022,10.5,7.9,10.6,198,91.9,22.6,1.41,15.85,0.037,58.078,63.289
2020,9,2020.09.28,ав╩Й,1726,5,7.7,2.781,0.066,5.2,0.04,1.91,0.003,21.1,8,12.4,240,95.7,22.7,1.47,16.096,0.239,32.271,32.271
2020,10,2020.10.05,ав╩Й,1733,5.1,12.2,2.89,0.068,6.2,0.055,1.84,0.005,26.2,9,12,294,197.2,22.6,1.33,15.523,0,29.216,30.637
2020,10,2020.10.12,ав╩Й,1740,4.6,12.5,3.107,0.069,4.8,0.017,2.116,0.008,14.2,9.2,12.7,312,172.9,21,1.48,16.137,0,28.943,29.89
2020,10,2020.10.19,ав╩Й,1747,4.9,15.1,3.318,0.097,7.2,0.156,2.249,0.002,27,9.1,12.1,350,266.5,17.7,1.49,16.178,0,22.027,23.922
2020,10,2020.10.26,ав╩Й,1754,4,14.5,3.592,0.103,4.1,0.083,2.427,0.002,27.2,9.1,14,343,261.6,15.7,1.51,16.259,0,21.806,21.332
2020,11,2020.11.02,ав╩Й,1760,4.3,11.5,3.633,0.077,4.6,0.336,2.452,0.004,14.8,8.8,13.8,357,132.7,15.5,1.52,16.3,0.2566,20.416,19.942
2020,11,2020.11.09,ав╩Й,1767,5.4,13.1,4.397,0.111,6.2,0.814,2.558,0.006,20.7,8.6,13.1,400,144.2,13.4,1.54,16.382,0,17.043,15.622
2020,11,2020.11.16,ав╩Й,1774,4.5,9.8,4.3,0.092,4.6,0.525,2.645,0.007,9,7.9,9.6,408,47.8,12.9,1.63,16.751,0,13.459,12.038
2020,11,2020.11.24,ав╩Й,1782,3.9,7.8,5.054,0.104,4.1,1.484,2.741,0.031,11.1,7.4,7.2,413,36.8,12.7,1.55,16.423,0,16.333,13.491
2020,12,2020.12.01,ав╩Й,1789,4,7.8,4.665,0.115,4.1,1.67,2.161,0.049,9.6,7,10.7,371,34,9.9,1.51,16.259,0.0385,42.05,43.945
2020,12,2020.12.07,ав╩Й,1795,3.5,8.4,5.195,0.067,3.6,1.785,2.494,0.003,7.9,8,12.6,395,52.3,8.1,1.56,16.464,0,16.589,16.115
2020,12,2020.12.15,ав╩Й,1803,3.3,8.3,5.273,0.063,3.6,1.332,3.284,0.001,8.3,8,13.2,423,34.4,6.1,1.51,16.259,0,20.927,22.822
2020,12,2020.12.21,ав╩Й,1809,3.3,8.7,6.431,0.067,3.5,1.802,3.539,0,9.8,8,14.2,460,61.3,4.6,1.54,16.382,0,20.944,17.628
2021,1,2021.01.04,ав╩Й,1823,9,12.6,8.172,0.136,9.4,2.537,4.086,0.004,21.9,8.6,17.9,468,137,4.3,1.45,16.014,0.5503,11.969,12.443
2021,1,2021.01.14,ав╩Й,1833,4.3,8.3,7.298,0.074,4.6,2.108,3.944,0.003,10.3,9,17,456,37.6,3.9,1.55,16.423,0.0804,18.256,18.256
2021,1,2021.01.19,ав╩Й,1838,4.7,11.5,8.863,0.165,4.8,3.204,4.019,0.006,19,8.8,17.9,507,152,3.5,1.54,16.382,0.0421,15.807,16.754
2021,1,2021.01.25,ав╩Й,1844,5.1,10.8,8.056,0.135,5.2,4.073,3.602,0.006,17.5,8.5,16.4,471,138.3,5.7,1.55,16.423,0,15.693,14.746
2021,2,2021.02.01,ав╩Й,1851,5.7,11.6,7.885,0.191,5.8,3.889,3.217,0.01,20.4,8.5,16.5,472,190.1,6.8,1.49,16.178,11.4689,46.566,49.408
2021,2,2021.02.08,ав╩Й,1858,5.6,12.8,7.127,0.185,5.8,2.581,3.188,0.009,16.9,8.9,16.6,432,197.6,6.4,1.55,16.423,0,15.909,15.435
2021,2,2021.02.15,ав╩Й,1865,4.7,10.9,5.825,0.102,5.1,2.674,2.981,0.004,12.7,9,17.1,423,77.9,8,1.53,16.341,0.3657,14.912,15.386
2021,2,2021.02.22,ав╩Й,1872,4.8,11.2,7.394,0.082,5.4,3.464,3.302,0.005,13.6,8.3,13.6,446,75,8,1.52,16.3,0,13.933,15.354
2021,3,2021.03.02,ав╩Й,1880,4.9,9.2,8.065,0.13,5.1,3.251,3.22,0.01,20,7.7,11.6,464,82.9,9.3,1.71,17.078,0,123.305,128.99
2021,3,2021.03.08,ав╩Й,1886,4.7,8.5,4.122,0.142,4.3,0.541,2.629,0.035,14.7,7.5,11,269,62.6,10.8,1.52,16.3,0,27.741,25.372
2021,3,2021.03.15,ав╩Й,1893,4.7,9.1,4.754,0.099,4.6,1.561,2.881,0.01,13.2,7.9,11.4,286,64.7,12.4,1.43,15.932,0.9747,25.85,27.745
2021,3,2021.03.22,ав╩Й,1900,3.8,7.8,4.844,0.136,4.9,1.167,2.444,0.035,18.7,7,8.3,292,22.4,12.9,1.54,16.382,0,22.145,22.619
2021,3,2021.03.29,ав╩Й,1907,4.6,8.7,5.058,0.187,5.4,1.987,2.148,0.056,21.2,7.4,7.5,269,51.2,14.7,1.52,16.3,0,74.636,69.899
2021,4,2021.04.05,ав╩Й,1914,4.1,8.2,3.973,0.125,4.1,0.921,1.965,0.044,14.5,7.5,7.2,238,40,15,1.51,16.259,0,31.194,30.247
2021,4,2021.04.12,ав╩Й,1921,4.3,8,4.065,0.1,4.8,1.224,1.853,0.021,14.7,8.1,10.1,286,49.1,16.8,1.5,16.219,14.0788,30.4,25.189
2021,4,2021.04.19,ав╩Й,1928,4.1,8.3,4.16,0.117,4.1,0.754,2.055,0.068,14.1,7.7,8.4,308,40.5,15.7,1.54,16.382,0,15.398,11.134
2021,4,2021.04.26,ав╩Й,1935,3.8,7.6,3.24,0.096,4.4,0.679,1.699,0.012,10.8,8,7.5,289,38.9,18,1.49,16.178,0,14.703,15.177
2021,5,2021.05.03,ав╩Й,1942,4.4,10.4,4.094,0.137,5.1,1.107,1.914,0.013,15.9,7.5,6.5,341,50.8,18.4,1.51,16.259,0.0385,18.317,18.791
2021,5,2021.05.10,ав╩Й,1949,3.9,9.5,4.124,0.105,4.6,1.631,1.681,0.004,15.5,7.5,7.5,347,53.2,18.9,1.53,16.341,0.4956,22.633,20.264
2021,5,2021.05.17,ав╩Й,1956,2.8,8.1,3.728,0.221,5.8,1.837,1.09,0.134,22.1,6.9,4.4,243,18.1,21.3,1.46,16.055,1.3058,96.238,92.448
2021,5,2021.05.24,ав╩Й,1963,4.6,8.9,2.945,0.139,6.6,0.461,1.374,0.014,13.7,7.5,9.3,232,74.1,22.2,1.45,16.014,0.25,31.394,31.868
2021,6,2021.06.01,ав╩Й,1971,4.4,9.2,3.21,0.079,6.4,0.431,1.651,0.011,12.3,7.5,8.5,301,46.9,22.7,1.45,16.014,0,27.443,27.917
2021,6,2021.06.07,ав╩Й,1977,5.3,11.7,3.492,0.14,8.3,0.584,1.561,0.003,18.9,7,7.8,301,96.5,23.7,1.49,16.178,0,35.778,37.673
2021,6,2021.06.14,ав╩Й,1984,5.3,9.2,2.295,0.094,7.5,0.292,1.027,0.005,16.2,7.1,7.8,207,95.5,25.3,1.49,16.178,0,29.391,27.97
2021,6,2021.06.21,ав╩Й,1991,5.1,11.8,2.813,0.083,7.4,0.576,1.089,0.01,11.1,7,7.4,256,73,25.2,1.47,16.096,0,30.388,29.914
2021,6,2021.06.28,ав╩Й,1998,4.7,13.4,1.987,0.086,8.4,0.223,1.288,0.036,14.4,7.8,8.2,285,41.9,27.4,1.56,16.464,13.2467,60.877,59.93
2021,7,2021.07.05,ав╩Й,2005,3.2,10,2.902,0.163,7,0.882,1.033,0.081,18.9,6.8,4.6,289,43,25.8,1.5,16.219,27.5677,80.512,76.722
2021,7,2021.07.12,ав╩Й,2012,3.2,7,2.413,0.135,5,0.202,1.726,0.083,10.7,6.7,7.2,164,62.2,26.5,1.4,15.809,0,53.761,55.182
2021,7,2021.07.19,ав╩Й,2019,4.6,7.5,2.701,0.149,4.7,0.228,1.49,0.068,10.5,7.3,6.7,245,58.7,29,1.47,16.096,0.6518,35.439,36.386
2021,7,2021.07.26,ав╩Й,2026,3,9.1,1.867,0.157,6.9,0.061,0.884,0.084,17.7,8.3,9.6,257,70.8,29.8,1.49,16.178,0,16.651,16.651
2021,8,2021.08.02,ав╩Й,2033,4.9,12.2,3.013,0.169,6.9,0.54,1.505,0.082,20.5,7.6,6.3,327,100.4,30.3,1.51,16.259,41.2036,89.526,89.526
2021,8,2021.08.09,ав╩Й,2040,3.8,8,2.21,0.17,5.7,0.27,1.337,0.103,13.1,6.9,6,192,53.5,29.5,1.46,16.055,0.1196,58.782,59.729
2021,8,2021.08.17,ав╩Й,2048,8.5,8.8,2.33,0.113,6.2,0.3,1.145,0.029,11.5,7.7,9.6,248,87,28.7,1.51,16.259,2.6885,28.843,26.948
2021,8,2021.08.30,ав╩Й,2062,3,5.5,2.421,0.161,4.4,0.439,1.392,0.102,12.5,6.5,6.7,156,7.1,25.5,1.49,16.178,3.1607,129.518,130.939
2021,9,2021.09.06,ав╩Й,2069,1.8,5.6,2.623,0.173,4.5,0.518,1.555,0.123,14.7,6.7,7.3,197,28.9,24.4,1.57,16.505,7.2588,58.493,53.756
2021,9,2021.09.13,ав╩Й,2076,4.9,6.6,2.312,0.072,4.9,0.04,1.689,0.007,9.7,8,12,234,83.9,25,1.56,16.464,0,37.196,33.406
2021,9,2021.09.23,ав╩Й,2086,5.2,8.5,3.655,0.143,6.1,0.942,1.695,0.069,14.8,7.2,7.8,312,33,25.4,1.47,16.096,0.0836,43.005,43.479
2021,9,2021.09.27,ав╩Й,2090,5,7.9,2.325,0.142,6.1,0.342,1.14,0.046,14.3,7.3,9.6,233,57.4,24.5,1.46,16.055,0,25.979,27.4
2021,10,2021.10.05,ав╩Й,2098,5.8,7.9,2.576,0.135,5.9,0.39,1.293,0.051,15.9,7.5,9.4,246,91.2,25.1,1.46,16.055,0,21.325,24.167
2021,10,2021.10.12,ав╩Й,2105,4,7.3,2.65,0.129,5,0.284,1.556,0.048,22.5,7.1,7.3,283,46.8,23.9,1.43,15.932,4.7684,36.237,36.711
2021,10,2021.10.18,ав╩Й,2111,7.3,9.4,3.8,0.126,7.4,0.631,2.081,0.013,24.9,7.9,10.9,355,104,19.3,1.5,16.219,0.0012,17.06,12.323
2021,10,2021.10.25,ав╩Й,2118,5.4,10.4,3.568,0.099,5.9,0.42,2.233,0.012,23.8,8.6,13.9,339,119.1,16.1,1.5,16.219,0,14.67,13.723
2021,11,2021.11.01,ав╩Й,2125,4.6,8.5,3.726,0.069,4.8,0.071,2.721,0.005,15.1,8.3,12.6,346,51.2,15.6,1.49,16.178,0,17.111,19.48
2021,11,2021.11.08,ав╩Й,2132,3.6,7.6,3.901,0.057,5,0.097,2.812,0.003,12.8,8.3,11.5,378,41.8,15.5,1.44,15.973,20.3374,33.264,35.633
2021,11,2021.11.15,ав╩Й,2139,4.3,7.3,4.329,0.078,4.4,0.522,2.963,0.019,10.1,7.3,8.7,402,27.4,13,1.5,16.219,0,14.663,14.189
2021,11,2021.11.22,ав╩Й,2146,3.8,7.6,4.068,0.14,4.3,1.116,1.984,0.086,10.9,7.1,9.6,335,32.9,12.5,1.51,16.2594,3.2088,16.816,13.5
2021,11,2021.11.29,ав╩Й,2153,3.6,7.3,3.94,0.134,4.4,0.613,2.426,0.087,7.6,7.3,10.7,353,39.4,10.4,1.5,16.219,0,15.047,14.573
2021,12,2021.12.06,ав╩Й,2160,3.4,7.2,5.538,0.241,5.2,1.961,2.657,0.191,7.7,7.1,9.4,416,16.2,9,1.5,16.2185,0,22.251,18.935
2021,12,2021.12.13,ав╩Й,2167,5,8.5,3.764,0.17,5.8,0.494,2.448,0.08,9.6,8.1,14,355,46.2,8.5,1.51,16.259,0,16.498,15.551
2021,12,2021.12.20,ав╩Й,2174,6,9.1,4.594,0.089,6.2,0.788,3.018,0.005,13.7,8.5,15.4,411,98.3,6.6,1.51,16.259,0.1584,20.9,20.9
2022,1,2022.01.03,ав╩Й,2188,5.1,10.7,6.281,0.081,5.9,1.484,3.819,0.002,13.1,8.7,15.7,443,108.7,3.9,1.49,16.1776,0,16.957,16.957
2022,1,2022.01.10,ав╩Й,2195,5.7,9.3,6.33,0.073,7.4,1.677,3.841,0.004,13.2,8.6,16.1,445,75.5,4.1,1.49,16.1776,0,13.354,13.354
2022,1,2022.01.17,ав╩Й,2202,6.5,10.8,6.28,0.057,6.6,1.659,3.926,0.001,16.3,8.8,17.7,448,118.7,4.2,1.49,16.1776,0.0396,13.474,13
2022,1,2022.01.24,ав╩Й,2209,6.8,11.3,7.274,0.14,6.9,2.028,3.597,0.006,18.2,8.7,16.6,449,92.1,4.5,1.46,16.0548,0,11.027,12.448
2022,2,2022.02.03,ав╩Й,2219,6.2,9.2,8.144,0.102,6,3.419,3.367,0.006,12.4,8.2,14.2,461,44.7,5.1,1.49,16.1776,0,13.197,12.723
2022,2,2022.02.07,ав╩Й,2223,5.4,9.6,7.932,0.095,6.2,3.728,3.275,0.008,12.3,8.4,14.6,512,43.3,4.7,1.48,16.1366,0,12.249,12.723
2022,2,2022.02.14,ав╩Й,2230,5.8,9,8.802,0.085,5.9,3.997,2.898,0.007,8.8,8.1,13.7,466,32.1,5.8,1.47,16.0957,0,12.723,12.723
2022,2,2022.02.21,ав╩Й,2237,5.2,8.6,8.202,0.077,5.9,3.842,2.825,0.008,5.6,7.6,11.5,456,11.2,5,1.47,16.0957,0.0396,11.091,11.565
2022,2,2022.02.28,ав╩Й,2244,5.5,10.1,8.363,0.109,5.9,3.571,3.142,0.022,10.4,7.4,10.8,457,18,5.9,1.47,16.0957,0,9.643,10.59
2022,3,2022.03.07,ав╩Й,2251,5.5,9.3,8.982,0.09,6,4.495,3.106,0.026,7.4,7.2,10,480,8.8,8,1.51,16.2594,0,7.625,6.204
2022,3,2022.03.14,ав╩Й,2258,6.5,10.5,9.101,0.12,6.4,4.342,3.029,0.026,9.7,7,8.6,475,37,11.7,1.47,16.0957,1.1658,15.321,13.9
2022,3,2022.03.21,ав╩Й,2265,4.6,9.7,9.216,0.125,6.4,5.232,2.386,0.052,7.6,7,7,489,15.9,11.5,1.54,16.3822,0,20.428,21.375
2022,3,2022.03.28,ав╩Й,2272,8.1,8.9,3.566,0.155,5.5,0.618,2.066,0.081,18,7,8.9,241,34.9,12.9,1.61,16.6687,0,57.654,50.548
2022,4,2022.04.04,ав╩Й,2279,6.7,9.8,4.179,0.113,5.4,0.542,2.658,0.03,15.5,7.1,10.6,229,42.4,13.6,1.5,16.2185,0,20.003,19.529
2022,4,2022.04.11,ав╩Й,2286,6.8,9.7,4.338,0.087,5.3,0.519,2.513,0.016,10.5,7.5,9.3,265,30.4,16.6,1.48,16.1366,0,18.061,18.061
2022,4,2022.04.18,ав╩Й,2293,13.3,13.7,4.864,0.133,9.8,0.971,2.241,0,17.3,7.7,9.2,317,123.2,18.2,1.47,16.0957,0,14.569,15.99
2022,4,2022.04.25,ав╩Й,2300,10.4,12.2,4.858,0.134,7.3,1.364,1.709,0.006,14.9,7.5,7.7,346,82.1,19.5,1.55,16.4232,25.956,26.661,18.134
2022,5,2022.05.02,ав╩Й,2307,4.3,9.2,6.539,0.137,6.2,2.995,1.72,0.048,16.2,6.9,4.4,395,11.9,19.6,1.56,16.4641,0,46.733,41.048
2022,5,2022.05.09,ав╩Й,2314,4.9,9.4,4.132,0.161,6.2,2.058,0.831,0.057,15.9,6.9,5.3,300,16.4,20.7,1.47,16.0957,0,15.66,16.607
2022,5,2022.05.16,ав╩Й,2321,5.2,10.2,4.489,0.139,6.8,2.197,0.923,0.029,11.8,7.3,7,370,20.8,20.1,1.49,16.1776,0,12.399,10.978
2022,5,2022.05.23,ав╩Й,2328,8.7,14.8,4.603,0.141,8.1,1.994,1.452,0.005,17.3,8,9.5,419,77.3,22.1,1.5,16.2185,0,19.228,18.754
2022,5,2022.05.30,ав╩Й,2335,9.6,15,5.069,0.164,8.7,1.864,1.736,0,16.6,7.7,7.1,442,53.6,23.9,1.546,16.4068,0.3,31.592,29.887
2022,6,2022.06.07,ав╩Й,2342,5.5,12.3,3.707,0.183,7.2,1.496,1.013,0.063,14,6.9,4.1,362,31.9,23.8,1.45,16.0139,11.4066,46.887,50.014
2022,6,2022.06.13,ав╩Й,2348,5.8,11.6,2.808,0.097,7.9,0.726,0.932,0.006,11.8,7,6.6,279,45.3,23.9,1.49,16.1776,0,31.505,34.821
2022,6,2022.06.20,ав╩Й,2355,5.4,12,2.676,0.083,8.4,0.438,1.012,0.006,13.8,7.6,7.1,304,36.6,25.1,1.51,16.2594,1.3566,28.086,28.56
2022,6,2022.06.27,ав╩Й,2362,4.2,11.2,2.962,0.164,7.6,1.184,0.826,0.083,18.7,6.7,5.1,241,24.1,26.7,1.546,16.4068,1.7169,23.002,21.297
2022,7,2022.07.04,ав╩Й,2369,5.8,14,2.484,0.143,9,0.282,1.119,0.024,20.1,7.8,8.4,269,81.5,29.1,1.512,16.2676,2.4673,36.225,38.025
2022,7,2022.07.11,ав╩Й,2376,6.5,12.1,2.972,0.163,7.3,0.977,0.836,0.077,17.3,7.3,6.2,337,49,29.6,1.47,16.0957,11.0418,35.79,36.264
2022,7,2022.07.19,ав╩Й,2384,5.6,8.8,3.385,0.212,6.6,1.39,1.31,0.103,20.3,6.6,4.8,275,25.3,26.1,1.532,16.3495,0.6406,105.524,101.639
2022,7,2022.07.25,ав╩Й,2390,6.3,9,2.971,0.195,6.8,0.86,1.302,0.073,22.2,6.9,5.8,270,23.7,26.9,1.52,16.3004,0.0429,44.361,45.782
2022,8,2022.08.01,ав╩Й,2397,3.4,9.2,2.735,0.172,6.3,0.663,1.217,0.072,20.2,7,6.1,254,33.4,28.3,1.53,16.3413,9.5074,90.287,88.108
2022,8,2022.08.08,ав╩Й,2404,4,9.6,2.261,0.141,6.8,0.136,1.317,0.035,15.3,7.5,6.8,244,69.9,30,1.46,16.0548,0,23.111,22.353
2022,8,2022.08.17,ав╩Й,2413,5.1,9,3.229,0.171,6.8,1.131,1.004,0.049,18,7,6.9,292,46.8,29.2,1.45,16.0139,0.6805,44.979,44.979
2022,8,2022.08.22,ав╩Й,2418,4.9,11.8,2.891,0.148,6.4,0.866,1.06,0.041,17.6,7.1,7.2,262,53,28.8,1.55,16.4232,0,30.567,28.672
2022,8,2022.08.29,ав╩Й,2425,4.3,9.4,2.234,0.158,7.1,0.546,0.872,0.031,21.4,7.2,7.9,243,43.8,27.4,1.614,16.6851,0.0044,19.871,12.576
2022,9,2022.09.05,ав╩Й,2432,2.4,8.9,2.465,0.131,6.7,0.47,1.117,0.023,20.5,7.2,8.4,279,34.7,25.6,1.54,16.3822,56.2923,67.827,64.985
2022,9,2022.09.13,ав╩Й,2440,5.6,8.6,2.413,0.123,5.3,0.029,1.63,0.022,8.2,8,11,171,29.5,24.9,1.58,16.5459,0.9642,25.771,23.592
2022,9,2022.09.19,ав╩Й,2446,3,8.4,2.563,0.149,6.6,0.128,1.671,0.007,18.6,8.1,10,228,47.9,26.9,1.5,16.2185,0,19.736,16.42
2022,9,2022.09.26,ав╩Й,2453,4.5,11.8,3.249,0.186,6.7,0.371,1.837,0.007,24.7,8.1,10,314,43.7,23.6,1.52,16.3004,0,20.645,20.645
2022,10,2022.10.05,ав╩Й,2462,4.7,9.8,3.468,0.148,6.2,0.691,1.581,0.02,23.3,7.1,8,341,40.4,23.1,1.5,16.2185,0,35.634,33.076
2022,10,2022.10.11,ав╩Й,2468,4.9,9.7,3.704,0.156,7.5,1.112,1.649,0.01,26.3,7.6,10.2,330,40.9,19.6,1.48,16.1366,0.3963,16.21,13.747
2022,10,2022.10.17,ав╩Й,2474,2.7,8.8,2.369,0.151,5.9,0.551,1.22,0.011,19.5,7.3,9.2,278,33.1,19.3,1.45,16.0139,0.0385,14.282,14.756
2022,10,2022.10.24,ав╩Й,2481,3,9,3.149,0.099,5.7,0.404,1.952,0.013,20.6,7.1,8.7,362,19.6,17.3,1.5,16.2185,0,12.287,15.603
2022,11,2022.11.01,ав╩Й,2487,3.7,9.1,3.736,0.096,5.1,0.355,2.424,0.01,10.6,7.7,10.2,414,22.6,16.7,1.48,16.1366,0,10.138,10.138
2022,11,2022.11.07,ав╩Й,2493,3.6,8.8,4.013,0.088,5.4,0.544,2.452,0.016,12.9,7.3,9.2,440,13.4,14.2,1.53,16.3413,0,8.436,2.751
2022,11,2022.11.14,ав╩Й,2500,5,9,4.523,0.143,6.3,0.719,2.447,0.007,13.7,7.2,9.3,454,20.8,14.8,1.51,16.2594,0,12.284,10.389
2022,11,2022.11.21,ав╩Й,2507,3.8,8.5,4.927,0.12,6.2,1.127,2.64,0.016,13.4,7,8.9,470,15.5,13.6,1.45,16.0139,0,12.689,16.479
2022,11,2022.11.28,ав╩Й,2514,3.9,8.3,5.17,0.082,5.6,1.118,2.977,0.016,8.7,6.8,7.9,451,17.9,12.7,1.48,16.1366,7.3609,17.321,16.374
2022,12,2022.12.05,ав╩Й,2521,4.7,8.9,4.412,0.095,5.5,1.05,2.411,0.019,15.8,7.3,11.5,424,23.9,8.6,1.53,16.3413,0,10.334,7.492
2022,12,2022.12.12,ав╩Й,2528,3.9,9.2,5.077,0.09,6.2,1.313,2.897,0.008,11.4,7.8,14.2,474,38.3,7.3,1.46,16.0548,0.0792,8.616,8.142
