Source,d15N,d18O
forest,-1.7,6.1
forest,-1.6,7.1
forest,1.9,4.1
forest,0,3.6
forest,0,3.5
rain,-2.2,52.4
rain,-2.1,51.5
living,0,0
living,12.2,4.6
living,14.8,0
living,12.8,4.5
living,14.3,6.5
living,0,0
living,13.3,2.5
living,12.5,1.3
living,0,0
living,20.5,6.5
livestock,17.7,8.8
livestock,0,0
livestock,21.7,6.2
agriculture,-9.9,13.4
agriculture,-2.8,20.3
agriculture,0,0
agriculture,-12.2,14.1
land,-0.4,1.3
land,5,4.3
land,2.9,3.5
land,1.9,7.2
land,6.4,-1.7
land,4.2,2.6
land,8.3,-1.9
