d15N,d18O,month
1.2,21.3,June
7.3,7.7,June
15.3,9.9,June
4,15.6,June
7.1,5.7,June
7.8,5.5,June
7.5,8.1,June
7.6,7.5,June
8.6,6,June
8.2,8.3,June
4.7,14.2,June
5.2,13.3,June
4.1,9.3,June
10.2,7.3,June
7.5,4.4,June
8.8,6.7,June
5.9,8.2,July
7.8,5.6,July
12.4,5.7,July
8,5,July
8.3,4.5,July
8.4,4.3,July
8.4,4.1,July
8.6,4.7,July
4.5,5.9,July
8.4,4.7,July
7.4,4.8,July
9.4,4.9,July
8.4,4.5,July
3.2,8.1,July
7.1,4.5,July
8.2,4,July
8.1,3.1,July
7,10.1,October
7.4,8.2,October
10.3,6.6,October
8.1,5.7,October
8,7.1,October
8,7.5,October
8.1,7,October
8.2,7.6,October
7,5.7,October
8.1,7.4,October
6.9,7.7,October
7.9,8.6,October
7.6,8.5,October
5.5,6.5,October
7.7,6.1,October
7.6,8.4,October
7.6,8.6,October
