year,date,spot,BOD,COD,T_N,T_P,TOC,SS,EC,pH,DO,temperature,turbidity,transparency,Chl_a,low,flow1,flow2,reservoir,dominant
2017,170103,T1,1,3.1,1.239,0.05,2.4,3.4,125,7.5,10.5,8.7,1.8,3,3.3,10240,5.4,12.3,27231,diatom
2017,170110,T1,0.9,3.1,1.307,0.045,2.5,1.6,138,6.6,10.8,7.6,2.7,2.7,5.3,10219,0.9,10,26814,diatom
2017,170117,T1,1.4,3.4,1.313,0.074,2.5,8.7,132,6.7,11.8,7.2,0.9,2.8,6.4,10196,1.5,10.5,26363,diatom
2017,170124,T1,1.4,3.4,1.313,0.074,2.5,8.7,132,7.1,11.3,5.1,1.4,3.8,6.7,10174,0,8.3,25936,diatom
2017,170131,T1,1.4,3.4,1.313,0.074,2.5,8.7,132,6.7,11.8,5.3,2.4,3.1,5.9,10152,3.3,9.9,25515,diatom
2017,170206,T1,1.2,3.7,1.333,0.054,2.9,4.7,132,7,12.3,5.6,2.4,3.2,6.6,10134,3.2,9.8,25173,diatom
2017,170214,T1,1.5,4.5,1.142,0.066,3.3,11.6,122,7.2,12.9,4.9,1.2,3.2,7.1,10106,1.4,10.1,24647,diatom
2017,170220,T1,1.4,3.6,1.588,0.13,2.8,3.6,123,7.2,12.7,4.7,1.9,2.8,7.1,10086,1.2,9.7,24275,diatom
2017,170228,T1,1.6,4.1,1.131,0.07,2.7,5,124,7.1,12.3,6,2,3.5,8.9,10068,3.6,10,23943,diatom
2017,170307,T1,1,3.7,0.863,0.039,2.7,2.7,105,7,12,5.7,2.5,2.8,7.7,10044,1.7,10.1,23505,diatom
2017,170314,T1,1.4,4.2,0.927,0.053,3.2,5.2,103,6.9,10.8,8.5,1.4,3.7,7,10016,0,10.4,23000,diatom
2017,170321,T1,2.2,4.5,1.255,0.07,3.7,7.9,176,7,11.9,8.2,1.7,3.8,7.3,9990,2.5,10.7,22541,diatom
2017,170328,T1,1.3,3.9,1.19,0.061,2.8,4.2,107,7.2,11.3,9,1.9,3.2,6.3,9965,2.2,10.3,22103,diatom
2017,170404,T1,2.7,5.2,1.235,0.083,4,14.5,130,7,11.2,11.1,4.1,3.8,4.5,9939,1.9,9.8,21655,diatom
2017,170411,T1,1.7,4.1,1.562,0.089,3,8.7,125,7.1,11,11.6,1.5,3.2,6,9948,11.6,9.6,21809,diatom
2017,170418,T1,2.5,5.4,1.573,0.097,3.9,8.8,155,7.1,11,11.7,1.2,2.8,4.5,9934,5.3,9.3,21570,diatom
2017,170425,T1,1.8,4.4,0.973,0.061,3.2,6.3,137,7.3,11.2,12.8,1,3.2,6.7,9912,3.7,9.5,21198,diatom
2017,170502,T1,3,5.1,1.226,0.073,3.5,6.2,144,7.3,12.3,12.7,2.2,2.5,10.7,9885,0.9,10.5,20748,diatom
2017,170510,T1,2.9,6.1,1.496,0.084,4.8,11.6,154,7.2,13,14.2,1.2,4,8.6,9847,3.4,10.8,20128,diatom
2017,170516,T1,2,6.6,1.162,0.062,4.8,5.2,178,7.3,10.7,15.9,1.1,3.9,5.1,9815,0.5,11.5,19618,diatom
2017,170523,T1,2.4,7.1,1.517,0.085,5.6,4.1,159,7.3,10,14.9,1.5,3.2,2.6,9771,0.9,11.6,18932,diatom
2017,170530,T1,2.4,7.1,1.517,0.085,5.6,4.1,159,7.5,9.1,18,1.9,2.9,5.7,9721,0.5,12.6,18176,diatom
2017,170607,T1,3.1,6.6,1.544,0.076,5.4,7.7,132,7.3,8,14.1,4.8,2.2,4.8,9671,2.2,12.3,17443,diatom
2017,170613,T1,1.7,6.3,1.289,0.061,5.1,6.3,122,7.6,8.1,18.3,5.6,2.8,3.5,9631,1.6,13,16874,diatom
2017,170620,T1,1.7,6.5,0.991,0.071,5.1,6.8,110,7.4,7.8,17.7,1.3,3,4.3,9568,0.8,14.9,16004,diatom
2017,170627,T1,1.9,8.1,1.532,0.074,6.4,9.2,111,7.3,7.3,16,1.8,3.2,3,9507,4.9,14,15194,diatom
2017,170704,T1,2.3,11.7,1.853,0.158,6.7,57.3,92,7,7,18.3,1.9,3.1,3.1,9469,6.9,11.3,14705,blue
2017,170712,T1,1.2,4.7,1.314,0.065,3.6,9.5,152,7,6.6,18.3,2,3,2.9,9499,3.7,12.7,15090,blue
2017,170718,T1,1.1,5.1,1.203,0.068,3.9,7.4,138,7.2,6.9,18.7,2.2,3.1,2.1,9481,12.3,12.3,14858,green
2017,170724,T1,1.1,4.9,1.007,0.069,3.8,4.8,158,7.1,6.9,19.7,2.4,4,1.9,9445,1.2,11.4,14401,green
2017,170801,T1,1.1,4.8,0.969,0.067,4,1.3,147,7.6,6.3,20.5,1.7,3,3.8,9400,6.3,10.5,13844,green
2017,170808,T1,0.8,4.6,1.575,0.088,3.4,4.3,155,7.1,7,23.4,4.6,2.8,3.5,9360,0,9.7,13360,green
2017,170816,T1,1,5.3,1.26,0.091,3.9,8.4,119,7,5.9,16.7,2.3,2.7,4.1,9364,17.6,10.6,13408,green
2017,170822,T1,0.8,4.2,0.853,0.059,3.3,2.6,150,6.7,5.9,17.8,4,2.8,4.5,9501,89.9,10,15116,green
2017,170828,T1,0.8,4.2,0.853,0.059,3.3,2.6,150,6.8,6,18,2.9,2.6,3.2,9532,58.6,11.6,15523,green
2017,170904,T1,1.2,4.4,1.344,0.054,3.5,3.6,169,6.9,7.1,19.8,2.9,2.7,6.9,9557,3.3,11.1,15856,green
2017,170912,T1,0.9,4.6,1.087,0.045,3.4,10.4,138,6.9,5.9,18.1,2.9,3,5.5,9557,3.3,11.1,15856,green
2017,170919,T1,0.8,4.4,0.639,0.034,3.8,3.5,151,6.8,6.5,21.9,2.1,2.8,7.5,9557,3.3,11.1,15856,green
2017,170927,T1,1.2,4.3,0.987,0.054,3.3,2.3,181,6.8,5.7,15.5,3.4,2.7,5,9557,3.3,11.1,15856,diatom
2017,171010,T1,1.1,4.5,1.367,0.08,3.2,2.2,202,6.9,6.1,16.4,3,3.1,4.1,9589,8.7,10.3,16290,diatom
2017,171017,T1,1.1,3.6,1.38,0.059,2.8,2.5,217,7,6.3,14.5,2.5,3,4.1,9587,6.9,10.1,16263,green
2017,171024,T1,1.2,3.9,1.216,0.069,3.2,2.3,201,6.8,6.5,14.8,3.3,3.3,5.3,9570,3.1,9.3,16031,green
2017,171031,T1,1.2,3.9,1.216,0.069,3.2,2.3,201,6.6,7.8,14.7,2.7,2.1,4.4,9542,2,8.2,15655,green
2017,171107,T1,1.3,4.3,1.733,0.074,3.1,2.8,235,7,7.7,13.4,2.3,2.5,3.3,9515,3.2,7.8,15299,green
2017,171113,T1,1.7,4.2,1.548,0.072,3.3,3.2,225,6.6,8,12.5,3.1,1.9,3.1,9492,1.2,7.2,15000,green
2017,171121,T1,2,4.8,2.256,0.135,3.8,5.5,241,7.3,8.8,11,5.2,1.9,5.1,9458,1.6,7.4,14565,diatom
2017,171127,T1,2.1,4.8,3.259,0.178,3.8,4.4,238,6.6,7.5,11.5,2.8,2,5.2,9435,1.5,7.3,14276,diatom
2017,171205,T1,2.5,4.8,2.817,0.168,3.7,5.5,307,7.1,9.4,8.7,4.7,2,7.8,9401,1.7,7.4,13856,diatom
2017,171212,T1,2.7,4.9,3.287,0.211,3.7,11.1,338,7.1,11.1,7.2,3,2.1,8.1,9371,1.9,7.5,13492,diatom
2017,171218,T1,2.6,4.9,3.223,0.155,3.8,8.6,274,6.8,11.3,6.3,3.2,1.8,9.3,9344,1.6,7,13170,diatom
2017,171226,T1,2.7,5.5,2.683,0.127,4.5,5,246,6.8,11.5,6.3,4,1.7,8.1,9314,1.4,6.8,12818,diatom
2018,180102,T1,3,5.3,2.791,0.171,4.2,6.4,226,6.7,12.1,5,3.9,1.9,9.2,9284,0.3,6.9,12473,diatom
2018,180116,T1,2.4,5.1,2.724,0.166,3.7,5.8,240,6.9,13,6.4,2,2,10.6,9227,6.2,7.5,11831,diatom
2018,180122,T1,2.6,4.8,2.474,0.166,4,5.6,219,6.8,12.8,3.9,1.7,2,10.5,9211,3.3,7.1,11655,diatom
2018,180129,T1,2.6,4.8,2.474,0.166,4,5.6,219,6.8,11.2,2.7,2.9,1.9,9.7,9178,2.8,7.8,11295,diatom
2018,180206,T1,3,5.1,2.422,0.199,4.1,7.7,242,6.7,13.6,1.5,2.7,2.1,9.7,9136,2.5,7.4,10847,diatom
2018,180213,T1,3.3,5.6,2.926,0.181,4.3,9.5,220,6.9,13.5,2.5,3,1.6,10.8,9099,0.8,8,10460,diatom
2018,180221,T1,3.5,6.6,2.748,0.164,4.8,8.8,235,7,13.3,2.9,3.2,1.8,13.2,9056,1.3,7.2,10020,diatom
2018,180227,T1,3.5,6.6,2.748,0.164,4.8,8.8,235,7.1,12.9,8.3,3.3,1.9,15.7,9025,1.2,6.9,9708,diatom
2018,180306,T1,4,6.9,2.52,0.192,5.5,14.3,275,6.9,12.6,6.5,4,1.3,17,9005,3.5,6.9,9509,diatom
2018,180313,T1,4,6.9,2.52,0.192,5.5,14.3,275,7.2,12,8.1,2.4,1.6,17,9018,4.7,8.1,9638,diatom
2018,180320,T1,2.5,5.3,2.565,0.115,4.1,6.3,264,7.1,11.4,7.1,4.3,1.3,13,9152,59.6,10.8,11017,diatom
2018,180327,T1,1.6,4.6,2.13,0.08,3.4,7.2,245,7.3,11,10.5,4,1.5,11.2,9213,10.2,11.5,11677,diatom
2018,180403,T1,3.8,6.5,1.914,0.092,4.7,13.1,203,7.4,9,15,3,2,6.7,9189,3.4,9.7,11414,diatom
2018,180410,T1,2.4,4.9,1.676,0.087,3.6,6.8,185,7,10.3,11.8,3.3,1.9,8,9202,8,9.2,11556,diatom
2018,180416,T1,2.2,5,1.603,0.083,3.8,7.1,162,7.6,10.6,12.9,3,2,9.7,9210,13.9,8.9,11644,diatom
2018,180424,T1,1.7,5.1,1.569,0.069,3.6,8.5,144,7.3,9.4,11.8,1.6,1.5,5.1,9200,3.7,8.8,11534,diatom
2018,180430,T1,1.7,5.1,1.569,0.069,3.6,8.5,144,7.6,9.6,12.3,2.2,1.7,9.3,9269,7.7,10.3,12302,diatom
2018,180509,T1,1.7,5.4,1.65,0.09,4,7.4,171,7.3,9.4,12.8,3.3,1.9,4.1,9291,19.8,10.5,12553,diatom
2018,180514,T1,2.1,5.8,1.466,0.098,4.3,9,190,7,8.8,15.1,6.1,2.4,2.4,9295,13,11.6,12599,diatom
2018,180521,T1,1.8,6.7,2.066,0.086,5.1,3.7,236,7.4,8.4,15,3.7,1.7,1.9,9270,5.5,10.7,12313,others
2018,180528,T1,1.7,7.5,2.315,0.081,6.2,2.7,245,7.4,8.4,17.4,2.8,1.6,2.7,9236,3.9,10.4,11931,diatom
2018,180604,T1,1.8,7,1.384,0.073,5.5,5,168,7.4,9.5,16.3,2,1.2,5.9,9198,2.8,10.4,11512,diatom
2018,180611,T1,1.5,3.2,1.457,0.073,5.1,4.1,158,7.1,7.4,15.4,2.4,2.8,1.8,9156,5,10,11059,diatom
2018,180619,T1,1.9,7.1,1.347,0.089,5.8,5.5,169,7.8,10.8,16.2,2.6,2.8,2.1,9103,3.1,10.3,10502,diatom
2018,180625,T1,2.5,7.2,1.12,0.108,5.5,7.2,157,7.4,6.4,17.3,1.8,2.9,3.1,9060,0.6,10,10060,diatom
2018,180702,T1,1.6,5.6,1.885,0.089,3.9,10.4,139,7.5,7.1,19.6,3.6,1,5.9,10003,262.3,24.8,22768,green
2018,180709,T1,1.3,4.8,1.324,0.069,3.8,5.7,147,6.8,6.5,16,1.5,2.2,3.2,10047,20,24.2,23560,diatom
2018,180716,T1,3.2,7.3,1.175,0.101,5.6,8.6,156,6.6,6.3,19.6,0.8,4,2.3,9994,6,22.1,22611,green
2018,180723,T1,2.1,7.2,1.298,0.106,5.3,4.7,178,6.8,7.8,19.9,0.9,2.7,2.5,9933,3.2,19,21553,blue
2018,180730,T1,2.1,7.2,1.298,0.106,5.3,4.7,178,6.6,6.7,19.3,1.1,2.5,3.1,9883,3.5,16.9,20715,blue
2018,180806,T1,2.7,6.1,0.982,0.134,4.9,3,176,6.8,6.5,19.4,2.4,2.5,2.9,9831,4.2,15.3,19872,green
2018,180813,T1,2,6,0.825,0.089,5,2,182,6.3,5.1,20.1,2.1,3.5,2.4,9787,1.3,13.9,19179,green
2018,180820,T1,1.6,5.8,0.729,0.073,4.4,8.3,183,6.1,5.5,17.7,3.2,2.9,4.2,9750,3.89,12.67,18612,green
2018,180827,T1,1.6,5.8,0.729,0.073,4.4,8.3,183,6.6,5.7,20.4,5.9,1.3,2.8,10203,249.05,19.46,26500,diatom
2018,180904,T1,2.2,4.3,1.342,0.057,3.6,5.6,127,7,7.2,20.3,6.8,1.7,6.4,10600,310.63,19.63,35178,diatom
2018,180910,T1,1.4,4.2,1.465,0.077,3.4,5,194,6.6,7.6,22.1,3.7,1.2,4.7,10663,16.33,19.28,36751,diatom
2018,180917,T1,1.6,4.1,1.152,0.063,2.4,3.6,171,6.2,7,20.2,2.4,1.8,4.2,10657,6.51,18.27,36598,diatom
2018,180927,T1,1.6,4.1,1.152,0.063,2.4,3.6,171,6.2,6.3,18.7,0.9,2,3.6,10647,9.74,15.58,36345,diatom
2018,181001,T1,1.3,4.1,1.357,0.064,3.1,1.6,180,6.7,7.6,17.8,3.7,1.8,6.3,10633,3.05,14.63,35994,diatom
2018,181008,T1,1.2,2.6,1.672,0.063,2.9,7,144,6.6,7.8,17.8,6.5,1.4,3.5,10704,59.99,17.87,37807,diatom
2018,181015,T1,1.3,4.4,1.746,0.063,3.1,1.8,167,7.1,8.5,17.3,3.2,1.7,5,10704,9.47,18.54,37807,diatom
2018,181022,T1,2.4,3.8,1.871,0.053,3.7,2.5,179,6.7,8.8,17.4,0.9,2.2,4.8,10682,7.62,16.57,37237,diatom
2018,181029,T1,0.9,3.8,1.993,0.087,3.7,2.7,195,6.7,7.9,16,3.9,2.2,6.2,10660,6.14,14.97,36674,diatom
2018,181105,T1,1.5,4.5,2.47,0.125,3.6,5.8,215,7.1,8.2,16.4,1.3,2.5,5.2,10636,1.83,13.43,36069,green
2018,181113,T1,1.5,3.5,1.317,0.074,3.8,3.8,199,6.3,7.9,14.4,1.7,2.2,5.4,10619,6.53,12.27,35646,diatom
2018,181119,T1,1.9,4.4,1.608,0.059,3.9,4.8,114,7.1,8.8,14.5,1,2,5.3,10602,0.34,11.7,35227,diatom
2018,181126,T1,1.6,4.4,1.915,0.071,4.3,3.1,224,7,9.5,14,1.6,2,3.5,10583,2.63,11.05,34764,diatom
2018,181203,T1,2.8,5,1.796,0.077,4.5,6.5,206,6.7,7.6,12.7,0.6,2.8,3.1,10565,8.09,10.87,34330,diatom
2018,181211,T1,2.1,3.8,1.851,0.087,4,18.2,232,7.2,8.6,10.5,2.8,1.5,3.8,10547,2.34,10.58,33901,diatom
2018,181217,T1,1.9,4,2.063,0.051,3.6,3.9,219,7.3,9.2,9.8,1.9,1.8,2.9,10530,2.19,10.34,33500,diatom
2018,181226,T1,1.9,4,2.063,0.051,3.6,3.9,219,7.2,10,9,1.2,2.8,1.8,10503,0,10.25,32871,diatom
2019,190102,T1,1.8,4.3,4.164,0.076,3.4,4.7,213,7.5,10.8,7.1,1.2,2.5,4.6,10481,5.08,10.36,32366,diatom
2019,190108,T1,1.8,4.3,4.164,0.076,3.4,4.7,213,7.6,10.3,6.3,1.3,2.8,2.4,10460,2.35,10.18,31890,diatom
2019,190114,T1,1.9,4.8,4.943,0.118,4.1,3.4,226,7.4,11.4,6.5,1.3,2.6,2.9,10443,4.85,10.02,31509,diatom
2019,190121,T1,1.9,4.8,4.943,0.118,4.1,3.4,226,7.4,11.6,5.9,0.8,2.5,3.5,10419,2.17,9.81,30978,diatom
2019,190128,T1,2.4,5,1.983,0.103,4.3,4.8,213,7.2,11.8,5.7,0.9,2.4,6.5,10396,1.81,9.36,30475,diatom
2019,190207,T1,2.5,5.9,2.289,0.119,3.9,35.9,220,7,12,5.4,1.2,2.5,3.9,10367,0.41,10.31,29851,diatom
2019,190211,T1,2.5,5.9,2.289,0.119,3.9,35.9,220,7.5,12.4,5.1,2.3,2,6.8,10355,2.94,10.31,29595,diatom
2019,190218,T1,2.5,6.4,1.998,0.185,5.6,59.5,178,7.7,12.3,4.9,1.4,2.2,6.3,10330,0,10.36,29069,diatom
2019,190226,T1,2.5,6.4,1.998,0.185,5.6,59.5,178,7.8,12.4,6,2.2,2.3,4.5,10312,3.29,10.49,28694,diatom
2019,190305,T1,3.6,7.5,2.054,0.152,5.4,27.9,254,8,12.3,6.9,0.8,2.8,7.7,10289,1.24,10.72,28220,diatom
2019,190311,T1,2.1,6.2,1.473,0.101,4.4,16.5,208,7.8,12,7.1,0.8,2.7,6.1,10273,7.93,10.28,27894,diatom
2019,190319,T1,4.3,5.9,1.49,0.088,3.9,19,210,7.7,11.7,8.4,1.4,3,4.3,10245,0.98,10.25,27330,diatom
2019,190325,T1,2.4,4.8,1.204,0.068,3.3,12,261,7.8,11.6,8.4,1.4,2.5,3.5,10231,3.4,10.3,27052,diatom
2019,190401,T1,2.6,5.4,1.207,0.121,4.3,8.4,248,7.7,11.6,9.2,1,2.5,4.6,10206,0,11.07,26558,diatom
2019,190408,T1,3.1,6.4,1.885,0.142,4.8,15.2,246,7.8,11.3,10.5,5.7,2.4,10.5,10179,4.62,11.34,26033,diatom
2019,190415,T1,3.1,6.4,1.885,0.142,4.8,15.2,246,7.6,11.5,10.6,1.5,3.6,3.4,10164,3.16,12.05,25744,diatom
2019,190422,T1,4.2,5.9,1.573,0.114,4.4,8.8,240,7.5,10.4,12.7,3.2,3.5,4.1,10133,1.14,12.09,25154,diatom
2019,190430,T1,4.2,5.9,1.573,0.114,4.4,8.8,240,7.4,10.2,12,1.2,3.5,3.5,10115,17.67,11.17,24815,diatom
2019,190507,T1,3.4,7.5,1.397,0.116,5.2,8,222,7.7,10.2,12.4,1.7,2.8,4,10094,1.68,12.43,24423,others
2019,190514,T1,4.2,9.8,1.346,0.203,6.6,10.7,161,7.5,9.6,15.1,5.2,2.3,4.1,10068,1.99,12.62,23943,diatom
2019,190520,T1,3.8,7.8,1.317,0.144,5.1,13.6,168,7.6,9.3,12.7,0.8,2.5,5.4,10045,28.98,12.19,23524,diatom
2019,190528,T1,2.9,8.5,1.692,0.128,5.6,10.1,167,7.4,9.6,15.2,1.4,2.8,9,10031,3.05,13.51,23270,diatom
2019,190603,T1,2.3,6.9,1.193,0.139,4.7,11.3,146,7.3,8.8,15.1,6.2,2.8,5.6,10047,3.58,14.11,23560,diatom
2019,190610,T1,1.2,8.7,1.427,0.082,4.1,8.7,141,7.5,9.2,15.8,1.3,2.8,7.5,10041,13.41,13.41,23451,diatom
2019,190618,T1,1.3,6.2,1.457,0.07,4.2,9.2,151,7.1,8.1,15.7,0.2,2,2.9,10008,4.2,14.56,22857,green
2019,190624,T1,1.1,7.4,1.66,0.073,6,16,132,7.2,8,17.4,4.1,3.1,4.5,9977,13.6,13.6,22312,diatom
2019,190702,T1,2.5,5.9,1.602,0.056,4.3,13.5,121,7.4,7.6,16.9,1,3.4,5.8,10164,193.98,15.38,25744,green
2019,190708,T1,1.5,5.3,1.064,0.052,4.8,13.3,122,7.1,7.6,19,2.7,3.2,3,10178,8.16,17.11,26014,diatom
2019,190715,T1,1.4,5,0.994,0.046,4.2,11.5,138,7.1,7.4,18.9,3.8,3.1,3.1,10153,4.7,15.76,25534,blue
2019,190724,T1,1.1,4,0.948,0.032,4.2,10.2,103,7.1,6.9,18.9,3.3,1.4,3.7,10457,143.75,190.84,31823,blue
2019,190729,T1,1.1,4,0.948,0.032,4.2,10.2,103,6.7,6.3,19.9,1.9,2,2.3,10471,61.5,19.72,32139,blue
2019,190805,T1,1.5,5.6,0.696,0.052,4.8,8.6,120,7,6.1,23.2,3.5,2,3.6,10465,5.92,21.64,32003,blue
2019,190812,T1,1.4,5.8,0.849,0.061,5.2,11.4,131,7.2,6.1,17.1,0.7,1.8,3.6,10356,2.17,19.4,29617,green
2019,190819,T1,1.1,4.2,0.72,0.056,4,7.8,126,7.2,6.6,20,2.1,3,4.5,10332,5.44,17.57,29110,diatom
2019,190826,T1,1.4,4.6,1.047,0.046,4.4,14.3,129,6.9,6,18.4,0.2,2.7,2.9,10292,3.04,14.92,28282,diatom
2019,190902,T1,1.1,5.5,1.258,0.077,3,9.4,139,7.7,6.6,17.7,0.4,1.9,3.2,10272,11.91,11.91,27874,diatom
2019,190909,T1,1.5,4.3,0.949,0.083,2.9,5.3,156,7.5,6.5,19.3,1.4,2.4,3.1,10394,44.48,14.46,30432,diatom
2019,190916,T1,1.5,4.3,0.949,0.083,2.9,5.3,156,6.8,6.3,20.2,0.8,2,3.9,10408,7.22,14.82,30737,diatom
2019,190923,T1,1.6,3.2,1.622,0.054,3.1,5.7,140,7.5,5.9,18.4,4.1,2.1,2.3,10569,144.13,17.95,34426,diatom
2019,191001,T1,0.9,3.1,2.02,0.1,1.9,7.3,140,8.3,6.9,20.3,2.1,2.9,4.4,10608,153.57,150.72,35374,diatom
2019,191014,T1,1.6,3.5,1.56,0.069,2.1,4.2,186,7.3,8.2,20.4,3.5,2.7,5,10699,25.49,28.51,37677,diatom
2019,191021,T1,2,4.1,1.518,0.083,3.7,9.2,196,7.1,7.9,20.1,3.3,2.8,5,10699,12.84,15.85,37677,diatom
2019,191029,T1,1.2,3.6,1.698,0.079,3.3,2.9,192,6.7,7.6,17.4,1.4,2.8,7.6,10691,11.52,14.52,37469,diatom
2019,191104,T1,1.5,4.2,1.543,0.108,3.7,3.9,193,6.7,7,17.3,0.6,3,6.3,10686,10.8,13.79,37340,diatom
2019,191111,T1,1.4,4.2,1.894,0.12,3.6,2.6,226,7.3,7.1,16.7,0.1,3,5.9,10667,4.08,12.95,36853,diatom
2019,191118,T1,1.7,4,2.483,0.121,3.5,3.6,192,7,8.7,15.3,0.6,2.3,7.7,10652,3.73,12.52,36472,diatom
2019,191125,T1,3.5,3.9,1.924,0.087,3.6,2.8,219,7.7,9.1,14.1,1.2,2.8,6.4,10632,3.32,12,35969,diatom
2019,191202,T1,2.2,3.9,1.513,0.111,3.7,3.7,175,7.8,9,12.9,0.9,2.8,3.9,10616,3.18,11.78,35572,diatom
2019,191209,T1,2.2,3.9,1.513,0.111,3.7,3.7,175,7.3,8.9,11.8,0.8,2.8,5.4,10590,0.35,11.63,34934,diatom
2019,191216,T1,2.2,3.9,1.513,0.111,3.7,3.7,175,7.1,9.4,11.5,0.6,2.2,5.5,10574,2.96,11.34,34546,diatom
2019,191223,T1,2.2,3.9,1.513,0.111,3.7,3.7,175,7.2,9,10.1,0.9,2,1.9,10544,0.23,11.2,33830,diatom
2019,191230,T1,2.2,3.9,1.513,0.111,3.7,3.7,175,7,8.4,9.6,13.2,1.9,1.8,10520,0.28,11.09,33266,diatom
2020,200106,T1,1.3,3.6,1.331,0.042,2.8,4.5,382,7.2,9.3,8.9,0.7,2.5,2.2,10503,0.36,11.06,32871,others
2020,200114,T1,1.3,3.6,1.331,0.042,2.8,4.5,382,7.7,10.8,7.9,0.8,3.2,1.8,10494,3.33,11.31,32664,diatom
2020,200120,T1,1.5,4.4,1.292,0.046,2.9,4.6,124,7.5,10.6,7.8,0.5,2.8,2.1,10473,0.82,11.33,32184,diatom
2020,200128,T1,1.5,4.4,1.292,0.046,2.9,4.6,124,7.6,10.9,7.7,0.4,3.8,3.3,10467,10.88,10.88,32048,diatom
2020,200204,T1,1.2,4.3,1.493,0.056,3.3,5.1,135,7.3,10.9,7.4,0.2,3.5,2.3,10445,5.78,10.95,31554,diatom
2020,200210,T1,1.8,4.6,1.463,0.07,3.4,8,146,7.8,11.1,7.7,0.4,3.2,3.1,10425,0.77,11,31110,diatom
2020,200218,T1,1.8,4.6,1.463,0.07,3.4,8,146,7.1,11.7,6.9,1,2.8,3.3,10400,5.84,10.88,30562,diatom
2020,200224,T1,1.4,4.5,1.575,0.073,3.9,14.9,105,7.7,11.6,7.7,0.9,2.9,2.8,10382,3.75,11.23,30172,diatom
2020,200302,T1,1.1,4,1.124,0.052,3.5,5.6,124,7.7,12,7.7,1.9,2.8,3.3,10362,3.88,11.28,29744,diatom
2020,200309,T1,1.3,4,1.121,0.045,2.9,3.8,122,7.8,11.7,8,0.5,2.3,5.8,10346,6.28,11.17,29405,diatom
2020,200316,T1,1.4,4.3,1.053,0.039,3.4,5.9,127,7.5,11.7,8.8,1.8,2.8,2.8,10326,4.02,11.28,28985,diatom
2020,200323,T1,1.8,4.6,0.885,0.04,3.3,7.6,114,7.8,11.8,9.7,3,2.1,5.2,10293,1.66,11.16,28302,diatom
2020,200406,T1,1.7,5.2,0.821,0.034,3.3,9.1,112,7.5,11.3,11.3,11.3,3,8.9,10247,1.77,11.04,27370,diatom
2020,200413,T1,0.8,5.1,0.971,0.045,3,7.2,123,7.8,11.4,11.4,9.9,2.5,5.5,10221,3.93,10.79,26854,diatom
2020,200420,T1,1,4.2,1.111,0.041,3.1,5.1,118,7.5,10.7,10.9,5.4,2.8,3.4,10215,19.41,10.3,26735,diatom
2020,200427,T1,1.7,4.7,0.83,0.04,3.2,4.7,117,8.1,11.1,12.9,1,2.8,5.7,10209,4.7,11.51,26617,diatom
2020,200506,T1,2.3,5.6,0.941,0.051,3.4,5.5,121,7.7,10.5,15.1,2.7,2.1,4.3,10163,4.7,11.36,25725,diatom
2020,200511,T1,1.3,5,1.15,0.049,3.2,8.9,116,8.1,9.9,15.3,5.3,1.8,6.5,10188,18.25,11.51,26207,diatom
2020,200518,T1,1.2,4.9,1.15,0.063,3.3,9.2,118,8.3,9.4,13.7,0.6,2.2,4.6,10182,8.72,13.21,26091,diatom
2020,200525,T1,1.4,5.3,1.1,0.058,3.7,7.6,117,8.6,9.7,14.3,1.2,1.8,8.4,10155,1.81,12.88,25572,diatom
2020,200601,T1,2.4,7.2,1.279,0.08,4.6,12.9,126,7.9,9.5,17.3,0.8,3.2,8.2,10122,1.95,12.85,24946,diatom
2020,200608,T1,1.3,5.9,0.969,0.057,4.2,9.8,107,8.1,9.2,18.6,5.3,2.6,7.7,10090,3.01,13.75,24349,diatom
2020,200615,T1,1.2,5.6,1.389,0.056,3.7,15.1,108,8.2,8.9,17.6,0.9,4.7,8.8,10099,91.08,16.31,24516,diatom
2020,200622,T1,1.3,5.1,1.412,0.063,3.4,9.9,108,7.3,8.3,19.4,6.5,4.9,4.4,10200,47.04,19.99,26441,diatom
2020,200629,T1,1.3,5.1,1.412,0.063,3.4,9.9,108,8.1,7.6,18.1,4.9,4.2,3.3,10200,29.26,15.72,26441,diatom
2020,200706,T1,0.8,4.8,1.225,0.061,3.6,12.4,115,7.6,8,18.4,0.2,3.8,2.8,10276,27.38,15.64,27955,diatom
2020,200715,T1,0.8,4.8,1.225,0.061,3.6,12.4,115,7.4,7.2,17.3,2.2,2.4,4,10676,124.93,27.94,37083,diatom
2020,200720,T1,0.8,4.8,1.225,0.061,3.6,12.4,115,7,7.8,16.9,1.2,2.1,3.5,10404,61.73,176.79,30649,diatom
2020,200727,T1,0.8,4.8,1.225,0.061,3.6,12.4,115,7.9,7.9,19,2.1,2,3.5,10568,165.02,17.33,34402,green
2020,200805,T1,1,4.3,1.143,0.049,2.4,9.1,104,7.7,7.4,19.3,2.1,2.5,3.5,10563,88.65,304.19,34282,green
2020,200818,T1,1,4.3,1.143,0.049,2.4,9.1,104,7.6,7.3,18.8,1.5,2.7,2.4,10538,21.86,13.68,33688,blue
2020,200824,T1,1.3,4.3,1.057,0.054,2.3,5.4,104,8.1,8.1,20.8,12.3,2,2.8,10539,10.44,13.18,33712,diatom
2020,200901,T1,1.1,4.5,1.025,0.048,2.3,16.4,76,6.9,7,21.3,12.5,2.2,3.8,10454,127.59,464.6,31755,diatom
2020,200908,T1,0.6,4.2,1.373,0.054,2.3,10,118,6.6,7.1,22,10.4,2,4,10336,94.31,14.85,29194,diatom
2020,200914,T1,0.5,3.8,1.252,0.049,2.1,9.7,126,7.4,7,18.3,1.2,2,3.4,10536,55.56,17.54,33641,diatom
2020,200921,T1,0.5,3.6,1.138,0.048,2.1,3.6,133,6.8,7.2,17.1,0.1,2.8,1.8,10579,22.53,16.93,34667,diatom
2020,200928,T1,0.5,3.6,1.138,0.048,2.1,3.6,133,7,8.1,22.4,1,3,5.9,10580,15.32,15.32,34691,diatom
2020,201005,T1,0.9,3.9,1.234,0.048,2.1,6.1,107,6.7,7.1,19.9,0.1,3,4.3,10565,7.93,13.48,34330,diatom
2020,201013,T1,0.8,3.8,1.156,0.052,2.2,5.8,115,6.6,7.7,18.1,0.3,3.1,3.7,10548,4.36,12.61,33925,diatom
2020,201019,T1,0.8,3.8,1.156,0.052,2.2,5.8,115,6.9,6.2,14.7,1,3.5,2.2,10529,4,12.16,33476,diatom
2020,201026,T1,0.6,3.6,0.977,0.045,2.4,3.1,108,6.8,7.9,16.3,1.1,2.7,4.9,10503,3.57,11.6,32871,diatom
2020,201102,T1,0.9,4.1,1.307,0.052,2.3,3.6,132,7.1,8.9,14.8,0.9,2.8,3.3,10480,3.49,11.41,32343,diatom
2020,201109,T1,1.4,4.1,2.103,0.115,2.7,3.4,233,7.4,9.8,14.3,1.2,3,7.1,10453,2.99,13.39,31733,diatom
2020,201116,T1,2.3,5.6,2.501,0.149,2.6,9.7,223,7.4,9.7,14.5,0.9,3.8,5,10433,1.55,11.83,31287,diatom
2020,201123,T1,1.3,5,2.264,0.118,3,10.9,226,7.1,9.9,13,1,2.8,7.3,10418,8.61,11.15,30956,diatom
2020,201130,T1,1.3,5,2.264,0.118,3,10.9,226,7.2,9.7,11.3,0.9,2.2,7.7,10388,4.4,11.91,30302,diatom
2020,201210,T1,1.5,4.2,2.323,0.132,2.6,5.8,193,7.3,8.9,9.8,1.4,2.1,4.6,10353,5.96,10.87,29553,diatom
2020,201215,T1,1.5,3.9,2.289,0.118,2,5.1,200,7.1,8.8,8.7,2,1.3,3.6,10341,1.87,11.63,29299,diatom
2020,201221,T1,1.9,4.5,3.788,0.198,2.3,3.8,241,6.9,9.4,7.7,1.7,1.9,3.5,10312,4.53,11.59,27923,diatom
2020,201228,T1,1.9,4.5,3.788,0.198,2.3,3.8,241,7.4,9.9,7.8,1.6,2.7,2.9,10293,2.54,11.86,27539,green
2021,210104,T1,2,4.9,2.676,0.147,2.4,7.8,206,7.4,10.8,6.5,1.5,3,4.8,10269,2.67,11.86,27060,diatom
2021,210112,T1,2,4.9,2.676,0.147,2.4,7.8,206,7.2,11.3,5.7,2,3.5,2.7,10230,6.09,12.84,26295,diatom
2021,210119,T1,2,4.9,2.676,0.147,2.4,7.8,206,7.6,11.9,4.7,2.4,3.5,3.5,10207,5.55,12.24,25850,diatom
2021,210125,T1,2.1,4.8,2.227,0.136,2.9,19.1,216,7.2,11.7,5.6,1.6,3.6,3.2,10182,5.54,12.14,25371,diatom
2021,210201,T1,3.3,5.9,2.347,0.152,5,14.3,213,7.6,11.9,5.7,1.6,2.9,7.7,10160,3.46,12.16,24956,diatom
2021,210209,T1,3.3,5.9,2.347,0.152,5,14.3,213,7.7,12.5,5.2,1.6,2.9,7.1,10131,3.42,11.99,24416,diatom
2021,210215,T1,2.1,6.2,2.944,0.221,4,13.1,232,7.8,12.7,5.7,1.6,2.2,8.3,10102,3.01,11.44,23884,diatom
2021,210222,T1,2.1,6.2,2.944,0.221,4,13.1,232,7.8,12.4,6.2,2,2.5,8.7,10069,2.25,12.6,23289,diatom
2021,210302,T1,2,7,2.186,0.188,4.4,53.8,214,7.7,12.6,5.9,1.7,2,7.5,10035,3.78,11.91,22687,diatom
2021,210308,T1,2.1,5.9,2.442,0.176,3.8,14,273,7.8,12.4,7.4,1.7,2.6,7.3,10052,10.55,12.6,22986,diatom
2021,210315,T1,2.5,5.6,2.366,0.197,3.5,14.8,197,7.9,12.3,8.4,1.7,2,8.4,10035,9.09,13.15,22687,diatom
2021,210322,T1,2.2,5.1,1.998,0.127,3,8.1,202,7.7,11.9,9,2.5,2.5,8.2,10026,9.03,13.07,22529,diatom
2021,210329,T1,2.1,4.9,2.084,0.102,3.2,12.8,143,7.9,11.6,10.7,2,2.7,9.2,10038,29.92,13.69,22739,diatom
2021,210407,T1,2.2,4.8,2.196,0.115,3.2,7,221,7.7,11.1,11.2,1.5,2,6.8,10026,8.56,12.6,22529,diatom
2021,210413,T1,2.7,5.3,1.771,0.129,3.3,10.4,218,8,11.1,12.8,1.9,2,12.3,10004,4.01,12.01,22148,diatom
2021,210419,T1,2.7,5.3,1.771,0.129,3.3,10.4,218,7.5,10.5,11.2,1.7,2.4,5.9,9989,3.79,11.72,21890,diatom
2021,210428,T1,3.8,7.7,1.546,0.121,5.2,13.2,259,7.8,10.6,13.9,1.8,2,5.9,9950,4.03,11.78,21230,diatom
2021,210503,T1,2.8,6.3,1.629,0.131,3.6,11.1,195,7.6,9.7,13.9,1.2,2.5,3,9928,8.06,11.88,20864,diatom
2021,210510,T1,8.5,9.2,1.411,0.099,4.1,26.9,240,7,9.2,14.2,1.5,4,3.8,9898,0,12.01,20373,diatom
2021,210517,T1,4.8,7.9,2.127,0.185,4,38.1,221,7.4,9,14.5,1,7,1.1,9859,12.79,10.95,19746,diatom
2021,210524,T1,4.8,7.9,2.127,0.185,4,38.1,221,7.5,9.2,19.1,1.2,4.5,10.2,9830,3.85,12.91,19289,diatom
2021,210531,T1,3,7.3,1.566,0.124,5.1,11.8,180,7.3,8.5,18.3,1.1,5.2,4.5,9803,3.72,12.64,18870,diatom
2021,210607,T1,2.4,7.1,1.495,0.092,5.5,9.1,154,7.8,9.1,22,1.2,3.8,6.3,9768,4.25,12.99,18337,diatom
2021,210616,T1,2.3,7.2,1.613,0.107,5.3,21.1,140,7.5,8.3,20.8,1.5,3,8.2,9733,6.88,13.73,17815,diatom
2021,210623,T1,2.3,7,1.424,0.092,4.9,16.5,154,7.3,7.9,17.2,1.5,2.5,4.7,9701,3.72,13.81,17346,diatom
2021,210628,T1,1.7,7.3,1.362,0.104,5.7,17.6,152,8.6,8.9,24.8,1.3,3.5,5.5,9666,1.91,13.44,16844,diatom
2021,210707,T1,1.1,3.9,1.009,0.061,3.2,18.4,88,6.9,7.2,21,36,1.8,2.8,10516,198.39,112.44,32310,diatom
2021,210712,T1,1.1,3.9,1.009,0.061,3.2,18.4,88,7.1,7.4,23.4,16.8,2,3.1,10488,146.86,219.88,31680,blue
2021,210719,T1,1.7,5,1.177,0.072,2.7,6.7,143,7.2,7.2,19.8,7.5,2,4.3,10354,38.52,24.09,28787,diatom
2021,210726,T1,2.6,5.5,1.219,0.099,4.5,12.9,147,7,6.1,22,7,2.1,7.2,10309,5.33,21.8,27862,diatom
2021,210804,T1,1.1,4.9,0.833,0.042,3.6,9.9,68,7,5.7,23.8,6.4,2.2,13.5,10246,7.88,19.22,26607,diatom
2021,210809,T1,1.1,4.9,0.833,0.042,3.6,9.9,68,7,6.1,23.6,4.9,3.1,4.9,10344,4.1,20.9,28580,blue
2021,210817,T1,1.1,5.3,1.026,0.065,3.6,11.1,127,7,5.3,20.4,4.1,3.2,1.1,10297,5.01,19.03,27620,blue
2021,210823,T1,1.1,5.3,1.026,0.065,3.6,11.1,127,7,5.3,20.4,4.1,3.2,1.1,10302,75.88,17.81,27721,green
2021,210830,T1,1.1,5.3,1.026,0.065,3.6,11.1,127,7,5.1,24.5,2.2,3.5,1.3,10355,34.32,19.89,28808,blue
2021,210906,T1,2.1,3.9,1.281,0.09,2.7,9.2,172,7,5,21.6,1.5,3,3.4,10377,21.52,19.08,29269,green
2021,210915,T1,2.5,6.3,1.128,0.073,5.6,12.1,166,7.1,6,17.8,1.4,3,1,10350.8,6.41,16.52,28721,diatom
2021,210927,T1,2.6,4.4,1.051,0.09,2.8,18.5,163,7.1,6.7,22.1,1.2,3.7,2.4,10298.2,3.77,14.76,27644,diatom
2021,211005,T1,2.2,4.9,1.373,0.113,3.8,12.5,199,7.2,6.8,24.2,1.1,3.8,4,10307.7,9.17,13.64,27836,diatom
2021,211012,T1,3,4.5,1.305,0.097,3.1,13.4,217,7,5.3,21.3,0.8,3.5,2.5,10284.1,5.79,12.52,27361,diatom
2021,211018,T1,1.8,3.8,1.73,0.1,2.5,6.6,222,7,6.2,17.6,1.7,2.5,1.4,10264.2,1.93,10.64,26965,diatom
2021,211025,T1,2.2,3.9,1.631,0.105,2.7,8.4,233,7.2,7,17.5,1.2,3.5,3.8,10233.8,0,10.54,26369,diatom
2021,211101,T1,2.6,4.6,1.462,0.088,3.3,12.5,230,6.8,7.5,15.4,1.2,3.5,2.3,10204,0.92,10.05,25792,diatom
2021,211108,T1,2.5,4,1.548,0.112,2.6,18.1,213,7.3,6.8,14.4,1.5,3,2.6,10170.7,0.61,9.8,25157,diatom
2021,211117,T1,2.3,6.1,2.045,0.23,3.7,93.2,250,7.3,8.6,14.1,1.3,3.7,1.3,10138.7,3.39,10.48,24558,diatom
2021,211124,T1,2.2,4.6,2.051,0.184,3.2,22.1,240,7.4,8.9,12.5,1,2.5,2.3,10105.4,2.55,11.42,23946,diatom
2021,211129,T1,2.2,4.6,2.051,0.184,3.2,22.1,240,7.5,8.6,12.9,1.2,3,1.6,10087,3.4,11.77,23612,diatom
2021,211206,T1,2.1,4.2,2.229,0.136,3.3,8.5,280,7.5,8.6,10.8,1.1,2.5,1.7,10058,2.92,12.18,23093,green
2021,211213,T1,3,4.3,2.28,0.126,3.3,6,262,7.6,9.1,9.6,1.3,2.5,2,10024.5,3.18,12.27,22503,diatom
2021,211220,T1,3,4.3,2.28,0.126,3.3,6,262,7.3,8.5,8.9,1.4,2,1.7,9981.1,2.91,12.58,21755,diatom
2021,211227,T1,3,4.3,2.28,0.126,3.3,6,262,7.4,9.7,7,1.3,2.5,1,9956.6,2.4,10.97,21341,diatom
2022,220105,T1,3.6,3.8,2.224,0.1,3.8,9.9,210,7.7,10.6,6.6,0.9,3.1,1.1,9914,2.29,11.6,20634,diatom
2022,220110,T1,3.6,3.8,2.224,0.1,3.8,9.9,210,7.5,11,6.4,1.5,2.8,4.2,9889.4,1.86,11.41,20233,diatom
2022,220119,T1,3,5.5,2.53,0.108,3.2,15.8,255,7.6,11.7,5.3,1.2,3,4.3,9843.6,1.65,11.33,19502,diatom
2022,220124,T1,3,4.6,1.999,0.086,3.3,7.1,238,7.6,11.4,5.5,1.2,2.5,5,9818.9,1.44,10.62,19116,diatom
2022,220207,T1,3.7,4.8,2.675,0.121,4.4,10.5,275,7.8,12.3,4.3,1.3,2.2,7.6,9748.8,2.02,11.01,18049,diatom
2022,220216,T1,4.2,7.6,3.507,0.207,5.1,43.4,289,7.7,13.1,4.4,3.6,2.5,6.3,9693,0.82,11.02,17230,diatom
2022,220221,T1,3.3,6.2,1.477,0.183,3.5,76.4,196,7.9,13.3,4.4,2,2.5,8.8,9663.5,1.3,11,16808,diatom
2022,220228,T1,3.3,6.2,1.477,0.183,3.5,76.4,196,8,12.2,5.2,1.7,2,8.6,9621.4,2.06,11.19,16219,diatom
2022,220307,T1,3.5,9.4,1.888,0.051,5.7,30,441,7.9,12.4,5.8,1.6,1.9,8.2,9615.9,2.27,11.06,16143,diatom
2022,220314,T1,4.2,7.4,2.061,0.111,4.6,11.9,600,7.9,12,7.2,2,1.9,10.2,9609.9,1.55,11.1,16060,diatom
2022,220321,T1,6.7,8.1,1.959,0.12,5.4,21,363,7.9,12.3,8,1.9,2,10.9,9609.9,1.55,11.1,16060,diatom
2022,220328,T1,3.2,6.2,2.431,0.101,4.3,11.9,256,8,11.9,8.8,3.8,1.1,11.6,9609.9,1.55,11.1,16060,diatom
2022,220404,T1,5.2,7.6,1.832,0.113,4.3,10.7,319,7.8,11.7,10.8,2.7,1.5,9.1,9609.9,1.55,11.1,16060,diatom
2022,220413,T1,8.8,13,1.47,0.169,5.7,24.3,432,7.6,10.9,13.1,1.9,2,11.2,9609.9,1.55,11.1,16060,diatom
2022,220418,T1,7.1,9,1.343,0.13,5,14,376,7.8,10.7,14,1.8,2.1,8.3,9609.9,1.55,11.1,16060,diatom
2022,220427,T1,7.9,8.4,1.747,0.161,4.9,12.5,341,7.8,10.3,15.8,1.6,3.5,4.4,9609.9,1.55,11.1,16060,diatom
2022,220502,T1,5.2,7.7,1.388,0.097,5,8.1,220,7.8,10.6,14.5,2.3,3.5,5,9609.9,1.55,11.1,16060,diatom
2022,220511,T1,4.6,7.7,1.796,0.115,5,10.8,255,7.5,10.7,16,1.3,2.9,2.5,9609.9,1.55,11.1,16060,diatom
2022,220516,T1,7.9,9.4,1.441,0.15,6.2,18,208,7.8,10.5,17.4,1.2,3.5,3.2,9609.9,1.55,11.1,16060,diatom
2022,220523,T1,7.9,9.4,1.441,0.15,6.2,18,208,7.6,10.5,17.5,1.3,3.2,3.8,9609.9,1.55,11.1,16060,diatom
2022,220530,T1,6.8,10.9,1.213,0.201,6.2,19,181,7.8,10.4,19.3,1.6,2.1,5.2,9609.9,1.55,11.1,16060,diatom
2022,220608,T1,2.7,7.7,1.585,0.095,5.4,24.6,172,7.3,9.4,16.6,1.3,2.6,3.1,9734.78,7.1,4.62,17841,diatom
2022,220613,T1,4,7.7,1.545,0.107,5.1,17.8,169,7.7,9.9,19.3,1.2,2.3,7.4,9734.78,7.1,4.62,17841,diatom
2022,220620,T1,3.3,8.1,1.328,0.1,6.1,18.8,116,7.6,9.3,20.8,1.7,2.6,5.4,9734.78,7.1,4.62,17841,diatom
2022,220627,T1,2.7,8.1,1.388,0.101,5.6,25.4,175,7.2,8,17.8,1.4,1.8,3.7,9734.78,7.1,4.62,17841,diatom
2022,220704,T1,4,11.1,1.09,0.106,6.4,9.2,171,7.1,7.3,16.7,1.1,2.1,3.1,9734.78,7.1,4.62,17841,diatom
2022,220711,T1,1.9,6.5,1.157,0.088,4.4,5,185,7,6.7,16.9,0.9,2.8,1.8,9734.78,7.1,4.62,17841,diatom
2022,220720,T1,2.7,6.6,1.469,0.096,4.6,14.3,116,6.9,7,20.3,1,2.8,4.1,9734.78,7.1,4.62,17841,blue
2022,220725,T1,1.8,5.8,0.978,0.076,4,4.3,173,6.8,6.8,17.5,1.5,3,4.2,9734.78,7.1,4.62,17841,diatom
2022,220803,T1,2.2,5.7,0.843,0.06,3.6,4,149,6.8,6.1,20.5,1.6,2.5,2.7,9734.78,7.1,4.62,17841,green
2022,220808,T1,2.2,5.7,0.843,0.06,3.6,4,149,6.7,5.5,19.9,1.5,3.2,2.1,9734.79,4.68,4.66,17841,diatom
2022,220817,T1,2.7,5.1,1.104,0.067,3.4,4.6,178,6.8,5.9,21.6,0.9,3.5,2.4,9734.36,3.7,4.43,17835,green
2022,220822,T1,2.7,5.1,1.104,0.067,3.4,4.6,178,6.8,5.3,20.6,1.2,4,4.3,9728.18,3.53,14.08,17743,green
2022,220829,T1,1.5,5.4,1.025,0.059,3.4,3,189,6.7,4.8,17.7,1.2,2.8,3,9713.37,4.35,29.5,17526,green
2022,220906,T1,1.9,5.1,1.414,0.081,3.7,8.8,189,7,6.4,19.9,1.8,1.9,0.4,9654.66,19.98,29.02,16683,green
2022,220913,T1,1.9,5.1,1.414,0.081,3.7,8.8,189,6.9,6.8,19.5,1.8,2.6,1.8,9837.03,11.82,26.15,19399,green
2022,220919,T1,2.1,5.9,1.01,0.068,4.1,6.2,196,7.1,7.3,22.5,1.3,2,4,9798.33,6.51,24.63,18798,diatom
2022,220926,T1,2.3,5.3,1.032,0.073,3.3,11.7,176,7.1,7.1,19.6,1.2,2.5,4.5,9719.75,2.81,22.12,17620,diatom
2022,221005,T1,1.4,5.4,1.567,0.072,3.4,6.4,231,7.1 ,7.5,18.7 ,1.5,2.1,12.2 ,6982,0.07,2.01,8245,diatom
2022,221011,T1,1.4,5.4,1.567,0.072,3.4,6.4,231,7.0 ,7.3,16.7 ,2.7,2.2,6.7 ,6973,0.74,2.28,8185,diatom
2022,221017,T1,4.7,7.3,1.378,0.113,4.7,12.8,237,7.9 ,10.0,19.6 ,1.8,2.0,19.0 ,6958,0,1.94,8086,diatom
2022,221024,T1,3.9,7.1,1.282,0.074,4.3,10.6,246,7.0 ,8.1,16.7 ,2.2,2.2,9.9 ,6938,0,1.97,7954,diatom
2022,221101,T1,,,,,,,,7.1 ,8.6,16.2 ,1.5,3.2,3.4 ,6917,0.49,1.99,7817,diatom
2022,221107,T1,,,,,,,,7.3 ,9.2,14.3 ,1.7,2.5,2.4 ,6898,0,2.11,7693,diatom
2022,221114,T1,,,,,,,,7.4 ,10.0,14.4 ,1.5,2.5,3.0 ,6878.8,0.42,2.05,7570,diatom
2022,221123,T1,,,,,,,,7.4 ,10.2,13.5 ,1.3,2.8,4.9 ,6857,0,2.05,7431,others
2022,221128,T1,,,,,,,,7.5 ,10.5,12.8 ,1.2,3.0,7.3 ,6843,0,1.97,7342,diatom
2022,221205,T1,,,,,,,,7.3 ,10.8,7.5 ,2.4,2.3,4.4 ,6822,0,1.94,7211,diatom
2022,221212,T1,,,,,,,,7.3 ,9.6,9.0 ,1.7,1.5,3.1 ,6805,0,2.1,7105,diatom
