pH,DO,Temp,EC,BOD,COD,SS,T_N,T_P,TOC,TC,NH3_N,PO4_P,Chl_a,FC,Flow,Rain,log TC,log FC,log Flow,log Rain
7.2,13.9,4.3,279,1.6,3.8,4.6,2.619,0.044,3,1260,0.151,0.019,4.9,139,4.897,47.2,3.1004,2.143,0.6899,1.6739
7.1,12.7,4.8,315,2,3.6,4.6,2.589,0.051,3,2605,0.145,0.02,6.5,785,4.571,23.9,3.4158,2.8949,0.66,1.3784
7.6,12.2,8.3,376,4.4,7.8,12.2,2.085,0.075,5.8,799,0.077,0.009,47,158,2.509,36.5,2.9025,2.1987,0.3995,1.5623
7.6,10,15.4,285,4.3,7.5,20.2,1.819,0.119,4.9,7938,0.158,0.02,54.3,410,5.934,145.5,3.8997,2.6128,0.7733,2.1629
7.2,7.8,19.7,255,3.4,7,12.1,1.724,0.119,5.5,1170,0.306,0.046,22.6,163,5.461,48.6,3.0682,2.2122,0.7373,1.6866
7,7.8,23.3,268,3.6,9.1,13,2.624,0.134,6.8,2422,0.323,0.067,10,532,4.959,96.1,3.3842,2.7259,0.6954,1.9827
7.2,7.7,26,237,2,6.4,8,2.241,0.125,5,3755,0.074,0.04,17.6,530,9.366,164.3,3.5746,2.7243,0.9716,2.2156
7,7.7,26.2,231,2,5.4,7.6,1.403,0.11,4.3,4500,0.063,0.045,7.9,611,6.264,148.9,3.6532,2.786,0.7969,2.1729
7.2,8.4,21.8,290,1.3,5.1,4.2,1.276,0.086,4.3,2410,0.062,0.034,4.9,396,4.607,66.6,3.382,2.5977,0.6634,1.8235
7.1,9,18.2,298,1.7,5.7,5.7,1.596,0.09,5.8,8925,0.126,0.046,5.4,1448,4.505,90.9,3.9506,3.1608,0.6537,1.9586
7,9.7,13.5,294,2.3,6.2,5.2,2.306,0.113,5.1,10200,0.304,0.064,10.1,1354,5.923,121.9,4.0086,3.1316,0.7725,2.086
7,12.3,7.3,301,1.5,4.2,2.3,2.745,0.066,2,6880,0.183,0.029,3.1,252,6.722,59.2,3.8376,2.4014,0.8275,1.7723
7.5,12.3,4.7,317,1.5,3.5,4.1,3.025,0.059,3.8,2500,0.236,0.018,5.1,120,3.479,49.9,3.3979,2.0792,0.5415,1.6981
7.1,13.5,4.7,271,2.1,4.5,8.6,2.744,0.073,4.3,8075,0.248,0.031,6.7,468,7.489,45.2,3.9071,2.6702,0.8744,1.6551
7.2,12,9,287,2.7,5.6,15.1,2.506,0.096,4.8,6940,0.181,0.024,14.9,328,6.155,55.2,3.8414,2.5159,0.7892,1.7419
7.3,10.1,16,255,3,6.6,16.9,1.907,0.108,5.1,3475,0.14,0.022,31.6,745,9.168,185,3.541,2.8722,0.9623,2.2672
7.1,11.2,19.8,264,1.9,5.6,11.3,1.773,0.092,4.6,4475,0.121,0.039,13.1,375,7.687,104.5,3.6508,2.574,0.8858,2.0191
6.9,6.9,23.5,243,2.6,8,12.6,2.377,0.119,7,4700,0.249,0.063,7.7,296,7.129,116.1,3.6721,2.4713,0.853,2.0648
7.1,7.9,26.1,204,2.4,5.7,11.8,1.852,0.119,5.4,11300,0.089,0.058,20.7,1293,8.753,301.4,4.0531,3.1116,0.9422,2.4791
7,7.3,27.8,286,2.4,7.1,8.2,1.152,0.109,5.7,2052,0.071,0.035,19.4,242,6.257,81,3.3122,2.3838,0.7964,1.9085
7.3,8.2,22.9,204,1.8,6.4,8.7,1.725,0.098,4.8,10875,0.162,0.048,7.9,1960,16.274,251.3,4.0364,3.2923,1.2115,2.4002
7.3,8.7,18.7,190,1.2,5.2,8.6,2.114,0.097,3.9,20000,0.076,0.057,3.8,1450,14.034,216.7,4.301,3.1614,1.1472,2.3359
7.6,10.6,11.8,323,1.4,4.4,3.9,2.209,0.094,3.9,10980,0.06,0.048,9.6,140,3.671,31.5,4.0406,2.1461,0.5648,1.4983
7.8,12.3,6.1,356,1.3,3.9,3.3,2.573,0.056,3.5,15875,0.077,0.02,8.6,210,3.439,44.9,4.2007,2.3222,0.5364,1.6522
7.4,11.6,3.8,327,1.5,4.3,4.2,2.898,0.079,3.3,2800,0.224,0.029,7.3,180,3.23,11.7,3.4472,2.2553,0.5092,1.0682
7.8,12.5,4.8,307,1.8,4.5,5.6,2.929,0.086,3.5,1240,0.222,0.041,8.5,200,3.538,41.9,3.0934,2.301,0.5488,1.6222
7.7,13.6,10.1,366,4,6.6,13.4,2.255,0.091,5.8,1150,0.062,0.014,42.5,173,2.81,7.8,3.0607,2.238,0.4487,0.8921
8.5,11.4,15.9,329,5.9,11,18.1,1.422,0.109,7.8,8188,0.024,0.006,110.6,150,2.707,8.9,3.9132,2.1761,0.4325,0.9494
7.8,10.9,20.6,364,5.8,13.4,21.2,1.626,0.138,9.1,610,0.124,0.01,71.4,56,2.093,28.1,2.7853,1.7482,0.3208,1.4487
6.9,7.3,23.7,332,3.9,12.7,12.9,2.142,0.121,9.5,1158,0.286,0.026,32,285,3.473,42.1,3.0637,2.4548,0.5407,1.6243
7.3,6.6,26.9,225,2.3,8.4,10.3,1.971,0.118,6.2,7050,0.162,0.047,14.1,1378,10.418,211.7,3.8482,3.1392,1.0178,2.3257
7.3,7.5,26.5,183,2.5,7.1,21.5,1.404,0.112,5.3,15600,0.091,0.064,20.4,2218,31.665,273.8,4.1931,3.346,1.5006,2.4374
7.2,8.4,22.4,221,1.7,5.8,6.7,1.412,0.08,4.5,5300,0.038,0.041,10.7,1438,12.089,108.8,3.7243,3.1578,1.0824,2.0366
7.8,11.6,17.2,346,1.6,5.5,3.7,1.813,0.071,4.2,2500,0.092,0.03,17.9,275,3.39,85.4,3.3979,2.4393,0.5302,1.9315
7.9,11.9,8.8,493,4.1,7.3,9.9,1.917,0.07,6,895,0.192,0.006,77.5,73,2.222,2.1,2.9518,1.8633,0.3467,0.3222
7.4,12.7,4.2,363,3.3,5.9,7.5,2.72,0.067,5,2075,0.269,0.005,49.1,558,2.623,28.5,3.317,2.7466,0.4188,1.4548
8,12.1,3.3,328,2.9,5.6,6.7,2.627,0.072,4.5,7000,0.246,0.012,34.1,574,2.826,38.8,3.8451,2.7589,0.4512,1.5888
8.2,9.5,4,440,3.2,5.8,7.7,2.659,0.095,4.5,1068,0.075,0.012,46.8,361,2.31,22,3.0286,2.5575,0.3636,1.3424
7.2,10.7,11,261,3.5,7.4,15.6,2.59,0.108,5.5,11450,0.202,0.028,34.2,1195,11.389,115.8,4.0588,3.0774,1.0565,2.0637
7.6,9.8,15.6,272,2.5,6.6,9.2,2.231,0.094,5,4640,0.064,0.023,35.7,380,6.176,127.4,3.6665,2.5798,0.7907,2.1052
7.4,9.2,20.2,253,2.7,7.2,11.6,2.233,0.131,5.9,6525,0.252,0.058,15.9,433,7.879,85.4,3.8146,2.6365,0.8965,1.9315
7.1,6.9,24.7,255,2.9,10.8,8.7,1.858,0.115,8.5,2650,0.12,0.05,13.9,278,5.507,222.4,3.4232,2.444,0.7409,2.3471
7.5,8,27.3,276,3.6,9.6,13.8,1.626,0.125,6.8,5040,0.039,0.074,29.7,1000,26.962,84.5,3.7024,3,1.4308,1.9269
7.2,7.4,26.9,305,2.5,8.4,9.4,1.399,0.112,6.4,7125,0.028,0.05,17.8,1138,32.126,397.1,3.8528,3.0561,1.5069,2.5989
7.5,9.7,23.1,182,2.1,5.3,7.4,1.922,0.082,4.5,8875,0.031,0.036,18.5,1570,11.455,129.7,3.9482,3.1959,1.059,2.1129
8,11.3,16.2,272,2,5.8,5.6,1.969,0.078,5.3,8820,0.032,0.03,13.8,1136,6.158,125.2,3.9455,3.0554,0.7894,2.0976
7.5,10.4,11.2,305,1.8,5.8,5.5,2.035,0.088,5.8,5075,0.013,0.038,18.1,310,2.32,47.2,3.7054,2.4914,0.3655,1.6739
7.7,13,5.9,319,1.8,4.3,4.5,2.509,0.071,4.9,4400,0.078,0.034,18.5,1098,3.693,32.4,3.6435,3.0406,0.5674,1.5105
7.9,12.5,3.4,383,1.7,4.3,4.6,2.71,0.073,4.3,523,0.092,0.014,16.6,178,2.649,16.4,2.7185,2.2504,0.4231,1.2148
7.9,13.1,4.7,333,2.8,6.6,8.5,2.502,0.1,5.6,1225,0.13,0.028,41.1,190,2.677,37,3.0881,2.2788,0.4276,1.5682
8.4,12.5,9.5,337,4.4,9,17,1.753,0.17,7.3,2550,0.036,0.014,77,346,2.001,33.9,3.4065,2.5391,0.3012,1.5302
8.2,10.6,15.1,315,4.3,9.5,13.5,1.404,0.161,7,2908,0.165,0.02,52.8,743,2.843,84.7,3.4636,2.871,0.4538,1.9279
8,8.2,19.7,278,3.7,8.9,16.3,1.501,0.156,6.9,7875,0.272,0.041,40.6,722,5.198,78.8,3.8963,2.8585,0.7158,1.8965
6.9,8.6,23.2,252,3.5,9.8,10.5,1.82,0.144,7.9,2900,0.177,0.053,17,941,5.329,158,3.4624,2.9736,0.7266,2.1987
7.2,7.7,25.5,216,2.6,7.5,10.5,1.856,0.102,6.5,17900,0.103,0.064,9.2,3196,13.018,242.2,4.2529,3.5046,1.1145,2.3842
7,7.8,27.1,219,2.6,7.9,6.7,1.13,0.089,7,11975,0.039,0.04,20.6,1813,6.699,64.8,4.0783,3.2584,0.826,1.8116
7.2,8.2,23.2,236,1.6,5.7,4.2,1.729,0.077,4.4,9880,0.037,0.057,6.5,3226,10.641,165.8,3.9948,3.5087,1.027,2.2196
7.6,10.3,16.8,252,1.3,4.6,4.1,1.968,0.048,3.3,8325,0.031,0.024,10.1,2930,6.811,149.9,3.9204,3.4669,0.8332,2.1758
7.8,9.6,12.6,318,3.4,7,11.4,1.974,0.077,6.5,6865,0.05,0.026,50.2,2230,3.572,22.8,3.8366,3.3483,0.5529,1.3579
7.9,11.9,5.9,344,2.9,5.1,6,2.557,0.055,4.9,4600,0.077,0.025,28,1008,3.814,31.6,3.6628,3.0035,0.5814,1.4997
7.8,16.9,4.9,311,1.9,4.5,4.5,2.814,0.052,2.4,39700,0.275,0.023,7.3,3300,4.897,47.2,4.5988,3.5185,0.6899,1.6739
8,12.2,5.7,312,3.1,5.6,5.7,2.557,0.081,2.7,11400,0.299,0.047,13.2,675,4.571,23.9,4.0569,2.8293,0.66,1.3784
8.3,11.2,9.8,329,5.1,8.8,14.3,2.151,0.122,3.8,10800,0.296,0.019,62.1,840,2.509,36.5,4.0334,2.9243,0.3995,1.5623
8.1,9.2,15.8,264,5.1,10.2,15.6,2.059,0.162,4.6,64500,0.392,0.073,51.9,2725,5.934,145.5,4.8096,3.4354,0.7733,2.1629
8.3,9.7,21.2,187,4.8,10.1,26.4,1.753,0.105,4.5,18000,0.198,0.039,38.8,1700,5.461,48.6,4.2553,3.2304,0.7373,1.6866
8,8.7,24.7,239,3.5,9.8,14.7,2.493,0.09,5.6,12250,0.427,0.033,25.7,1025,4.959,96.1,4.0881,3.0107,0.6954,1.9827
7.6,7.8,25.4,178,3.3,8.1,18.6,2.106,0.114,5,141000,0.191,0.063,17.2,8000,9.366,164.3,5.1492,3.9031,0.9716,2.2156
7.8,6.9,27.2,171,3.2,7.6,15.8,1.428,0.107,3.8,82000,0.269,0.064,24.6,11700,6.264,148.9,4.9138,4.0682,0.7969,2.1729
7.9,8.8,24.4,223,1.7,6,7.5,0.879,0.056,3.4,17500,0.045,0.033,16.7,1300,4.607,66.6,4.243,3.1139,0.6634,1.8235
8,11.8,19.8,248,3.6,7.5,9.7,1.069,0.051,3.6,14500,0.047,0.012,34.4,2550,4.505,90.9,4.1614,3.4065,0.6537,1.9586
7.7,10.4,14.5,292,2.6,7.8,8.3,1.864,0.093,3.7,28900,0.17,0.048,19.8,4750,5.923,121.9,4.4609,3.6767,0.7725,2.086
7.6,12.2,9.2,303,1.8,5.3,6.7,2.634,0.071,2.9,54000,0.185,0.038,4.8,1075,6.722,59.2,4.7324,3.0314,0.8275,1.7723
7.7,14.7,4.2,328,1.9,4.5,4.4,2.642,0.056,2.3,14750,0.198,0.026,7.5,500,3.479,49.9,4.1688,2.699,0.5415,1.6981
7.7,13.6,5.2,319,2.6,6.1,7.8,2.932,0.073,2.8,18750,0.246,0.032,10.5,1100,7.489,45.2,4.273,3.0414,0.8744,1.6551
8,12.4,10.7,257,3.6,7.6,21.2,2.471,0.098,3.5,11136,0.223,0.029,27.6,2780,6.155,55.2,4.0467,3.444,0.7892,1.7419
8.4,11,17.8,205,4.6,10.2,16.5,2.104,0.106,4.2,3300,0.102,0.02,54.7,875,9.168,185,3.5185,2.942,0.9623,2.2672
8,9.1,21.5,212,3,7.5,10.7,1.65,0.068,4.1,4800,0.061,0.02,25.7,390,7.687,104.5,3.6812,2.5911,0.8858,2.0191
7.8,8,24,222,2.8,9.2,11.8,2.234,0.077,5.2,1900,0.188,0.032,25.1,504,7.129,116.1,3.2788,2.7024,0.853,2.0648
7.7,8.6,27.1,204,2.2,7.3,9.3,2.145,0.09,3.6,4825,0.127,0.056,17.5,2940,8.753,301.4,3.6835,3.4683,0.9422,2.4791
8,8,28.7,244,2.9,7.6,9.4,1.111,0.098,4.1,9280,0.074,0.049,35.1,3960,6.257,81,3.9675,3.5977,0.7964,1.9085
7.9,10.5,24.6,212,2.1,7.1,6.9,1.548,0.082,3.8,14325,0.078,0.045,14.6,4850,16.274,251.3,4.1561,3.6857,1.2115,2.4002
7.7,10.3,18.4,197,2.4,6.3,9.4,2.05,0.123,3.7,13650,0.128,0.084,5.7,4750,14.034,216.7,4.1351,3.6767,1.1472,2.3359
8.4,12.2,11.7,230,3.6,5.1,7,2.234,0.074,4,13640,0.057,0.02,45.3,2960,3.671,31.5,4.1348,3.4713,0.5648,1.4983
8,13.4,6.3,290,3.5,4.9,9.5,2.767,0.095,3.1,41000,0.312,0.026,26.8,11000,3.439,44.9,4.6128,4.0414,0.5364,1.6522
8,14.2,4.7,336,2.8,4.9,7.8,2.876,0.078,2.8,9450,0.255,0.039,9.2,2525,3.23,11.7,3.9754,3.4023,0.5092,1.0682
7.9,13.3,5.7,321,3.6,5.9,13.3,2.727,0.077,3.7,8640,0.168,0.018,22.8,2456,3.538,41.9,3.9365,3.3902,0.5488,1.6222
8.2,12.8,9.8,282,5.7,9.4,20.9,1.926,0.106,5.5,17300,0.087,0.036,120.6,1200,2.81,7.8,4.238,3.0792,0.4487,0.8921
8.3,10.1,16.7,276,8.1,12.4,28.3,1.799,0.152,6.7,33500,0.172,0.046,117.7,8610,2.707,8.9,4.525,3.935,0.4325,0.9494
8,11.5,20.9,311,4.8,11.3,20.1,1.591,0.123,6.9,16725,0.283,0.038,32.8,748,2.093,28.1,4.2234,2.8739,0.3208,1.4487
8.1,10.4,24.3,245,5,12.3,19.1,2.192,0.102,6.9,30750,0.266,0.029,53.7,5750,3.473,42.1,4.4878,3.7597,0.5407,1.6243
7.9,6.9,27.3,217,3.1,9.1,13.7,2.301,0.156,5.1,70750,0.378,0.095,14.2,29465,10.418,211.7,4.8497,4.4693,1.0178,2.3257
7.7,7.9,27.3,161,2.9,8.4,30.7,1.697,0.138,4.4,266500,0.237,0.081,24.1,208250,31.665,273.8,5.4257,5.3186,1.5006,2.4374
8,9.3,24.4,188,1.9,6.7,15.3,1.082,0.079,3.8,25550,0.043,0.04,37.4,8435,12.089,108.8,4.4074,3.9261,1.0824,2.0366
8.3,10.5,19,281,3,6.2,7.8,1.412,0.067,3.3,8000,0.049,0.022,46.3,3725,3.39,85.4,3.9031,3.5711,0.5302,1.9315
8.2,13.5,11.2,339,4.6,7.5,9.3,2.115,0.103,4.1,36650,0.402,0.018,58.2,19525,2.222,2.1,4.5641,4.2906,0.3467,0.3222
7.9,13.4,5.2,376,4.1,7.4,8.4,2.832,0.11,4.4,62750,0.227,0.018,43.1,12425,2.623,28.5,4.7976,4.0943,0.4188,1.4548
7.9,14.8,4.7,355,4.6,7.3,10.7,2.902,0.092,3.8,71250,0.174,0.012,53.8,8600,2.826,38.8,4.8528,3.9345,0.4512,1.5888
8.2,11.2,4.3,354,3.6,7.4,9.3,2.453,0.073,3.6,16450,0.129,0.013,40.2,988,2.31,22,4.2162,2.9948,0.3636,1.3424
7.4,11.6,12,263,3.6,8.5,19.8,2.838,0.122,4.8,65250,0.329,0.03,49.9,5203,11.389,115.8,4.8146,3.7163,1.0565,2.0637
7.9,10.9,15.9,229,3.5,8.1,21.7,2.285,0.115,4.2,40500,0.126,0.032,55.6,9900,6.176,127.4,4.6075,3.9956,0.7907,2.1052
7.9,10.4,21.2,215,3.5,8.8,31.6,2.297,0.124,5.1,90000,0.191,0.059,51,1898,7.879,85.4,4.9542,3.2783,0.8965,1.9315
7.8,9.3,25.6,251,3.2,10.2,22.2,1.731,0.105,5.8,14400,0.118,0.027,66,1313,5.507,222.4,4.1584,3.1183,0.7409,2.3471
7.7,10.3,26.8,182,2.7,9.1,31,1.676,0.139,4.5,13850,0.067,0.073,55.9,3132,26.962,84.5,4.1414,3.4958,1.4308,1.9269
8,8.8,28.7,176,2.6,7.9,17,1.054,0.14,4.4,7000,0.047,0.078,47.4,6125,32.126,397.1,3.8451,3.7871,1.5069,2.5989
7.8,8.9,24.7,175,0.8,4.8,7.3,1.855,0.101,2.9,7800,0.061,0.05,35.9,2417,11.455,129.7,3.8921,3.3833,1.059,2.1129
8,12.4,17.7,283,2.8,6,9.6,1.893,0.1,3.6,11720,0.082,0.032,42.7,3380,6.158,125.2,4.0689,3.5289,0.7894,2.0976
7.9,15,11.3,289,3.3,6.1,9.4,1.993,0.104,3.8,22875,0.078,0.02,47.5,3020,2.32,47.2,4.3594,3.48,0.3655,1.6739
7.8,9.7,6.6,294,2.9,5.3,6.8,2.922,0.102,3,33175,0.191,0.038,29.1,3538,3.693,32.4,4.5208,3.5488,0.5674,1.5105
7.6,14.4,4.6,304,3,5.6,5.5,2.539,0.086,3.2,7800,0.1,0.021,28,1485,2.649,16.4,3.8921,3.1717,0.4231,1.2148
7.5,12.8,5.9,288,4.1,8.8,12.3,2.396,0.116,3.6,7800,0.087,0.012,57.7,550,2.677,37,3.8921,2.7404,0.4276,1.5682
8,12.6,8.8,256,6.1,10,20.7,2.158,0.145,5.4,30200,0.247,0.024,95.3,2410,2.001,33.9,4.48,3.382,0.3012,1.5302
8.1,10.8,15.2,275,6.1,10.6,17,2.63,0.153,5.5,83732,0.606,0.022,52.9,3567,2.843,84.7,4.9229,3.5523,0.4538,1.9279
8.3,10.8,19.6,240,4.7,10.5,23.7,1.827,0.144,5.5,8775,0.285,0.031,32,2975,5.198,78.8,3.9432,3.4735,0.7158,1.8965
7.8,8.4,23.6,207,3.3,10.3,13.3,2.04,0.095,6,13495,0.169,0.04,31.3,2265,5.329,158,4.1302,3.3551,0.7266,2.1987
7.9,9.6,24.4,196,2.6,9.2,16.5,2.075,0.12,5.2,23525,0.187,0.062,23.7,3400,13.018,242.2,4.3715,3.5315,1.1145,2.3842
8.3,9,27.5,188,2.9,8.8,31.2,1.685,0.144,5.5,106875,0.115,0.082,26.3,76490,6.699,64.8,5.0289,4.8836,0.826,1.8116
7.8,9.4,23.8,202,1.2,6.7,5.9,1.805,0.117,3.6,13000,0.077,0.071,12,3120,10.641,165.8,4.1139,3.4942,1.027,2.2196
8,12.7,18.8,209,1.6,5.6,7.2,2.095,0.078,3.3,12550,0.065,0.037,18.9,3005,6.811,149.9,4.0986,3.4778,0.8332,2.1758
7.9,11.2,13.3,256,2.9,8.5,18.3,2.508,0.118,4.3,170175,0.414,0.046,17.3,23885,3.572,22.8,5.2309,4.3781,0.5529,1.3579
8.5,17.7,6.5,305,5.9,9.5,22.5,2.439,0.133,4.3,17120,0.113,0.022,100.1,3041,3.814,31.6,4.2335,3.483,0.5814,1.4997
7.5,14.9,7.9,413,2.9,6.7,4.9,8.417,0.088,3.4,74500,4.182,0.048,4.3,16800,4.897,47.2,4.8722,4.2253,0.6899,1.6739
7.6,11.5,8.9,450,5.3,8.4,9.7,9.795,0.116,4.1,51000,5.869,0.065,12.3,4600,4.571,23.9,4.7076,3.6628,0.66,1.3784
7.5,10.4,11.9,468,5.2,9.4,10,10.757,0.103,4.9,32800,6.915,0.012,46.4,1920,2.509,36.5,4.5159,3.2833,0.3995,1.5623
7.5,9.3,17.1,393,6.9,11.1,16.5,8.068,0.164,5.1,242000,4.006,0.053,43.6,16300,5.934,145.5,5.3838,4.2122,0.7733,2.1629
7.6,9.2,22.1,378,5.6,10.5,14.5,6.933,0.081,4.7,28530,3.373,0.015,32.9,5300,5.461,48.6,4.4553,3.7243,0.7373,1.6866
7.7,9.1,24.4,329,6,10.1,18.4,5.847,0.085,5.6,51500,2.969,0.02,26.1,5250,4.959,96.1,4.7118,3.7202,0.6954,1.9827
7.7,7.5,25.7,240,6.1,9,13.3,3.482,0.142,4.8,190000,1.219,0.079,16.4,28750,9.366,164.3,5.2788,4.4586,0.9716,2.2156
7.6,7.5,27.2,285,5.6,9.5,9.6,4.637,0.162,4.2,224500,2.118,0.096,27,38250,6.264,148.9,5.3512,4.5826,0.7969,2.1729
7.7,8.5,24.6,304,2.5,7,4.7,4.47,0.081,3.8,25000,1.372,0.048,15.4,10250,4.607,66.6,4.3979,4.0107,0.6634,1.8235
7.5,9.7,20.7,345,4.9,8.6,13.5,6.371,0.119,5.1,189250,1.86,0.071,15.3,44400,4.505,90.9,5.277,4.6474,0.6537,1.9586
7.5,9.4,16.2,380,3.7,8,6.8,5.647,0.1,4,43450,1.743,0.057,15.6,7575,5.923,121.9,4.638,3.8794,0.7725,2.086
7.2,10.5,11.8,416,1.7,5.6,4.4,6.283,0.071,3.1,18000,1.505,0.044,3.1,2465,6.722,59.2,4.2553,3.3918,0.8275,1.7723
7.4,13.1,7.5,481,2.9,6.2,4.2,7.986,0.078,3.3,6550,2.403,0.042,8.3,2000,3.479,49.9,3.8162,3.301,0.5415,1.6981
7.5,12.4,7.4,410,2.7,7.1,6.2,7.365,0.114,3.5,31500,3.088,0.064,7.8,12900,7.489,45.2,4.4983,4.1106,0.8744,1.6551
7.2,10.5,12.5,408,4.5,8.7,17.4,8.296,0.197,4.6,53440,3.339,0.096,19.9,68420,6.155,55.2,4.7279,4.8352,0.7892,1.7419
7.9,9.4,18.5,281,6.8,10.1,17.1,6.496,0.195,4.5,54750,2.19,0.09,35.3,10125,9.168,185,4.7384,4.0054,0.9623,2.2672
7.5,9.1,21.3,299,4.2,8,7.9,4.834,0.147,4,22750,1.77,0.07,22.3,2310,7.687,104.5,4.357,3.3636,0.8858,2.0191
7.4,7.5,24.5,326,5.9,8.8,8.2,6.267,0.156,5,24840,2.91,0.088,14.3,5060,7.129,116.1,4.3952,3.7042,0.853,2.0648
7.6,9,27.1,265,4.2,7.2,10.6,4.403,0.153,3.8,13900,1.588,0.106,20.2,8300,8.753,301.4,4.143,3.9191,0.9422,2.4791
7.8,8.3,28.4,348,5.3,9.1,11.4,5.729,0.137,4.7,26240,2.185,0.072,60.7,13280,6.257,81,4.419,4.1232,0.7964,1.9085
7.5,8.5,24.9,304,3,7.2,7.3,4.198,0.121,3.9,31500,1.672,0.078,10.9,7150,16.274,251.3,4.4983,3.8543,1.2115,2.4002
7.1,10,19.7,268,2.7,5.4,5.5,4.29,0.198,3.6,81250,1.158,0.139,2.1,38100,14.034,216.7,4.9098,4.5809,1.1472,2.3359
7.5,10.9,14.6,336,4,6.1,5.4,7.694,0.082,4.1,28400,2.517,0.028,20.8,12080,3.671,31.5,4.4533,4.0821,0.5648,1.4983
7.7,12.4,11.2,469,4.5,6.9,7.6,8.209,0.132,4.3,72250,2.823,0.029,29.5,15900,3.439,44.9,4.8588,4.2014,0.5364,1.6522
7.6,12.4,8.1,468,4,7.1,5.1,9.673,0.14,4,40200,4.036,0.068,10.8,6250,3.23,11.7,4.6042,3.7959,0.5092,1.0682
7.5,11.9,9,443,4.5,7.8,7.9,11.091,0.164,5.2,109800,6.001,0.06,18,23280,3.538,41.9,5.0406,4.367,0.5488,1.6222
7.6,11.5,12.6,458,6.9,10.9,14.4,9.863,0.197,6.3,30750,6.093,0.032,71.4,4595,2.81,7.8,4.4878,3.6623,0.4487,0.8921
7.6,10.3,17.8,379,7.1,11.6,17.2,7.39,0.115,6.4,82250,3.024,0.027,71.2,7925,2.707,8.9,4.9151,3.899,0.4325,0.9494
7.6,9.6,22.2,494,4.9,11.1,11.7,10.628,0.153,6.9,38750,5.755,0.047,22.3,3825,2.093,28.1,4.5883,3.5826,0.3208,1.4487
7.9,11.5,24.7,352,7.6,13.6,17.7,7.221,0.113,7.4,42325,3.318,0.022,67.4,8450,3.473,42.1,4.6266,3.9269,0.5407,1.6243
7.6,7.1,27.1,269,5.3,9.6,14.1,4.371,0.175,5.2,78000,1.908,0.099,15.1,40250,10.418,211.7,4.8921,4.6048,1.0178,2.3257
7.5,8.1,27,210,4.5,9.6,30.3,5.23,0.223,4.9,263500,2.715,0.149,21.8,221750,31.665,273.8,5.4208,5.3459,1.5006,2.4374
7.3,7.5,24.3,361,3.7,7.5,13.6,5.886,0.128,4.1,144000,2.389,0.067,23.4,80350,12.089,108.8,5.1584,4.905,1.0824,2.0366
7.4,9,20.5,414,4.7,7.5,7.2,6.957,0.094,3.8,31350,3.205,0.034,33.9,21775,3.39,85.4,4.4962,4.338,0.5302,1.9315
7.5,10.9,13.8,479,5.4,8.7,8.3,8.074,0.089,5.3,4875,3.185,0.006,53.9,2440,2.222,2.1,3.688,3.3874,0.3467,0.3222
7.7,12.3,8.2,512,8,10.2,16.9,7.947,0.119,5.7,56575,4.105,0.007,68.1,26600,2.623,28.5,4.7526,4.4249,0.4188,1.4548
7.5,13,8.4,485,7.3,10.5,18.3,10.486,0.136,5.5,95750,5.766,0.034,64,44950,2.826,38.8,4.9811,4.6527,0.4512,1.5888
7.8,13.7,9,448,5.9,10,11.2,11.501,0.106,5.6,69500,8.594,0.021,50.6,27585,2.31,22,4.842,4.4407,0.3636,1.3424
7.2,11.3,13.3,337,8,12,25.7,8.14,0.191,6.1,290750,5.037,0.079,50.3,104635,11.389,115.8,5.4635,5.0197,1.0565,2.0637
7.5,10.8,16.5,326,7.4,9.9,22.1,7.026,0.166,4.8,230500,3.789,0.09,45.3,61650,6.176,127.4,5.3627,4.7899,0.7907,2.1052
7.7,11.1,21.2,309,9.1,9.8,22.7,5.548,0.236,5.4,64750,3.31,0.136,66.6,3225,7.879,85.4,4.8112,3.5085,0.8965,1.9315
7.3,9.8,25.8,303,5,9.7,14.7,5.33,0.114,5.6,11800,3.187,0.038,47.1,3300,5.507,222.4,4.0719,3.5185,0.7409,2.3471
7.3,8.2,26.8,321,8,10.2,21,6.915,0.208,4.8,243000,4.75,0.133,31.3,83251,26.962,84.5,5.3856,4.9204,1.4308,1.9269
7.6,8.8,29.3,357,6.6,10.2,18.3,7.542,0.187,5.3,146300,5.504,0.11,38.7,53150,32.126,397.1,5.1652,4.7255,1.5069,2.5989
7.3,7.8,24.7,262,4.1,6.2,10.4,5.072,0.166,3.6,54000,2.862,0.095,28.1,18267,11.455,129.7,4.7324,4.2617,1.059,2.1129
7.4,11.4,18.9,393,5.1,7.1,9.8,7.143,0.192,4.2,26920,3.638,0.11,35.2,12300,6.158,125.2,4.4301,4.0899,0.7894,2.0976
7.7,9.6,14.7,442,7.9,8.4,10.3,9.608,0.255,5.1,82050,6.539,0.138,33.4,29550,2.32,47.2,4.9141,4.4706,0.3655,1.6739
7.6,8.2,9.4,449,7.2,9.1,12.9,11.538,0.344,5,248500,5.954,0.229,37.7,156925,3.693,32.4,5.3953,5.1957,0.5674,1.5105
7.3,12.4,8.6,474,6,8.1,9.7,9.384,0.122,5,15750,6.281,0.026,40.5,2750,2.649,16.4,4.1973,3.4393,0.4231,1.2148
7.3,11.8,8.8,458,7.7,11.3,19.2,11.656,0.142,5.6,23333,8.402,0.01,60.3,2000,2.677,37,4.368,3.301,0.4276,1.5682
7.6,10.8,12.9,385,10,12.7,19.7,10.815,0.164,6.2,60500,7.551,0.031,60.5,13575,2.001,33.9,4.7818,4.1327,0.3012,1.5302
7.5,9.5,15.6,398,8.8,11.7,17.1,9.274,0.172,5.8,99200,6.071,0.04,26.5,17900,2.843,84.7,4.9965,4.2529,0.4538,1.9279
7.5,9,19.9,379,8.2,10.4,15,7.874,0.114,5.5,46025,5.367,0.04,12.6,7250,5.198,78.8,4.663,3.8603,0.7158,1.8965
7.6,8.9,24.1,335,8.9,11.4,13.1,6.385,0.112,6.1,24900,3.942,0.046,17.8,5950,5.329,158,4.3962,3.7745,0.7266,2.1987
7.4,8.1,25.6,272,7.8,10.6,15.4,5.356,0.194,6.1,106750,2.642,0.128,19.4,29400,13.018,242.2,5.0284,4.4683,1.1145,2.3842
7.6,8,27.5,315,7.6,9.6,22.7,6.017,0.194,6.6,204700,3.341,0.111,26.4,61250,6.699,64.8,5.3111,4.7871,0.826,1.8116
7.4,9.2,24.3,280,5.7,7.4,10.1,5.499,0.13,4.1,45850,2.948,0.073,11.2,25050,10.641,165.8,4.6613,4.3988,1.027,2.2196
7.4,11.4,19.6,292,5,6.8,12.1,5.346,0.071,3.5,12950,2.249,0.03,19.3,3600,6.811,149.9,4.1123,3.5563,0.8332,2.1758
7.4,9.8,15.4,398,9.8,12,19.6,9.085,0.266,5.3,247050,5.656,0.167,30.2,142775,3.572,22.8,5.3928,5.1547,0.5529,1.3579
7.7,13.8,10,414,8.6,11.5,23.3,7.204,0.148,5.3,110750,3.474,0.005,112.1,30925,3.814,31.6,5.0443,4.4903,0.5814,1.4997
7.5,15.4,7.3,412,2.2,6.4,3.2,8.761,0.067,3.4,53500,4.415,0.034,4.7,11250,4.897,47.2,4.7284,4.0512,0.6899,1.6739
7.5,9.7,8.5,468,3.7,8.4,5.6,10.932,0.147,4.4,100500,6.85,0.081,7.3,6250,4.571,23.9,5.0022,3.7959,0.66,1.3784
7.5,10.7,12,483,5.5,10.1,12.2,10.242,0.114,5.2,84800,6.249,0.014,63.3,3680,2.509,36.5,4.9284,3.5658,0.3995,1.5623
7.3,8.1,17.5,418,6.7,11.6,13.9,8.951,0.182,5.4,212500,5.049,0.082,46.2,20800,5.934,145.5,5.3274,4.3181,0.7733,2.1629
8,10.8,23.8,376,8.1,12.7,12.5,7.332,0.084,5.7,17750,3.186,0.012,59.5,1575,5.461,48.6,4.2492,3.1973,0.7373,1.6866
7.8,10.5,25.4,333,7.6,13,15.7,6.937,0.151,6.5,124000,3.493,0.057,50.2,14675,4.959,96.1,5.0934,4.1666,0.6954,1.9827
7.6,6.6,25.8,284,6.6,9.6,11.2,5.811,0.238,5.5,274500,2.853,0.154,26.9,67250,9.366,164.3,5.4385,4.8277,0.9716,2.2156
7.5,7.8,28,285,5.8,10.1,11.6,4.643,0.152,4.5,44000,1.874,0.055,66.7,14250,6.264,148.9,4.6435,4.1538,0.7969,2.1729
7.8,9.9,25.5,326,5.4,9.9,10.3,4.66,0.116,4.5,38500,1.573,0.053,98,10000,4.607,66.6,4.5855,4,0.6634,1.8235
7.4,10.6,21.1,385,5.3,9.8,9.5,6.932,0.077,4.7,17250,1.882,0.03,59.8,4900,4.505,90.9,4.2368,3.6902,0.6537,1.9586
7.4,9,16.1,377,3.9,8.6,7.6,5.911,0.176,4.1,31900,2.275,0.118,25,10150,5.923,121.9,4.5038,4.0065,0.7725,2.086
7.2,10.7,10.9,414,2,6.3,4.7,6.597,0.146,3.4,77500,1.961,0.102,2.9,19000,6.722,59.2,4.8893,4.2788,0.8275,1.7723
7.3,12.6,7.4,467,2.3,6.3,3.9,9.137,0.098,3.5,6250,3.414,0.056,6.7,2100,3.479,49.9,3.7959,3.3222,0.5415,1.6981
7.5,12.8,7.3,394,3.1,7.4,6.7,6.839,0.132,3.6,36250,2.485,0.07,8.2,11650,7.489,45.2,4.5593,4.0663,0.8744,1.6551
7.2,10.6,12.3,382,4.7,9.2,16.9,7.869,0.196,4.5,45920,3.352,0.097,33.1,8120,6.155,55.2,4.662,3.9096,0.7892,1.7419
8,11,19.1,297,7.4,11.3,17,6.931,0.175,5,21250,1.887,0.051,80,4200,9.168,185,4.3274,3.6232,0.9623,2.2672
7.5,9.8,21.9,329,5.3,8.1,8.9,5.656,0.149,4.5,28750,2.084,0.074,41.8,3570,7.687,104.5,4.4586,3.5527,0.8858,2.0191
7.6,9.3,25.8,317,9.5,11.3,14.9,6.225,0.201,5.6,20640,2.346,0.048,120.1,2600,7.129,116.1,4.3147,3.415,0.853,2.0648
7.8,10.6,27.8,272,4.8,8.4,11.1,5.307,0.143,4.2,52000,1.774,0.085,35.5,10150,8.753,301.4,4.716,4.0065,0.9422,2.4791
8.3,9.4,29.9,322,8.6,11.8,15.5,4.636,0.15,5.4,8300,1.473,0.071,88.6,7012,6.257,81,3.9191,3.8458,0.7964,1.9085
7.6,8.2,25.2,247,4.5,8,9.6,4.028,0.196,4.3,82750,1.563,0.127,16.4,21000,16.274,251.3,4.9178,4.3222,1.2115,2.4002
7,8.1,20,269,4,7.1,8.5,5.482,0.357,4,208200,2.383,0.249,3,93500,14.034,216.7,5.3185,4.9708,1.1472,2.3359
7.5,10.1,14.5,342,4.6,6.9,8.6,8.822,0.204,4.5,153200,3.849,0.106,35.5,57600,3.671,31.5,5.1853,4.7604,0.5648,1.4983
7.5,12,11,493,4.5,7.4,8.2,9.259,0.217,4.6,86500,3.439,0.091,25.5,32750,3.439,44.9,4.937,4.5152,0.5364,1.6522
7.5,12.8,7.8,465,3.2,7.2,5.7,9.09,0.146,4,10600,3.477,0.07,13.4,4825,3.23,11.7,4.0253,3.6835,0.5092,1.0682
7.4,11.3,8.8,456,4.6,7.9,10.3,11.508,0.247,5.5,162800,6.22,0.122,30.5,62000,3.538,41.9,5.2117,4.7924,0.5488,1.6222
7.6,10.9,12.3,453,6.8,12,18.9,11.999,0.269,7.3,232500,7.117,0.125,70.6,32050,2.81,7.8,5.3664,4.5058,0.4487,0.8921
7.9,12.3,18.7,404,7.8,12.2,18.2,9.085,0.207,6.8,235500,4.256,0.092,117.1,53500,2.707,8.9,5.372,4.7284,0.4325,0.9494
8.3,14.2,24.3,477,7.6,14.3,18.8,10.442,0.203,8.3,7600,4.971,0.062,116.5,923,2.093,28.1,3.8808,2.9652,0.3208,1.4487
8.2,13,25.5,348,8.2,15.1,21,8.115,0.184,7.2,118975,3.81,0.066,105.3,16055,3.473,42.1,5.0755,4.2056,0.5407,1.6243
7.5,6.1,27.9,283,6.4,11,13.5,5.742,0.516,6.1,101000,2.923,0.364,19,47900,10.418,211.7,5.0043,4.6803,1.0178,2.3257
7.6,7.4,28.1,211,5.3,8,25.8,4.591,0.216,4.8,392500,2.064,0.134,45.9,294500,31.665,273.8,5.5938,5.4691,1.5006,2.4374
7.6,9.5,24.7,330,3.6,8.4,19.8,5.081,0.101,4.6,41375,1.734,0.038,70.3,35325,12.089,108.8,4.6167,4.5481,1.0824,2.0366
7.6,10.5,20.7,410,4.7,8.1,10.1,7.089,0.113,4.7,9700,2.235,0.021,70.4,4150,3.39,85.4,3.9868,3.618,0.5302,1.9315
7.3,10.8,13.9,518,5.3,9.2,10.9,9.258,0.1,5.4,23350,3.908,0.01,68.4,7425,2.222,2.1,4.3683,3.8707,0.3467,0.3222
7.4,11.5,8.4,539,8.4,10.7,19.2,10.065,0.196,6.1,335750,5.974,0.032,57.5,207550,2.623,28.5,5.526,5.3171,0.4188,1.4548
7.3,12.3,8.5,489,4.5,10.5,14.7,10.623,0.113,5.7,101000,5.629,0.016,66.1,22200,2.826,38.8,5.0043,4.3464,0.4512,1.5888
7.6,12.4,8.5,465,4.1,11.2,11.3,13.092,0.161,6,123500,9.924,0.057,41,54800,2.31,22,5.0917,4.7388,0.3636,1.3424
7,9.5,13.3,329,7,11.5,26.9,8.196,0.257,6.1,265250,5.222,0.107,41.1,52210,11.389,115.8,5.4237,4.7178,1.0565,2.0637
7.3,10.3,16.4,336,7.1,10.7,41.7,7.347,0.162,4.8,184000,4.216,0.051,47.5,54200,6.176,127.4,5.2648,4.734,0.7907,2.1052
7.4,11.6,21.4,334,6.2,9.2,33.8,5.893,0.132,4.8,107000,3.525,0.043,61.8,39025,7.879,85.4,5.0294,4.5913,0.8965,1.9315
7.3,11.5,25.7,342,4.5,10,26.2,7.381,0.153,5.7,17700,4.754,0.053,52.7,4300,5.507,222.4,4.248,3.6335,0.7409,2.3471
7.1,9,26.5,320,5.6,9.3,24.9,7.084,0.172,5.2,53250,4.855,0.091,41.7,26506,26.962,84.5,4.7263,4.4233,1.4308,1.9269
7.6,9.9,29.1,351,5.6,10.2,23.1,7.556,0.181,5.2,102000,5.148,0.094,59.4,54650,32.126,397.1,5.0086,4.7376,1.5069,2.5989
7.2,8.6,24.8,253,2.1,5.9,13.1,3.956,0.148,3.4,24667,1.887,0.08,41.4,16133,11.455,129.7,4.3921,4.2077,1.059,2.1129
7.3,11.3,18.6,397,4.7,7.3,10.3,7.284,0.176,4.3,28586,3.738,0.097,36.2,12540,6.158,125.2,4.4562,4.0983,0.7894,2.0976
7.5,10.4,14.1,433,7.1,8,11.4,8.897,0.233,5.6,62600,5.302,0.093,59.2,24463,2.32,47.2,4.7966,4.3885,0.3655,1.6739
7.3,8.2,9.5,485,5.5,7.5,9.9,10.973,0.122,4.8,141350,5.465,0.03,45,21413,3.693,32.4,5.1503,4.3307,0.5674,1.5105
7.3,12.7,8.5,496,5.5,7.2,9,9.617,0.102,5.3,5875,5.488,0.016,59.1,825,2.649,16.4,3.769,2.9165,0.4231,1.2148
7,11.8,8.8,473,6.3,10.1,15.1,11.121,0.127,5.2,13800,7.307,0.009,81.4,1507,2.677,37,4.1399,3.1781,0.4276,1.5682
7.4,10,12.8,398,7.6,12,16.6,12.329,0.345,6.6,200550,7.752,0.164,60,35595,2.001,33.9,5.3022,4.5514,0.3012,1.5302
7.3,9.1,15.4,434,7,11.5,15.1,11.365,0.301,6.1,185920,7.563,0.132,16.7,66676,2.843,84.7,5.2693,4.824,0.4538,1.9279
7.4,8.9,19.7,387,6.3,10.3,11.9,8.55,0.208,5.8,53350,5.852,0.115,12.6,19285,5.198,78.8,4.7271,4.2852,0.7158,1.8965
7.5,8.4,23.6,377,7,11.7,11.7,9.042,0.243,6.4,62650,5.68,0.112,22.6,29350,5.329,158,4.7969,4.4676,0.7266,2.1987
7.1,7,25.1,264,5.8,9.7,16.6,6.302,0.175,5.1,154600,3.53,0.111,17.6,40450,13.018,242.2,5.1892,4.6069,1.1145,2.3842
7.2,7.4,27.4,321,5.3,8.7,13.7,6.871,0.137,5.5,82190,3.824,0.066,32.6,58160,6.699,64.8,4.9148,4.7646,0.826,1.8116
7.2,7.8,23.9,294,4.3,7.6,8.4,6.367,0.179,4.3,202500,3.518,0.106,14,98150,10.641,165.8,5.3064,4.9919,1.027,2.2196
7.3,10.7,19.2,318,2.8,6.7,7.2,6.96,0.072,3.9,18350,2.819,0.027,20.4,4000,6.811,149.9,4.2636,3.6021,0.8332,2.1758
7.3,10.3,15,423,6.4,10.2,16.3,9.148,0.146,5,31300,4.589,0.083,31,12375,3.572,22.8,4.4955,4.0925,0.5529,1.3579
7.3,12.7,10.3,452,7.6,11,18.6,9.071,0.321,5,200900,4.343,0.197,86.5,101915,3.814,31.6,5.303,5.0082,0.5814,1.4997
6.9,11.9,5.6,403,2.5,5,6.4,6.382,0.115,4.5,6880,3.178,0.055,7.1,155,20.63,47.2,3.8376,2.1903,1.3145,1.6739
7.1,12.6,6.5,422,4.3,6.5,6.7,7.327,0.11,5.3,3675,4.068,0.029,27.9,1062,18.073,23.9,3.5653,3.0261,1.257,1.3784
7.4,12,10.4,430,6.9,10,13.4,7.658,0.147,7,1512,4.521,0.017,99.8,51,12.371,36.5,3.1796,1.7076,1.0924,1.5623
7.2,7.5,15.8,346,5.6,8.9,12.5,5.658,0.162,6.5,17763,2.966,0.049,56,1159,22.021,145.5,4.2495,3.0641,1.3428,2.1629
7,6.4,20.9,309,6.3,8.4,11.5,5.195,0.14,6.2,5298,2.582,0.027,56.3,686,19.311,48.6,3.7241,2.8363,1.2858,1.6866
6.7,6.8,23.9,290,5.3,8.3,13.2,4.456,0.126,6.3,6342,1.874,0.025,44.6,833,19.118,96.1,3.8022,2.9206,1.2814,1.9827
7.5,7.1,26.2,237,4.2,8.3,9.6,3.352,0.137,5.9,8623,0.953,0.041,57,1948,38.434,164.3,3.9357,3.2896,1.5847,2.2156
7.3,6.7,27.8,291,4.3,7.6,10.6,4.168,0.19,5.8,4028,1.283,0.063,60,1107,21.543,148.9,3.6051,3.0441,1.3333,2.1729
7.2,8.1,24,322,4.4,7.1,8.7,4.487,0.153,5.2,10753,1.428,0.049,38.1,3161,19.761,66.6,4.0315,3.4998,1.2958,1.8235
7,8.9,20.1,313,4.3,7.1,9.4,4.514,0.118,5.9,1961,1.064,0.039,38.8,450,14.647,90.9,3.2925,2.6532,1.1657,1.9586
6.7,5.8,15.6,349,4.2,6.6,5.9,5.011,0.202,5.3,19705,1.801,0.093,23,4605,21.203,121.9,4.2946,3.6632,1.3264,2.086
6.6,9.2,9,341,2.3,5.2,3.3,4.916,0.169,2.6,16400,1.234,0.089,7.5,1078,23.383,59.2,4.2148,3.0326,1.3689,1.7723
7.2,12.8,6.6,417,2.6,5.4,5.1,6.783,0.124,5.3,875,1.672,0.036,28.5,60,15.677,49.9,2.942,1.7782,1.1953,1.6981
7.1,12,6.9,355,3.5,5.8,8.6,5.428,0.154,5.5,5561,1.762,0.072,20.3,462,23.339,45.2,3.7452,2.6646,1.3681,1.6551
7.2,10.4,11.6,317,4.8,7.4,19.5,4.855,0.176,6.1,3675,1.311,0.046,46.4,258,26.807,55.2,3.5653,2.4116,1.4282,1.7419
7.2,10,16.6,284,5.4,7.9,12.8,3.833,0.137,5.9,5775,0.889,0.025,64.3,1314,29.265,185,3.7616,3.1186,1.4663,2.2672
6.9,9.4,21.4,287,4.5,7.6,10.1,4.087,0.14,6,8700,1.309,0.045,65.8,1864,26.044,104.5,3.9395,3.2704,1.4157,2.0191
6.9,7.2,24.3,288,4,7.8,7,4.023,0.146,7,11250,1.365,0.068,42.4,1360,24.42,116.1,4.0512,3.1335,1.3877,2.0648
6.9,6.5,26.2,230,3.9,6.9,10.7,3.277,0.166,6.2,27275,1.072,0.085,36.7,7305,59.187,301.4,4.4358,3.8636,1.7722,2.4791
6.8,4.3,29,317,4.5,8.6,9.7,3.845,0.204,7.3,10192,1.669,0.117,61,2456,22.217,81,4.0083,3.3902,1.3467,1.9085
7,6.8,24,276,4.1,7,9.1,3.613,0.152,5.7,12250,1.076,0.077,49.5,2175,36.609,251.3,4.0881,3.3375,1.5636,2.4002
6.5,7.1,19.5,220,3,5.9,11.8,3.153,0.192,4.6,36000,0.807,0.126,8.4,8050,42.963,216.7,4.5563,3.9058,1.6331,2.3359
7,10.8,13.2,371,3.8,6.6,8.7,5.604,0.163,5.4,6800,1.577,0.061,48.2,1416,16.251,31.5,3.8325,3.1511,1.2109,1.4983
7,10.9,8.3,428,4.1,7.3,10,6.097,0.122,6.1,5880,1.738,0.023,46.5,545,15.293,44.9,3.7694,2.7364,1.1845,1.6522
7,13.1,6.1,432,4,7.2,9,6.447,0.114,5.7,1576,1.892,0.019,42.9,54,12.284,11.7,3.1976,1.7324,1.0893,1.0682
7.2,13.8,7,473,5.5,9.1,14.7,7.673,0.154,7.8,3070,3.512,0.02,69.3,81,16.996,41.9,3.4871,1.9085,1.2303,1.6222
7.5,14.8,11.1,428,6.8,12.4,16,8.267,0.121,8.8,5275,4.164,0.018,101.4,70,4.914,7.8,3.7222,1.8451,0.6914,0.8921
6.8,10.5,16.6,369,7.3,11.7,9.9,6.152,0.159,8.7,2800,3.048,0.044,34.2,163,13.412,8.9,3.4472,2.2122,1.1275,0.9494
7.2,8.6,21.6,445,5.9,12.6,11,7.44,0.133,9,220,3.606,0.038,35.2,81,9.681,28.1,2.3424,1.9085,0.9859,1.4487
7.1,8,24.1,351,6.9,14.1,13.7,4.55,0.106,10.3,100,1.528,0.006,55.3,52,23.248,42.1,2,1.716,1.3664,1.6243
6.4,4.6,27.2,274,3.9,9.1,10.3,3.847,0.176,7.4,9775,1.711,0.101,20.5,2865,24.309,211.7,3.9901,3.4571,1.3858,2.3257
6.6,3.3,27.5,262,3.8,8.8,13.7,4.244,0.181,6.8,23500,2.362,0.104,13.9,11600,94.799,273.8,4.3711,4.0645,1.9768,2.4374
7,8.4,23.7,272,3.7,7.9,10.5,3.163,0.105,5.9,10475,0.858,0.039,38.9,3185,47.595,108.8,4.0202,3.5031,1.6776,2.0366
7.1,8.4,18.9,388,4.9,8.3,10.1,5.166,0.091,6.6,2075,1.926,0.031,48.9,630,17.424,85.4,3.317,2.7993,1.2411,1.9315
7.6,12.3,12.1,480,5.3,9.8,13.7,6.34,0.087,7.4,1311,2.229,0.008,48.1,172,15.681,2.1,3.1176,2.2355,1.1954,0.3222
7.8,12.2,7.4,559,5.4,9.2,17.3,7.16,0.117,7.6,12125,3.507,0.007,40.7,1225,25.078,28.5,4.0837,3.0881,1.3993,1.4548
7.2,13.5,5.8,561,6.4,11.6,13,8.883,0.125,8.6,3820,5.352,0.013,56.5,176,7.29,38.8,3.5821,2.2455,0.8627,1.5888
7.5,13.3,6.5,548,6.1,11.8,14.1,11.563,0.177,8.9,1115,8.907,0.023,70,144,10.175,22,3.0473,2.1584,1.0075,1.3424
7.3,7.8,11.7,386,6,11.1,25.3,7.031,0.199,8.7,13450,4.46,0.034,41.9,3100,38.267,115.8,4.1287,3.4914,1.5828,2.0637
7.4,8.2,16.6,364,5.7,10.9,47.7,6.849,0.203,8.2,59600,3.832,0.043,41.4,13833,43.437,127.4,4.7752,4.1409,1.6379,2.1052
7.5,8.3,21.5,306,6.2,10.7,36.6,4.675,0.183,8.1,78500,2.27,0.048,47.7,20125,38.195,85.4,4.8949,4.3037,1.582,1.9315
7.6,7.7,26,382,6.6,11.6,24.4,5.959,0.128,8.9,7450,3.329,0.026,50,1975,33.815,222.4,3.8722,3.2956,1.5291,2.3471
8,9.2,28.7,323,7,12.5,43.6,5.545,0.214,9,67760,2.853,0.096,70.5,14806,68.392,84.5,4.831,4.1704,1.835,1.9269
8,9.7,29.5,343,6.7,12.9,23.2,5.043,0.227,8.9,32800,2.788,0.09,80.1,10315,60.961,397.1,4.5159,4.0135,1.7851,2.5989
7.3,6.9,24.5,294,4.8,8.7,10.3,4.876,0.19,6.7,100750,2.516,0.108,28.5,57875,17.677,129.7,5.0032,4.7625,1.2474,2.1129
7.3,8.7,18.4,336,4.9,7.9,9.5,4.942,0.158,7.4,29620,2.397,0.07,33.8,9980,12.864,125.2,4.4716,3.9991,1.1094,2.0976
7.8,9.7,13.4,415,5.1,9.7,10.6,5.688,0.209,8.6,41175,2.488,0.066,56.9,22395,8.473,47.2,4.6146,4.3502,0.928,1.6739
7.9,11.7,8.4,466,4,8.4,9.5,6.668,0.14,8.1,16975,2.556,0.038,62.2,3690,12.747,32.4,4.2298,3.567,1.1054,1.5105
7.8,12.5,6.7,485,4.7,9,10.1,9.198,0.154,8,730,3.972,0.024,42,34,6.433,16.4,2.8633,1.5315,0.8084,1.2148
7.8,12.4,7.5,434,6.6,14.1,19.1,7.597,0.195,10.5,8225,3.777,0.018,115.2,1183,7.281,37,3.9151,3.073,0.8622,1.5682
7.8,10.4,12,454,6,12.5,12.2,8.271,0.194,9,22600,5.145,0.027,66.7,1783,8.799,33.9,4.3541,3.2512,0.9444,1.5302
8.3,9,15.3,374,6,12.9,29.8,6.569,0.358,9.1,78900,3.919,0.098,44.2,14434,18.457,84.7,4.8971,4.1594,1.2662,1.9279
7.6,8.1,20.6,349,4.8,10.3,13.3,5.09,0.197,7.7,63025,2.642,0.045,49.6,19518,16.081,78.8,4.7995,4.2904,1.2063,1.8965
7.9,6.5,24.4,325,6.4,13.5,14.3,4.433,0.2,9.2,19025,2.53,0.037,63.8,2370,14.614,158,4.2793,3.3747,1.1648,2.1987
7.7,5.7,26.1,257,4.1,10.2,14.9,4.12,0.163,9.3,54880,1.928,0.079,29.9,25288,34.56,242.2,4.7394,4.4029,1.5386,2.3842
7.6,7.6,28.1,273,4,10,19.7,3.918,0.181,8.6,54900,1.575,0.063,52.4,23030,51.418,64.8,4.7396,4.3623,1.7111,1.8116
7.4,7.8,24.5,243,3.8,7.1,8.8,3.411,0.129,4.9,51880,1.138,0.073,28.4,16658,42.173,165.8,4.715,4.2216,1.625,2.2196
7.8,10.2,19.6,291,3.9,6.5,10.3,4.156,0.063,5.2,3250,1.075,0.016,46.8,883,24.889,149.9,3.5119,2.946,1.396,2.1758
7.7,10.3,14.9,419,5,8.5,8.7,6.361,0.086,7.7,2155,2.714,0.053,52,300,19.908,22.8,3.3334,2.4771,1.299,1.3579
7.7,13.1,9,480,6.1,10.5,14,7.155,0.116,8.5,14225,2.998,0.032,70.3,3168,12.57,31.6,4.1531,3.5008,1.0993,1.4997
7.9,17.2,5.4,369,1.7,5.7,3.8,5.856,0.068,2.7,1850,2.11,0.043,11.6,71,20.63,47.2,3.2672,1.8513,1.3145,1.6739
7.4,13.1,6.3,397,3.9,6.8,8.4,6.947,0.098,3.8,1405,2.936,0.044,39,133,18.073,23.9,3.1477,2.1239,1.257,1.3784
8.4,12.5,10.7,367,6.2,9.8,13.6,6.171,0.119,4.5,1856,2.744,0.039,96.9,185,12.371,36.5,3.2686,2.2672,1.0924,1.5623
7.7,9.6,16.3,311,5.1,8.8,8.5,5.165,0.102,4.7,2035,2.464,0.041,38.5,305,22.021,145.5,3.3086,2.4843,1.3428,2.1629
8.2,10.4,22,275,6.4,10.9,11.6,3.813,0.082,4.6,2050,1.226,0.017,66.7,83,19.311,48.6,3.3118,1.9191,1.2858,1.6866
8.3,10.5,25.6,311,5.9,10.8,13.6,4.153,0.073,6,7325,1.602,0.011,45.1,186,19.118,96.1,3.8648,2.2695,1.2814,1.9827
7.7,7.8,25.1,205,3.8,8.9,9.2,3.044,0.114,4.9,8750,0.712,0.067,24.4,555,38.434,164.3,3.942,2.7443,1.5847,2.2156
8,8.9,28.5,234,6,10.6,12.4,2.783,0.117,4.2,6525,0.842,0.069,79.4,427,21.543,148.9,3.8146,2.6304,1.3333,2.1729
8,9.9,24.9,228,4.7,8.3,9.9,2.826,0.086,4.2,1025,0.54,0.038,67.6,218,19.761,66.6,3.0107,2.3385,1.2958,1.8235
7.8,9.8,20,249,4.4,9,9.8,3.388,0.064,4.1,1085,0.561,0.024,59.9,300,14.647,90.9,3.0354,2.4771,1.1657,1.9586
7.5,8.6,14.6,352,3.4,8.5,7.9,4.555,0.123,3.8,2793,1.242,0.092,27.5,913,21.203,121.9,3.4461,2.9605,1.3264,2.086
7.1,10.6,7.8,339,2.5,5.8,5,4.416,0.139,3.1,8150,1.055,0.109,11.1,1200,23.383,59.2,3.9112,3.0792,1.3689,1.7723
8.4,15.6,5.1,353,3.6,5.8,7.1,5.413,0.064,3,725,0.824,0.029,44.9,59,15.677,49.9,2.8603,1.7709,1.1953,1.6981
7.7,12.8,6.3,363,3.3,6.8,7.1,4.67,0.124,3.3,2850,1.267,0.082,18.6,330,23.339,45.2,3.4548,2.5185,1.3681,1.6551
7.9,11,11.2,271,4.1,7.7,15.8,4.157,0.109,3.9,1183,0.852,0.049,45.3,143,26.807,55.2,3.073,2.1553,1.4282,1.7419
7.6,10.3,17.2,220,4.5,7.2,13.3,3.177,0.127,5.2,4715,0.594,0.026,41.5,1487,29.265,185,3.6735,3.1723,1.4663,2.2672
7.3,10.5,20.5,222,5.6,8,13.4,2.951,0.139,5.2,1803,0.414,0.048,88.7,234,26.044,104.5,3.256,2.3692,1.4157,2.0191
7,8.7,24.9,266,4.3,8.7,9.7,3.651,0.125,6.4,832,1.05,0.053,42.9,123,24.42,116.1,2.9201,2.0899,1.3877,2.0648
7.5,10.4,27.3,200,4.7,7.5,15.9,2.869,0.156,5.3,10523,0.501,0.065,55.2,1783,59.187,301.4,4.0221,3.2512,1.7722,2.4791
8.2,10.5,31.5,276,5.7,11.9,15.8,2.829,0.185,7.6,117,0.63,0.07,84.2,61,22.217,81,2.0682,1.7853,1.3467,1.9085
7.7,10,24.3,240,4,7.6,9.1,3.005,0.133,5.7,2638,0.586,0.065,62,910,36.609,251.3,3.4213,2.959,1.5636,2.4002
7.2,8,19.8,192,2.5,5.8,10.6,2.63,0.165,4,19200,0.525,0.096,7,3400,42.963,216.7,4.2833,3.5315,1.6331,2.3359
7.6,12.7,13.2,333,4,6.5,7.5,4.601,0.136,4.4,1360,1.033,0.05,57.7,422,16.251,31.5,3.1335,2.6253,1.2109,1.4983
7.7,13.1,8.3,428,4.6,7.1,8.2,5.861,0.108,5.5,1058,1.319,0.025,57.1,85,15.293,44.9,3.0245,1.9294,1.1845,1.6522
7.8,14.4,5.3,363,4.1,6.9,8.5,5.527,0.115,5.3,800,1.166,0.021,68.6,55,12.284,11.7,2.9031,1.7404,1.0893,1.0682
8.1,12.1,6.4,427,5.8,8.8,13.9,6.399,0.142,6.9,1950,2.049,0.015,97,66,16.996,41.9,3.29,1.8195,1.2303,1.6222
8.2,10.4,10.2,401,7.1,10,12.7,6.833,0.122,7.4,715,2.948,0.01,99.1,190,4.914,7.8,2.8543,2.2788,0.6914,0.8921
7.9,11.7,18.3,293,7.1,10.2,9.4,5.17,0.149,7.5,225,1.971,0.034,92.7,27,13.412,8.9,2.3522,1.4314,1.1275,0.9494
7.8,12,23.2,417,7.1,13.5,11.9,6.118,0.137,8.6,146,2.333,0.053,57.5,34,9.681,28.1,2.1644,1.5315,0.9859,1.4487
7.9,11.3,25.5,368,7.6,15.1,14.1,4.408,0.105,10.9,77,1.263,0.018,67.3,14,23.248,42.1,1.8865,1.1461,1.3664,1.6243
7.5,6.8,27,194,3.9,9.1,12.2,2.964,0.165,6.7,10805,0.959,0.098,21.8,1182,24.309,211.7,4.0336,3.0726,1.3858,2.3257
7.4,8.2,28.5,250,3.3,8.4,12.7,3.362,0.147,6.2,22956,1.427,0.084,40.5,6676,94.799,273.8,4.3609,3.8245,1.9768,2.4374
7.7,11.6,24.2,236,4.7,7.9,10.6,2.674,0.089,6.1,8550,0.46,0.037,65.3,1675,47.595,108.8,3.932,3.224,1.6776,2.0366
7.2,9.2,19.6,397,4.2,7.2,7.5,4.097,0.078,5.1,1010,1.08,0.025,49.6,340,17.424,85.4,3.0043,2.5315,1.2411,1.9315
6.9,12.7,11.9,410,5,8.7,13.2,5.516,0.086,6.7,165,1.439,0.016,84.2,50,15.681,2.1,2.2175,1.699,1.1954,0.3222
7.5,12.6,6.4,486,5.9,10.2,17.3,7.135,0.147,7.9,17300,3.026,0.019,71.8,4370,25.078,28.5,4.238,3.6405,1.3993,1.4548
8,15,5.4,500,6.9,11.5,15,7.06,0.134,8.4,2160,3.091,0.018,115.6,53,7.29,38.8,3.3345,1.7243,0.8627,1.5888
7.7,14,5.3,507,6.9,12.5,16.9,9.613,0.169,9.4,810,6.366,0.019,132.4,11,10.175,22,2.9085,1.0414,1.0075,1.3424
7.4,12,11.2,342,5.9,10.7,25.5,5.919,0.193,7.7,8200,2.933,0.05,59.4,1060,38.267,115.8,3.9138,3.0253,1.5828,2.0637
7.1,11.5,17.3,346,4.8,8.3,19,5.105,0.128,6.3,7992,2.179,0.03,71.6,1324,43.437,127.4,3.9027,3.1219,1.6379,2.1052
7,8.7,20.6,277,4.8,9.9,19.6,3.761,0.147,6.6,32175,1.383,0.037,78.2,5750,38.195,85.4,4.5075,3.7597,1.582,1.9315
8,10.9,26.6,357,8.1,15.3,16.8,4.245,0.125,10,311,1.3,0.024,124.8,162,33.815,222.4,2.4928,2.2095,1.5291,2.3471
7.7,8.8,29.9,341,7.3,12.4,16,4.454,0.156,8.2,2553,1.672,0.056,94.2,900,68.392,84.5,3.4071,2.9542,1.835,1.9269
7.9,10.7,29.2,283,6.4,13.2,33.8,3.563,0.181,8.9,17527,1.264,0.063,61.4,4203,60.961,397.1,4.2437,3.6236,1.7851,2.5989
7.6,10.2,23.9,249,4.2,8,10.8,3.203,0.106,5.5,9400,0.576,0.052,56.1,5490,17.677,129.7,3.9731,3.7396,1.2474,2.1129
7.8,10,18.4,286,4,7.4,9.9,3.558,0.145,6.3,21240,0.755,0.056,50.9,5044,12.864,125.2,4.3272,3.7028,1.1094,2.0976
7.7,13,12.5,343,5.6,8.3,14.6,4.909,0.166,7.2,23775,1.756,0.04,56.3,4638,8.473,47.2,4.3761,3.6663,0.928,1.6739
7.7,12.5,7,420,4.4,8.7,21.3,5.626,0.135,7.2,9150,1.513,0.04,65.6,1088,12.747,32.4,3.9614,3.0366,1.1054,1.5105
8,14.6,5,433,4.2,9.2,14.2,7.469,0.126,7.4,380,2.345,0.021,61.7,75,6.433,16.4,2.5798,1.8751,0.8084,1.2148
8.5,13.7,6.9,398,6.4,13.6,21.8,6.43,0.174,10.1,5130,2.569,0.033,106.7,259,7.281,37,3.7101,2.4133,0.8622,1.5682
8,11.2,11.2,376,5.6,12.3,25.8,5.814,0.183,8.7,2975,2.738,0.029,76.2,275,8.799,33.9,3.4735,2.4393,0.9444,1.5302
7.8,9.5,14.8,383,4.4,9.4,14.1,5.298,0.194,7.1,18720,2.896,0.03,46.9,3083,18.457,84.7,4.2723,3.489,1.2662,1.9279
7.6,9,19.9,340,5.8,13.2,12.9,3.962,0.184,8.9,25770,1.938,0.041,56.3,5608,16.081,78.8,4.4111,3.7488,1.2063,1.8965
7.5,8.1,23.3,307,5.9,12.5,14.6,3.317,0.15,8.1,4570,1.516,0.025,70.8,640,14.614,158,3.6599,2.8062,1.1648,2.1987
7.4,8.2,25.5,202,3.5,8.3,12.8,2.78,0.124,6.4,18558,0.751,0.067,24.7,4980,34.56,242.2,4.2685,3.6972,1.5386,2.3842
7.6,8.4,26.6,284,3.8,13.1,31,3.215,0.16,9.5,33395,1.074,0.056,63.6,5800,51.418,64.8,4.5237,3.7634,1.7111,1.8116
7.4,9.4,23.1,238,4.2,6.9,9.2,3.222,0.128,5.3,19780,0.811,0.053,42.4,7220,42.173,165.8,4.2962,3.8585,1.625,2.2196
7.8,11.2,18.1,279,4,6.9,10.6,3.441,0.075,4.9,5400,0.551,0.03,49.4,1565,24.889,149.9,3.7324,3.1945,1.396,2.1758
7.6,11.2,12.8,399,4.8,7.6,7.8,5.353,0.08,6.5,1365,1.583,0.029,41.4,585,19.908,22.8,3.1351,2.7672,1.299,1.3579
8.1,12.9,8.3,432,6.2,10.2,16,6.336,0.095,7.7,3250,2.046,0.012,70.7,845,12.57,31.6,3.5119,2.9269,1.0993,1.4997
7.7,17.6,5.3,374,2.4,5.2,5,5.869,0.071,2.9,1925,1.901,0.039,21.6,80,20.63,41.1,3.2844,1.9031,1.3145,1.6138
7.6,14.5,6.3,336,4.6,7.5,8.2,6.715,0.076,3.7,1475,2.553,0.015,77.5,86,18.073,25.7,3.1688,1.9345,1.257,1.4099
8.5,13.4,10.5,374,6.5,10.6,13.9,6.56,0.084,4.8,656,2.783,0.011,116.3,55,12.371,34.4,2.8169,1.7404,1.0924,1.5366
8,9.6,16.3,314,5.3,9.6,9.6,4.981,0.099,4.8,5750,2.15,0.038,63.8,256,22.021,159.6,3.7597,2.4082,1.3428,2.203
7.8,8.7,22.1,225,4.3,9.2,8.7,3.524,0.067,4.3,6500,1.013,0.027,29.9,55,19.311,77.8,3.8129,1.7404,1.2858,1.891
8.3,10.3,26,314,4.5,11.1,12,3.908,0.059,5.5,3000,1.412,0.015,31.6,36,19.118,117.8,3.4771,1.5563,1.2814,2.0711
7.7,8.5,25.5,202,4.3,10.1,10.2,3.17,0.093,5.1,5200,0.764,0.047,30.8,200,38.434,159.6,3.716,2.301,1.5847,2.203
8.2,10.4,28.8,220,8.5,16.4,23.6,2.623,0.123,4.3,8650,0.536,0.055,149.6,158,21.543,86.5,3.937,2.1987,1.3333,1.937
7.9,8.9,25.1,241,3,8.3,10,2.418,0.083,4.1,3215,0.491,0.047,41.6,82,19.761,79.5,3.5072,1.9138,1.2958,1.9004
7.8,8.6,20.3,222,2.9,7.8,10.4,2.828,0.073,3.8,520,0.509,0.033,28.5,256,14.647,84.2,2.716,2.4082,1.1657,1.9253
7.5,8,14.8,346,3.2,7.6,10,4.368,0.114,3.7,2060,1.233,0.081,24,735,21.203,106.8,3.3139,2.8663,1.3264,2.0286
7.3,12,8.2,341,2.4,6.3,6.5,4.31,0.109,3.2,2250,0.869,0.075,18.5,780,23.383,69.3,3.3522,2.8921,1.3689,1.8407
8.3,16.5,5.7,374,4.3,7.7,11.1,5.387,0.061,3.6,1000,0.672,0.009,85.2,165,15.677,79.2,3,2.2175,1.1953,1.8987
7.7,12.8,6.3,363,3,7,8,4.871,0.112,3.4,2050,1.315,0.073,27.3,240,23.339,40.5,3.3118,2.3802,1.3681,1.6075
8,11.3,11.3,276,3.6,7.9,12.1,4.154,0.092,3.8,1788,0.899,0.04,41.2,242,26.807,54.9,3.2524,2.3838,1.4282,1.7396
7.9,10.5,16.9,269,3.6,8.7,6.3,4.586,0.114,4.1,325,1.091,0.051,17.8,115,29.265,192,2.5119,2.0607,1.4663,2.2833
8.1,11.6,21,216,6,8.5,12.3,2.929,0.087,4,975,0.326,0.024,77.5,295,26.044,119.9,2.989,2.4698,1.4157,2.0788
8.1,10.1,25.6,271,6.2,12.3,17.2,3.651,0.133,5.1,86,0.913,0.048,55.4,37,24.42,133.6,1.9345,1.5682,1.3877,2.1258
8.5,14.4,28.7,192,5.5,10.5,17.9,2.492,0.098,4.1,186,0.185,0.05,86.9,93,59.187,249.2,2.2695,1.9685,1.7722,2.3965
8.7,11.1,30.6,261,10.9,19,38.1,2.581,0.112,6.7,213,0.451,0.056,152.3,147,22.217,20.4,2.3284,2.1673,1.3467,1.3096
8.1,10.1,25.7,226,3.8,10.4,9.5,2.955,0.15,4.9,324,0.555,0.092,31.6,223,36.609,197.8,2.5105,2.3483,1.5636,2.2962
7.3,9.7,19.2,187,2.3,6.2,7.7,2.941,0.169,3.6,3110,0.562,0.12,13.9,1988,42.963,203.1,3.4928,3.2984,1.6331,2.3077
7.8,12.1,13.5,260,3.1,5.8,7.8,4.892,0.088,3.6,948,0.778,0.036,42.3,550,16.251,61.5,2.9768,2.7404,1.2109,1.7889
7.8,13.4,8.6,411,2.7,5.8,5.1,6.227,0.088,3.5,1775,1.172,0.034,25.9,330,15.293,45.9,3.2492,2.5185,1.1845,1.6618
8,15.3,6.4,380,4.5,7.4,12.9,5.143,0.077,4.2,1725,0.819,0.018,64,175,12.284,13.9,3.2368,2.243,1.0893,1.143
8.3,15.1,6.4,389,4.9,8.6,15.7,7.245,0.087,5.3,408,1.707,0.005,128.3,121,16.996,32.3,2.6107,2.0828,1.2303,1.5092
7.9,13.1,10.4,391,5,8.5,11.4,6.284,0.157,5.2,438,2.112,0.027,65.2,71,4.914,3.1,2.6415,1.8513,0.6914,0.4914
7.8,11.1,17.4,344,5.5,8.4,8.4,5.551,0.102,5.8,580,2.079,0.029,62,85,13.412,6.2,2.7634,1.9294,1.1275,0.7924
8.3,12,24,409,4.1,11.5,10.5,5.377,0.081,7.1,1115,1.613,0.018,38.9,60,9.681,13.3,3.0473,1.7782,0.9859,1.1239
8.3,12.4,26,336,5.8,15.8,31.9,4.768,0.125,7,1560,1.293,0.025,60.7,380,23.248,28.5,3.1931,2.5798,1.3664,1.4548
7.9,7.7,28.4,228,4.1,10.6,12.6,3.857,0.186,5.7,3470,1.285,0.106,64.2,1170,24.309,138.2,3.5403,3.0682,1.3858,2.1405
8.2,9.5,29,232,5.2,9.8,23.5,3.293,0.172,4.9,12600,1.142,0.083,77.1,9458,94.799,200.8,4.1004,3.9758,1.9768,2.3028
7.9,9,24.9,223,2.1,7.3,19,2.645,0.101,4.3,1065,0.312,0.051,43.8,580,47.595,109.4,3.0273,2.7634,1.6776,2.039
7.8,10.4,20,301,3.4,6.8,12.2,3.789,0.083,3.7,1183,0.582,0.024,45.3,918,17.424,62.7,3.073,2.9628,1.2411,1.7973
7.5,11,12.7,448,3,7.7,10.7,5.276,0.066,4.2,908,1.108,0.007,51.9,664,15.681,1.4,2.9581,2.8222,1.1954,0.1461
7.8,14.5,6,525,5.4,9.3,16.8,7.247,0.09,5.2,1375,2.014,0.003,103,486,25.078,45.3,3.1383,2.6866,1.3993,1.6561
8.2,14.9,5.6,437,5.8,11,18.8,7.636,0.122,5.6,1130,2.905,0.021,129.5,120,7.29,58,3.0531,2.0792,0.8627,1.7634
8.3,16.1,5.5,447,4.6,9.7,13.7,9.432,0.089,5.1,835,5.143,0.008,64.8,420,10.175,39.3,2.9217,2.6232,1.0075,1.5944
7.6,13.1,13.1,320,5.4,10.4,24.8,6.634,0.15,5.2,5850,3.393,0.044,60.9,1004,38.267,152.7,3.7672,3.0017,1.5828,2.1838
7.7,11.4,17.4,290,5.1,8.9,28.1,5.022,0.121,4.5,22550,1.958,0.032,52.1,4505,43.437,169,4.3531,3.6537,1.6379,2.2279
7.6,13.4,21.7,270,5.2,9.1,20.1,3.941,0.127,5.3,6450,1.492,0.039,97.8,1005,38.195,89.3,3.8096,3.0022,1.582,1.9509
7.7,12.4,26.7,288,5.7,11.9,21,4.233,0.153,5,1259,1.245,0.042,68.5,38,33.815,162,3.1,1.5798,1.5291,2.2095
7.8,10.2,28.5,237,6.4,11.6,38.7,3.507,0.231,5.7,5804,0.677,0.071,134.5,1958,68.392,67.6,3.7637,3.2918,1.835,1.8299
7.6,7.6,29.2,238,3.3,10.6,30.9,3.16,0.191,5.1,3915,1.167,0.106,63.7,2243,60.961,246.2,3.5927,3.3508,1.7851,2.3913
7.5,9.9,25.1,186,3,8.1,13.9,2.85,0.157,3.5,5867,0.412,0.062,88.1,3767,17.677,151.4,3.7684,3.576,1.2474,2.1801
7.9,13.8,18.6,296,3.7,7.2,18.8,3.803,0.103,4.5,5700,0.413,0.051,98.4,3020,12.864,138.4,3.7559,3.48,1.1094,2.1411
7.8,12.7,14.5,319,3.6,7,15.8,3.104,0.097,4.3,2963,0.726,0.019,56.1,571,8.473,51.1,3.4717,2.7566,0.928,1.7084
7.7,9.1,8.3,342,4,6.9,18,4.143,0.089,3.9,5450,0.972,0.01,78.9,524,12.747,38.3,3.7364,2.7193,1.1054,1.5832
7.6,14.3,6.6,439,4.9,8.1,18.2,6.652,0.102,4.7,198,1.972,0.015,63.6,39,6.433,13.3,2.2967,1.5911,0.8084,1.1239
7.9,13.4,6.6,374,5.9,11.1,20.9,6.452,0.141,6.1,1400,1.705,0.005,157.7,108,7.281,29.6,3.1461,2.0334,0.8622,1.4713
7.9,14,11,339,6.1,9.5,34.7,6.849,0.135,5.6,1225,2.693,0.014,93.2,236,8.799,38.5,3.0881,2.3729,0.9444,1.5855
8,12.2,15.7,345,4.9,9.7,9.8,5.548,0.117,5.3,378,1.977,0.021,36.9,57,18.457,86.3,2.5775,1.7559,1.2662,1.936
8.2,10.3,21.4,316,5.8,10.6,11.1,4.361,0.142,5.6,272,1.961,0.057,24.3,290,16.081,122.9,2.4346,2.4624,1.2063,2.0896
8.6,12.1,25.5,233,5.2,13.2,15,3.695,0.122,6.7,197,1.014,0.029,40.7,32,14.614,172.3,2.2945,1.5051,1.1648,2.2363
7.7,9.2,25.7,190,4.7,11.5,21,3.051,0.226,7.1,5566,0.541,0.091,27.4,2098,34.56,167,3.7455,3.3218,1.5386,2.2227
8.1,9.7,29.3,198,4.6,9.7,19.3,3.027,0.15,6.4,344,0.53,0.075,27.9,133,51.418,144.9,2.5366,2.1239,1.7111,2.1611
7.7,10.6,24.4,188,3.2,8.1,13.6,2.776,0.152,4,1469,0.363,0.076,49.2,797,42.173,259.3,3.167,2.9015,1.625,2.4138
7.9,13.1,19.2,228,1.7,6.3,9.2,3.313,0.063,3.3,1688,0.39,0.027,24.4,870,24.889,159,3.2274,2.9395,1.396,2.2014
8,12.9,14.9,365,3.5,8.5,11.5,5.21,0.068,4.1,788,1.118,0.011,36.9,445,19.908,14.6,2.8965,2.6484,1.299,1.1644
7.5,13.5,7.8,433,2.8,7.1,7.3,6.414,0.102,4.1,3990,2.181,0.051,21.3,1870,12.57,40.7,3.601,3.2718,1.0993,1.6096
7,14.2,4.6,393,3.3,5.5,10.1,5.335,0.092,4.1,101,1.648,0.031,37.2,20,32.249,41.1,2.0043,1.301,1.5085,1.6138
7.5,16.1,5.3,387,5,7.2,13.5,6.035,0.101,5.2,414,2.221,0.006,84,23,22.295,25.7,2.617,1.3617,1.3482,1.4099
8.2,14.4,9.3,385,5.2,8.2,16.2,6.218,0.091,6,109,2.593,0.006,83.8,4,18.668,34.4,2.0374,0.6021,1.2711,1.5366
7.6,9.7,15.4,326,4.7,7.4,9.9,5.008,0.109,5.6,1942,2.079,0.033,47.2,32,38.066,159.6,3.2882,1.5051,1.5805,2.203
7.3,6.8,20.1,233,2.9,7.1,10.2,3.289,0.099,5.1,187,1.062,0.04,28.7,20,42.229,77.8,2.2718,1.301,1.6256,1.891
7.4,6.9,24.1,306,3.8,8.8,11.3,3.855,0.095,6.7,160,1.412,0.02,45,17,45.66,117.8,2.2041,1.2304,1.6595,2.0711
7.8,8,25.7,210,3.1,7.7,11,2.966,0.122,5.7,1852,0.57,0.043,32.5,279,51.774,159.6,3.2676,2.4456,1.7141,2.203
8.1,7.7,28,261,3.6,7.7,8.9,3.023,0.133,6.1,58,0.647,0.052,37.5,13,47.29,86.5,1.7634,1.1139,1.6748,1.937
7.6,8.8,24.3,258,2.9,6.9,9.9,2.776,0.103,5.2,45,0.459,0.035,42.2,13,41.411,79.5,1.6532,1.1139,1.6171,1.9004
7.4,8.6,19.9,217,3.2,6.2,10.4,2.916,0.104,4.9,87,0.52,0.038,28.1,40,21.357,84.2,1.9395,1.6021,1.3295,1.9253
7,7.5,15.6,342,3.4,6.1,6.1,4.355,0.099,5.1,505,0.956,0.042,30.9,92,24.514,106.8,2.7033,1.9638,1.3894,2.0286
6.8,9.9,9,298,2.7,5.5,6.7,4.391,0.14,2.9,1504,0.84,0.052,22.9,210,32.197,69.3,3.1772,2.3222,1.5078,1.8407
8.1,15.7,5.3,362,4.2,7,12.1,4.95,0.093,6.3,158,0.418,0.004,107.8,6,21.65,79.2,2.1987,0.7782,1.3355,1.8987
7.4,13.9,5.7,339,3.8,6.2,12.7,4.708,0.13,5.6,526,0.946,0.042,51.2,101,39.941,40.5,2.721,2.0043,1.6014,1.6075
7.2,11.6,10.5,275,4.1,6.6,15.5,4.281,0.114,5.5,850,0.887,0.013,44.5,121,36.155,54.9,2.9294,2.0828,1.5582,1.7396
7.3,9.6,16.2,297,3.8,6.7,7.7,4.03,0.099,5.2,380,0.885,0.019,31.1,92,40.966,192,2.5798,1.9638,1.6124,2.2833
7.7,10.1,21.1,225,3.7,7.2,10.8,2.901,0.096,5.5,552,0.445,0.024,45.9,33,96.209,119.9,2.7419,1.5185,1.9832,2.0788
7.4,7.9,24.3,283,3.3,8.2,11.1,3.753,0.12,6.8,304,1.157,0.037,35.1,30,46.652,133.6,2.4829,1.4771,1.6689,2.1258
7,6.3,25.6,182,2.5,6.1,12.5,2.488,0.131,5.3,3209,0.475,0.065,16.6,147,136.889,249.2,3.5064,2.1673,2.1364,2.3965
7.3,4.7,29.4,283,2.8,8.2,7.4,2.528,0.128,6.8,164,0.785,0.078,14.9,19,44.865,20.4,2.2148,1.2788,1.6519,1.3096
7.2,7.4,24.1,224,3.1,7.4,9.1,2.82,0.141,6,1360,0.672,0.082,31.9,463,54.21,197.8,3.1335,2.6656,1.7341,2.2962
6.6,7.5,19.5,194,2.9,6,12.9,2.841,0.17,4.3,12525,0.622,0.098,11.2,2600,61.176,203.1,4.0978,3.415,1.7866,2.3077
7,10.7,13.5,306,3.5,6.1,8.9,4.171,0.098,4.4,400,0.622,0.019,31.8,54,27.86,61.5,2.6021,1.7324,1.445,1.7889
6.9,11.2,7.4,379,3,5.9,6.4,5.176,0.082,4.9,535,0.974,0.017,27.5,39,22.245,45.9,2.7284,1.5911,1.3472,1.6618
7.3,13.5,5.1,360,3.9,7.8,12.6,4.934,0.104,5.7,126,0.777,0.017,70.6,20,24.514,13.9,2.1004,1.301,1.3894,1.143
7.7,15.4,5.3,424,6.3,10.9,21.5,6.062,0.111,7.6,350,1.212,0.012,98.2,3,31.762,32.3,2.5441,0.4771,1.5019,1.5092
7.7,13.5,9.2,382,4.9,9.2,11.2,5.89,0.092,6.6,230,1.932,0.017,31,5,26.073,3.1,2.3617,0.699,1.4162,0.4914
7.1,10.9,15.5,358,5.2,9.2,8.7,5.514,0.094,7,48,2.329,0.016,61.1,2,22.668,6.2,1.6812,0.301,1.3554,0.7924
7.4,9.4,20.7,379,3.5,10.4,7.1,4.829,0.07,7.5,93,1.515,0.02,20.2,1,17.923,13.3,1.9685,0,1.2534,1.1239
7.4,8.3,24.2,374,5.9,14.8,12.9,3.992,0.079,10.4,6,1.02,0.007,34,1,35.164,28.5,0.7782,0,1.5461,1.4548
6.7,5.5,27.1,251,3.1,8.9,11.6,3.294,0.145,7,386,1.163,0.079,14.4,143,45.476,138.2,2.5866,2.1553,1.6578,2.1405
7,7.3,27.8,203,4.3,10.2,16.3,2.368,0.134,7.6,23002,0.517,0.065,21,1197,111.683,200.8,4.3618,3.0781,2.048,2.3028
7.4,10.3,23.9,189,4.9,10.1,19.9,2.228,0.147,6.4,8403,0.12,0.046,50,219,46.315,109.4,3.9244,2.3404,1.6657,2.039
7.2,8.7,18.9,283,3.8,7.3,13.7,3.108,0.081,5.6,315,0.677,0.015,35.1,35,19.645,62.7,2.4983,1.5441,1.2933,1.7973
7.5,10,11.8,405,3.6,8.3,14.4,4.797,0.093,6.5,155,1.147,0.019,16.5,17,21.103,1.4,2.1903,1.2304,1.3243,0.1461
7.6,13.1,5.4,531,4.1,8.4,11.4,6.218,0.077,6.3,108,1.854,0.01,27.6,26,16.96,45.3,2.0334,1.415,1.2294,1.6561
8.1,15.1,4.3,490,6.5,11.8,19.2,6.771,0.137,9,292,2.66,0.021,102.7,9,26.607,58,2.4654,0.9542,1.425,1.7634
8.5,15,4.2,489,5.5,10.3,12.4,7.686,0.111,7.7,41,4.539,0.015,48.3,6,13.41,39.3,1.6128,0.7782,1.1274,1.5944
7.6,9.9,11,409,5,9.8,27.3,6.632,0.152,7.3,5000,3.478,0.038,24.7,634,29.906,152.7,3.699,2.8021,1.4758,2.1838
8.2,10.6,16.4,282,4.8,8.6,18.6,4.52,0.1,6.3,930,1.629,0.023,53.3,166,97.752,169,2.9685,2.2201,1.9901,2.2279
7.7,7.6,20.8,297,5.2,9.6,18,3.909,0.104,7,905,1.546,0.026,59.7,173,55.849,89.3,2.9566,2.238,1.747,1.9509
7.9,5.1,25.4,339,4,11.8,10.4,3.897,0.085,8.6,9,1.318,0.023,26.2,4,26.872,162,0.9542,0.6021,1.4293,2.2095
8.3,7,28.4,264,5.3,10.9,22.9,2.975,0.125,7.7,5810,0.515,0.066,41.9,1262,48.904,67.6,3.7642,3.1011,1.6893,1.8299
7.7,6.1,28.9,275,3.9,12,29.9,2.8,0.188,8.3,15050,0.991,0.082,30.3,1983,15.464,246.2,4.1775,3.2973,1.1893,2.3913
7.5,8,23.6,219,4.6,9.8,14,2.537,0.101,6.6,3220,0.256,0.046,51.7,368,155.253,151.4,3.5079,2.5658,2.191,2.1801
8.2,11.2,18.3,258,3.8,7.7,21,2.975,0.116,6.8,1996,0.206,0.034,53.9,494,113.241,138.4,3.3002,2.6937,2.054,2.1411
8.1,12.8,12.2,357,5.5,10.8,32.3,4.056,0.176,8.6,5275,0.88,0.028,82.9,688,12.627,51.1,3.7222,2.8376,1.1013,1.7084
8.4,14.9,7,419,5,11.6,26,5.522,0.176,8.9,3490,1.429,0.028,92,300,16.621,38.3,3.5428,2.4771,1.2207,1.5832
8.5,16,4.8,448,5.3,11.1,25.2,7.198,0.145,8.9,218,1.775,0.013,93.6,21,14.324,13.3,2.3385,1.3222,1.1561,1.1239
8.8,16.1,6.3,405,7.1,15.4,31.2,6.292,0.197,11.5,1005,2.299,0.014,134.2,19,16.909,29.6,3.0022,1.2788,1.2281,1.4713
8.7,13.3,11,404,6.8,14.2,24,6.492,0.192,9.2,1605,2.755,0.013,90.4,142,18.053,38.5,3.2055,2.1523,1.2565,1.5855
8.4,8.8,14.3,341,4.5,9.7,9,4.441,0.156,7.1,195,2.08,0.029,46.4,26,19.123,86.3,2.29,1.415,1.2816,1.936
7.4,7,20.4,314,4.2,10,13.3,3.878,0.149,7.2,272,2.154,0.044,36,148,22.146,122.9,2.4346,2.1703,1.3453,2.0896
8,8,23.8,271,6.3,13.3,19.9,2.811,0.132,9.1,188,1.181,0.017,59,24,27.817,172.3,2.2742,1.3802,1.4443,2.2363
7.8,6.2,24.9,178,3.8,9.4,21.1,2.46,0.118,8.5,6486,0.421,0.053,25.5,1867,46.295,167,3.812,3.2711,1.6655,2.2227
7.9,7.9,28.8,206,3.7,9.7,23.7,2.128,0.142,8.7,7725,0.347,0.065,53.7,2165,44.483,144.9,3.8879,3.3355,1.6482,2.1611
7.7,8.3,24.1,198,3.8,7.2,13.8,2.608,0.137,4.9,8040,0.339,0.07,30.2,1970,49.015,259.3,3.9053,3.2945,1.6903,2.4138
8.3,11,19.6,240,3.5,6.2,8.9,3.111,0.068,4.6,3726,0.181,0.024,34.1,550,24.599,159,3.5712,2.7404,1.3909,2.2014
8.2,11.6,14.6,362,4.9,8.3,14.5,4.537,0.062,7.5,318,0.597,0.023,58.3,58,10.33,14.6,2.5024,1.7634,1.0141,1.1644
7.7,10.4,7.9,426,3.6,7.4,5.1,5.832,0.088,6.3,1615,1.843,0.049,20.6,482,11.253,40.7,3.2082,2.683,1.0513,1.6096
7.4,14.3,4.5,383,4,5.7,15.9,5.134,0.099,4.3,53,1.457,0.017,51.4,40,32.249,41.1,1.7243,1.6021,1.5085,1.6138
7.3,13.9,4.4,356,4.6,6.6,14.3,5.714,0.096,4.8,237,1.809,0.007,73.4,2,22.295,25.7,2.3747,0.301,1.3482,1.4099
7.7,13.2,9.1,377,5.6,8.3,20.5,6.029,0.103,5.8,42,2.214,0.006,87.5,8,18.668,34.4,1.6232,0.9031,1.2711,1.5366
7.5,8.9,15.1,319,5.5,7.5,16.6,4.748,0.11,5.6,700,1.872,0.03,42.1,55,38.066,159.6,2.8451,1.7404,1.5805,2.203
7.2,8.1,20.4,233,3.6,6.5,21.2,3.242,0.109,5,187,0.854,0.03,24.9,24,42.229,77.8,2.2718,1.3802,1.6256,1.891
7,6.7,24.1,278,5.5,8.2,25.6,3.725,0.103,6.7,48,1.261,0.016,44.6,16,45.66,117.8,1.6812,1.2041,1.6595,2.0711
7.4,6.9,25.8,201,3.9,7.5,21.9,2.928,0.139,5.4,640,0.497,0.044,31.4,12,51.774,159.6,2.8062,1.0792,1.7141,2.203
7.3,5.3,27.7,285,4.2,8.2,21.6,3.431,0.19,5.8,1060,0.729,0.068,28.5,680,47.29,86.5,3.0253,2.8325,1.6748,1.937
7.3,7.1,25,214,3.5,6.7,16.7,2.514,0.135,4.9,540,0.347,0.034,25.3,73,41.411,79.5,2.7324,1.8633,1.6171,1.9004
7.3,8.5,19.7,217,4,6.5,17.6,2.841,0.117,5.1,480,0.409,0.031,38.9,70,21.357,84.2,2.6812,1.8451,1.3295,1.9253
7,8.8,15.4,347,4.3,6.5,13.1,3.945,0.098,5.2,95,0.673,0.016,32.3,2,24.514,106.8,1.9777,0.301,1.3894,2.0286
6.8,9.5,9.6,313,2.9,5.5,9.5,4.364,0.129,2.8,460,0.861,0.062,18.1,70,32.197,69.3,2.6628,1.8451,1.5078,1.8407
8.4,14.5,3.6,369,4.7,8.1,15.9,5.226,0.104,7.5,60,0.3,0.007,133,4,21.65,79.2,1.7782,0.6021,1.3355,1.8987
7.3,14.2,5.3,358,4.1,6.5,15,5.067,0.139,5.6,940,1.062,0.041,51.6,100,39.941,40.5,2.9731,2,1.6014,1.6075
7.5,13.3,10.3,273,5,7.7,19.6,4.042,0.118,5.8,6000,0.678,0.019,53.1,540,36.155,54.9,3.7782,2.7324,1.5582,1.7396
7.2,9.5,16.4,294,4.5,6.3,12.8,3.852,0.096,5.4,40,0.735,0.024,27.8,1,40.966,192,1.6021,0,1.6124,2.2833
7.3,9.3,19.9,202,4.1,6.5,22,2.573,0.097,5.5,3900,0.259,0.026,41.9,750,96.209,119.9,3.5911,2.8751,1.9832,2.0788
7.1,6.7,24.4,289,4.9,8.6,22.8,3.751,0.135,7.3,200,0.985,0.035,49.2,14,46.652,133.6,2.301,1.1461,1.6689,2.1258
6.9,6.9,26.6,185,3,6.9,20.9,2.459,0.138,5.6,15000,0.323,0.067,28.7,2400,136.889,249.2,4.1761,3.3802,2.1364,2.3965
7.2,5.6,29.5,280,5.1,11.3,23.2,2.578,0.181,7.9,100,0.576,0.074,46.5,30,44.865,20.4,2,1.4771,1.6519,1.3096
6.9,7.3,23.7,190,3.2,7.3,11.6,2.502,0.135,5.5,540,0.444,0.073,20.7,95,54.21,197.8,2.7324,1.9777,1.7341,2.2962
7.1,8.4,19.8,182,3.3,6.4,27.5,3.037,0.196,4.8,9000,0.502,0.102,15.8,600,61.176,203.1,3.9542,2.7782,1.7866,2.3077
7.4,10,13.2,302,3.4,5.8,11.6,4.027,0.102,4.7,700,0.538,0.034,23.9,90,27.86,61.5,2.8451,1.9542,1.445,1.7889
7,11.2,8.1,350,3.4,6.1,7.7,4.594,0.091,5,200,0.843,0.029,38,20,22.245,45.9,2.301,1.301,1.3472,1.6618
7.3,13.1,5.4,332,3.4,6.7,6.9,4.325,0.094,5,65,0.724,0.016,42.5,20,24.514,13.9,1.8129,1.301,1.3894,1.143
8,13.9,5,403,6.5,11.5,23.6,5.665,0.111,7.6,60,0.809,0.008,132.1,1,31.762,32.3,1.7782,0,1.5019,1.5092
7.7,11.7,9.2,398,5,8.9,12,5.857,0.085,6.6,40,1.943,0.017,35.6,1,26.073,3.1,1.6021,0,1.4162,0.4914
7.2,10.9,15.6,359,6,9.8,11,5.697,0.134,7.9,120,2.073,0.057,80.9,5,22.668,6.2,2.0792,0.699,1.3554,0.7924
7.5,10.5,21.2,373,4.3,10.1,12.1,4.327,0.066,7.5,110,1.112,0.012,24,22,17.923,13.3,2.0414,1.3424,1.2534,1.1239
7.4,6.8,24,386,5.2,14.2,20.1,3.892,0.092,10.2,300,1.182,0.005,56.1,100,35.164,28.5,2.4771,2,1.5461,1.4548
7,5.2,27.3,252,4.3,8.8,17.1,3.168,0.135,7.3,600,1.111,0.064,20.8,100,45.476,138.2,2.7782,2,1.6578,2.1405
7.3,6.7,27.5,220,4.4,8.6,22.8,3.01,0.159,6.3,1000,0.914,0.07,32.5,50,111.683,200.8,3,1.699,2.048,2.3028
6.9,7.6,24,180,3.6,7.7,12.8,2.183,0.1,5.8,100,0.176,0.052,40.4,50,46.315,109.4,2,1.699,1.6657,2.039
7.4,8.8,18.8,272,3.5,7.1,11.8,2.886,0.078,5.4,300,0.545,0.019,32,30,19.645,62.7,2.4771,1.4771,1.2933,1.7973
7.7,10.5,11.7,397,3.3,7.5,12.5,4.581,0.073,5.9,100,0.998,0.008,26.1,1,21.103,1.4,2,0,1.3243,0.1461
8.1,10.9,6,496,2.6,7.2,7.8,5.655,0.071,5.7,36,1.297,0.011,17.7,3,16.96,45.3,1.5563,0.4771,1.2294,1.6561
8.3,14.6,4.1,489,7.2,13,20.3,6.551,0.159,9.7,110,2.274,0.017,155.4,7,26.607,58,2.0414,0.8451,1.425,1.7634
8.5,14.9,4.4,483,5.7,10.4,13.6,7.818,0.12,8.2,25,4.195,0.02,68.2,1,13.41,39.3,1.3979,0,1.1274,1.5944
7.6,9.1,10.3,415,4,7.9,8.6,7.502,0.118,6.6,800,4.24,0.019,24.3,100,29.906,152.7,2.9031,2,1.4758,2.1838
7.6,9,15.4,274,4.4,8.2,19.2,4.374,0.1,6.1,130,1.529,0.021,56.5,10,97.752,169,2.1139,1,1.9901,2.2279
7.7,7.5,21.1,301,4.9,8.9,15.7,4.07,0.097,6.9,900,1.658,0.024,61.8,110,55.849,89.3,2.9542,2.0414,1.747,1.9509
7.8,5,25.7,338,4.6,12.2,14.4,3.717,0.097,9.1,300,1.135,0.032,44.2,2,26.872,162,2.4771,0.301,1.4293,2.2095
8,5.9,27.5,233,4.9,9.4,19,3.009,0.116,6.7,4000,0.459,0.043,41.3,1900,48.904,67.6,3.6021,3.2788,1.6893,1.8299
7.9,6.1,30.5,304,4.5,12.4,16.4,2.745,0.154,8.9,400,0.804,0.07,48.2,5,15.464,246.2,2.6021,0.699,1.1893,2.3913
7.3,7.5,24.3,194,4.2,7.4,18.7,2.585,0.095,5.8,1900,0.251,0.049,35.8,200,155.253,151.4,3.2788,2.301,2.191,2.1801
8,9.9,18.4,253,3.7,7.6,16.7,2.898,0.128,6.9,130,0.219,0.03,54.6,10,113.241,138.4,2.1139,1,2.054,2.1411
8.2,12.3,12.5,351,5.1,9.7,18,4.147,0.136,8.1,840,0.95,0.033,112.2,160,12.627,51.1,2.9243,2.2041,1.1013,1.7084
8.8,14.8,7.2,404,5.1,10.6,23.1,4.971,0.159,9.1,2000,1.212,0.032,111.1,340,16.621,38.3,3.301,2.5315,1.2207,1.5832
8.5,16.3,5,455,5.2,10.9,20.9,7.118,0.13,9.6,140,1.624,0.021,117.5,20,14.324,13.3,2.1461,1.301,1.1561,1.1239
8.9,16.6,5.4,407,6.2,13.4,18.6,6.277,0.157,10.4,300,2.434,0.014,136.5,10,16.909,29.6,2.4771,1,1.2281,1.4713
8.2,9.3,10.9,410,5.3,10.6,15.5,6.171,0.127,8.2,500,2.785,0.024,58.1,2,18.053,38.5,2.699,0.301,1.2565,1.5855
8.7,10.1,14.4,327,4.4,9.3,17.9,4.295,0.16,8.3,40,1.758,0.022,66.4,3,19.123,86.3,1.6021,0.4771,1.2816,1.936
7.4,6,19.7,330,3.7,8.5,13.9,4.093,0.151,6.5,2,2.031,0.05,31.2,1,22.146,122.9,0.301,0,1.3453,2.0896
8.2,7.8,24.2,268,4.6,11.1,20.7,2.939,0.112,8.8,65,0.995,0.018,51.7,12,27.817,172.3,1.8129,1.0792,1.4443,2.2363
7.9,9.5,26,181,3.7,8.9,16.8,2.494,0.116,8.1,3400,0.38,0.05,30.8,1200,46.295,167,3.5315,3.0792,1.6655,2.2227
7.8,7.5,28.8,205,3.4,8.5,15.7,2.069,0.113,8.1,540,0.499,0.061,45.8,2,44.483,144.9,2.7324,0.301,1.6482,2.1611
7.6,7.8,23.8,175,3.2,7.1,11.4,2.399,0.12,5,160,0.176,0.082,23.3,47,49.015,259.3,2.2041,1.6721,1.6903,2.4138
7.8,9.6,19.7,249,2.6,5.2,11.9,3.255,0.075,4,1800,0.206,0.023,28.8,510,24.599,159,3.2553,2.7076,1.3909,2.2014
8.2,10.7,14.4,354,4.7,7.9,16.5,4.056,0.051,7.1,290,0.362,0.017,49.3,18,10.33,14.6,2.4624,1.2553,1.0141,1.1644
7.8,10.9,8.7,414,3.6,7.3,5.7,5.492,0.091,5.8,3700,1.965,0.058,21.1,280,11.253,40.7,3.5682,2.4472,1.0513,1.6096
7.6,14.7,4.5,373,3.9,5.6,15.1,4.808,0.085,4.2,67,1.085,0.013,55,20,38.474,41.1,1.8261,1.301,1.5852,1.6138
8.1,13.9,4.1,345,4.5,6.9,17,5.078,0.081,4.5,80,1.292,0.004,80.5,2,25.326,25.7,1.9031,0.301,1.4036,1.4099
8.2,13.4,9,361,5.5,8.4,19.5,5.719,0.096,5.8,133,1.868,0.008,76.4,10,20.012,34.4,2.1239,1,1.3013,1.5366
7.7,9.7,15.5,314,5.3,7.6,17.8,4.621,0.103,5.6,1320,1.609,0.02,54.6,195,43.103,159.6,3.1206,2.29,1.6345,2.203
7.2,8.5,20.2,237,4.2,6.5,20,3.145,0.1,5.1,193,0.795,0.027,22.2,93,48.581,77.8,2.2856,1.9685,1.6865,1.891
7.2,6.8,24.1,279,4.5,7.9,19.6,3.573,0.085,6.7,65,1.104,0.012,35.9,26,50.842,117.8,1.8129,1.415,1.7062,2.0711
7.3,6.8,25.9,201,4,7.3,19.2,2.907,0.129,5.5,300,0.451,0.04,31.1,4,57.82,159.6,2.4771,0.6021,1.7621,2.203
7.3,4.6,27.7,274,5,7.8,19.4,2.893,0.183,6,4800,0.514,0.054,36,1540,57.917,86.5,3.6812,3.1875,1.7628,1.937
7.5,6.8,25,219,3.6,6.7,18.3,2.433,0.121,4.9,1080,0.261,0.02,24.9,205,46.262,79.5,3.0334,2.3118,1.6652,1.9004
7.1,7.7,19.7,226,4.4,6.2,19.9,2.975,0.11,5.1,560,0.498,0.025,18,52,23.138,84.2,2.7482,1.716,1.3643,1.9253
7.1,8.5,15.5,330,4.1,6.2,14.6,3.721,0.1,5.2,400,0.587,0.018,26,16,27.262,106.8,2.6021,1.2041,1.4356,2.0286
6.9,9.5,9.6,309,3.4,5.3,9.8,4.374,0.116,2.8,180,0.838,0.051,15.6,66,35.164,69.3,2.2553,1.8195,1.5461,1.8407
8.5,14.8,3.5,351,4.9,7.6,15.2,4.621,0.088,7,45,0.154,0.007,118.9,48,24.477,79.2,1.6532,1.6812,1.3888,1.8987
7.3,14.4,5.3,353,4.1,7,19.2,5.102,0.129,6,470,0.937,0.033,58.6,210,45.833,40.5,2.6721,2.3222,1.6612,1.6075
7.7,13.4,10.1,265,5.1,7.5,19.2,3.945,0.109,5.9,1300,0.566,0.012,45.7,200,40.739,54.9,3.1139,2.301,1.61,1.7396
7.2,9.9,16.4,272,3.9,6.4,14,3.519,0.099,5.4,60,0.499,0.02,23.7,1,45.568,192,1.7782,0,1.6587,2.2833
7.3,8.4,19.7,213,4,6.7,23.7,2.858,0.116,5.5,18300,0.248,0.038,39.7,3900,64.289,119.9,4.2625,3.5911,1.8081,2.0788
7.3,6.9,24.2,281,4.6,8.1,22.4,3.481,0.123,7.3,100,0.745,0.028,41.4,12,53.891,133.6,2,1.0792,1.7315,2.1258
7,6.9,26.3,178,2.9,7.2,27.9,2.324,0.15,5.8,16000,0.239,0.066,26.4,2200,154.334,249.2,4.2041,3.3424,2.1885,2.3965
7.3,5.4,29.6,268,3.7,8.9,21.3,2.126,0.141,7.2,300,0.243,0.059,29.1,40,48.273,20.4,2.4771,1.6021,1.6837,1.3096
7,6.9,23.8,191,3.5,7.4,13.5,2.447,0.134,5.7,1500,0.331,0.069,24.7,30,57.882,197.8,3.1761,1.4771,1.7625,2.2962
7.1,8.2,19.7,185,3.4,8.1,34.1,3.149,0.275,5.5,8000,0.355,0.155,15.8,1000,68.15,203.1,3.9031,3,1.8335,2.3077
7.3,9.8,12.9,285,3,5.5,14.5,3.727,0.111,4.4,400,0.404,0.039,20.1,120,31.71,61.5,2.6021,2.0792,1.5012,1.7889
7.4,11.6,8,349,3.5,6,9.6,4.374,0.08,5.1,100,0.573,0.017,37.2,10,24.266,45.9,2,1,1.385,1.6618
7.3,12.4,5.4,346,2.9,6.8,9,4.429,0.097,5,70,0.746,0.027,45.8,2,26.541,13.9,1.8451,0.301,1.4239,1.143
8.3,13.5,4.9,385,6.5,11,22.4,5.129,0.102,7.4,90,0.457,0.008,128.5,1,33.811,32.3,1.9542,0,1.5291,1.5092
7.7,11.2,8.5,407,3.9,7.9,12,5.711,0.068,6.2,20,1.773,0.015,18.4,1,27.675,3.1,1.301,0,1.4421,0.4914
7.4,12.1,15.6,362,5.6,9.4,10.2,5.336,0.078,7.3,80,1.643,0.01,54.7,1,24.79,6.2,1.9031,0,1.3943,0.7924
7.5,9.5,21.1,356,3.3,8.9,10.8,3.728,0.059,7,80,0.79,0.011,16.1,4,19.795,13.3,1.9031,0.6021,1.2966,1.1239
7.2,7.7,23.9,373,3.9,12.5,26.7,3.847,0.096,8.9,300,0.97,0.011,32.3,4,48.527,28.5,2.4771,0.6021,1.686,1.4548
6.8,5.1,27.4,273,4,9.5,29.6,3.315,0.13,7.3,400,1.039,0.057,15.7,200,61.922,138.2,2.6021,2.301,1.7918,2.1405
7,5.6,27.6,234,3.8,7.9,22.2,3.117,0.148,6.2,100,0.99,0.072,20.8,50,49.217,200.8,2,1.699,1.6921,2.3028
6.8,7.4,23.8,167,2.9,6.9,14.8,2.144,0.101,5.2,400,0.152,0.055,28.4,50,55.976,109.4,2.6021,1.699,1.748,2.039
7.2,8.3,18.7,263,3.5,6.4,15.1,2.717,0.085,5.1,200,0.491,0.026,23.8,50,21.409,62.7,2.301,1.699,1.3306,1.7973
7.5,11.2,11.8,369,3.3,7.2,13.7,4.118,0.059,5.7,50,0.689,0.01,33.1,2,21.937,1.4,1.699,0.301,1.3412,0.1461
7.9,11.4,6.3,471,2.6,6.7,9.5,5.091,0.067,5.5,12,1.067,0.012,17.5,1,17.711,45.3,1.0792,0,1.2482,1.6561
8.2,13,3.8,474,5.7,11.1,15.3,6.747,0.119,8.4,44,2.313,0.013,105.6,2,28.58,58,1.6435,0.301,1.4561,1.7634
8.6,14.9,3.8,465,5.2,10,12.9,6.701,0.107,7.7,5,2.794,0.015,57.6,2,14.642,39.3,0.699,0.301,1.1656,1.5944
7.5,9.2,10.1,401,3,7.9,9.7,7.046,0.102,6.2,800,3.458,0.019,17.5,200,34.235,152.7,2.9031,2.301,1.5345,2.1838
7.7,8.6,15.4,271,3.9,7.9,17.9,4.435,0.098,5.9,30,1.593,0.025,32.8,10,108.369,169,1.4771,1,2.0349,2.2279
7.6,7,21.1,280,3.6,8.2,14.9,3.502,0.081,6.3,300,1.051,0.022,31.4,30,66.894,89.3,2.4771,1.4771,1.8254,1.9509
7.9,6.2,25.4,323,4.3,11.9,15.9,3.163,0.085,9,100,0.776,0.021,32.5,1,33.6,162,2,0,1.5263,2.2095
8.4,8.2,28,214,4.7,10.5,27.2,2.531,0.118,7.1,20000,0.235,0.035,37.8,1100,55.787,67.6,4.301,3.0414,1.7465,1.8299
8.4,7.7,30.8,344,5.2,14.5,26.7,2.4,0.168,9.7,100,0.503,0.056,40.4,30,17.23,246.2,2,1.4771,1.2363,2.3913
7.2,7.1,24.2,183,3.6,7.4,20.4,2.591,0.108,5.2,400,0.21,0.048,27.6,190,176.091,151.4,2.6021,2.2788,2.2457,2.1801
7.7,8.6,18.4,229,3,7.3,17.7,2.558,0.109,6.3,300,0.187,0.03,22.1,33,118.054,138.4,2.4771,1.5185,2.0721,2.1411
7.9,9.4,12.7,332,3.6,7.5,11.5,3.592,0.099,6.9,400,1.02,0.037,30.5,12,14.486,51.1,2.6021,1.0792,1.1609,1.7084
8.6,14.1,7.8,392,4.2,10.1,13.1,4.371,0.092,8.1,4000,1.18,0.028,67.6,150,20.713,38.3,3.6021,2.1761,1.3162,1.5832
8.5,15.9,4.4,439,4.7,10.1,17.4,6.836,0.103,8.6,40,1.333,0.013,100.7,20,16.01,13.3,1.6021,1.301,1.2044,1.1239
8.9,15.9,5.1,411,6.1,13.1,18.2,6.029,0.132,9.7,220,1.965,0.012,104.4,10,19.421,29.6,2.3424,1,1.2883,1.4713
8,8.3,10.2,399,3.9,8.3,11,5.893,0.108,6.9,100,2.536,0.027,35.8,1,19.783,38.5,2,0,1.2963,1.5855
8.6,11.1,14.2,350,4.4,9.2,11.8,4.814,0.152,8.1,80,1.938,0.022,59.4,5,21.241,86.3,1.9031,0.699,1.3272,1.936
7.5,7.2,19.4,327,4,8.6,13.5,3.708,0.134,6.5,8,1.632,0.033,32.2,1,26.601,122.9,0.9031,0,1.4249,2.0896
8.2,6.1,23.8,275,4.7,11.2,19.1,2.979,0.117,8.1,55,1.019,0.023,40.9,20,34.232,172.3,1.7404,1.301,1.5344,2.2363
7.9,8.8,26.5,191,3.8,9.6,18.4,2.641,0.121,8.8,2900,0.297,0.05,27.7,1300,53.368,167,3.4624,3.1139,1.7273,2.2227
7.9,7.9,28.3,194,3.8,8.6,16,1.999,0.119,8,98,0.305,0.058,36.1,1,54.18,144.9,1.9912,0,1.7338,2.1611
7.3,6.8,23.4,173,2.8,6.9,17.7,2.511,0.128,5.1,330,0.243,0.086,14.1,97,60.086,259.3,2.5185,1.9868,1.7788,2.4138
7.7,8.6,19.8,230,2.4,5.3,11.2,3.072,0.082,3.8,2100,0.173,0.034,12,410,30.764,159,3.3222,2.6128,1.488,2.2014
8.1,10.4,14.4,337,3.5,7,12.3,3.692,0.047,6.3,450,0.259,0.017,34.8,10,13.34,14.6,2.6532,1,1.1252,1.1644
7.8,11.5,8.5,409,3.6,7.1,7.4,5.379,0.055,6,2000,1.75,0.025,23.8,520,13.058,40.7,3.301,2.716,1.1159,1.6096
