d15N,d18O,HIX,BIX,FI,month,spot,monsoon,stream1,stream2,date
3.87,1.59,6.32,0.69,1.32,April,JS-1,non_rain,upper,Main,`24.4.2.
4.2,3.13,4.56,0.7,1.36,April,JS-2,non_rain,upper,Tributary,`24.4.2.
4.48,2.11,5.02,0.7,1.31,April,JS-3,non_rain,upper,Main,`24.4.2.
2.32,2.49,5.37,0.69,1.32,April,JS-4,non_rain,upper,Tributary,`24.4.2.
4.56,2.34,5.07,0.7,1.4,April,JS-5,non_rain,upper,Main,`24.4.2.
5.29,1.96,5.69,0.68,1.28,April,JS-6,non_rain,upper,Tributary,`24.4.2.
5.16,1.99,4.43,0.67,1.34,April,JS-7,non_rain,upper,Main,`24.4.2.
12.37,1.23,2.83,0.72,1.44,April,JS-8,non_rain,upper,Tributary,`24.4.2.
8.4,4.9,4.02,0.71,1.34,April,JS-9,non_rain,upper,Main,`24.4.2.
6.75,1.97,1.36,0.74,1.38,April,JS-10,non_rain,upper,Tributary,`24.4.2.
8.77,6.38,3.31,0.82,1.28,April,JS-11,non_rain,upper,Main,`24.4.2.
6.9,1.1,4.35,0.88,1.44,April,JS-12,non_rain,upper,Tributary,`24.4.2.
9.17,3.61,3.69,0.73,1.36,April,JS-13,non_rain,middle,Main,`24.4.2.
6.52,2.88,4.68,0.76,1.38,April,JS-14,non_rain,middle,Tributary,`24.4.2.
8.77,3.77,3.83,0.75,1.44,April,JS-15,non_rain,middle,Main,`24.4.2.
8.74,2.49,5.27,0.76,1.34,April,JS-16,non_rain,middle,Tributary,`24.4.2.
8.71,4.45,4.04,0.76,1.31,April,JS-17,non_rain,middle,Main,`24.4.2.
5.41,2.25,3.96,0.73,1.31,April,JS-18,non_rain,middle,Tributary,`24.4.2.
8.2,3.53,3.93,0.75,1.32,April,JS-19,non_rain,middle,Main,`24.4.2.
8.59,3.51,3.56,0.78,1.36,April,JS-20,non_rain,middle,Tributary,`24.4.2.
8.75,4.05,3.61,0.82,1.32,April,JS-21,non_rain,middle,Main,`24.4.2.
7.48,1.74,4.33,0.85,1.32,April,JS-22,non_rain,middle,Tributary,`24.4.2.
6.54,12.27,3.73,0.83,1.36,April,JS-23,non_rain,middle,Main,`24.4.2.
7.52,3.73,4.07,0.78,1.34,April,JS-24,non_rain,middle,Tributary,`24.4.2.
7.69,4.36,3.98,0.82,1.37,April,JS-25,non_rain,lower,Main,`24.4.2.
8.29,2.86,3.87,0.79,1.32,April,JS-26,non_rain,lower,Tributary,`24.4.2.
6.91,5.44,4.53,0.81,1.33,April,JS-27,non_rain,lower,Main,`24.4.2.
8.3,3.67,4.9,0.83,1.35,April,JS-28,non_rain,lower,Tributary,`24.4.2.
7.02,4.09,4.55,0.79,1.35,April,JS-29,non_rain,lower,Main,`24.4.2.
9.19,2.41,5.74,0.75,1.39,April,JS-30,non_rain,lower,Tributary,`24.4.2.
7.59,5.01,4.01,0.77,1.35,April,JS-31,non_rain,lower,Main,`24.4.2.
9.95,3.7,5.02,0.77,1.33,April,JS-32,non_rain,lower,Tributary,`24.4.2.
10.21,2.8,3.17,0.95,1.41,April,JS-33,non_rain,lower,Tributary,`24.4.2.
7.58,4.32,3.99,0.8,1.36,April,JS-34,non_rain,lower,Main,`24.4.2.
12.01,5.67,5.09,0.81,1.36,April,JS-35,non_rain,lower,Tributary,`24.4.2.
8.58,4.87,4.03,0.8,1.31,April,JS-36,non_rain,lower,Main,`24.4.2.
3.78,2.01,6.03,0.69,1.3,April,JS-1,non_rain,upper,Main,`24.4.16.
4.27,2.37,4.76,0.7,1.27,April,JS-2,non_rain,upper,Tributary,`24.4.16.
4.5,2.29,5.33,0.7,1.24,April,JS-3,non_rain,upper,Main,`24.4.16.
2.41,2.35,5.87,0.62,1.26,April,JS-4,non_rain,upper,Tributary,`24.4.16.
4.56,2.99,5.53,0.69,1.33,April,JS-5,non_rain,upper,Main,`24.4.16.
5.95,2.46,5.62,0.7,1.33,April,JS-6,non_rain,upper,Tributary,`24.4.16.
5.22,3.37,7.17,0.67,1.29,April,JS-7,non_rain,upper,Main,`24.4.16.
9.08,4.62,4.07,0.71,1.3,April,JS-8,non_rain,upper,Tributary,`24.4.16.
9.08,4.05,5.06,0.72,1.35,April,JS-9,non_rain,upper,Main,`24.4.16.
7.47,1.41,5.11,0.73,1.32,April,JS-10,non_rain,upper,Tributary,`24.4.16.
12.43,3.41,4.46,0.72,1.37,April,JS-11,non_rain,upper,Main,`24.4.16.
6.71,1.62,3.52,0.82,1.37,April,JS-12,non_rain,upper,Tributary,`24.4.16.
10.07,4.31,4.73,0.74,1.36,April,JS-13,non_rain,middle,Main,`24.4.16.
6.86,2.61,5.3,0.75,1.31,April,JS-14,non_rain,middle,Tributary,`24.4.16.
9.47,5.39,2.85,1.07,1.37,April,JS-15,non_rain,middle,Main,`24.4.16.
11.14,1.94,2.48,0.82,1.35,April,JS-16,non_rain,middle,Tributary,`24.4.16.
10.29,4.78,5.18,0.76,1.38,April,JS-17,non_rain,middle,Main,`24.4.16.
5.64,1.22,5.46,0.79,1.36,April,JS-18,non_rain,middle,Tributary,`24.4.16.
10.58,3.54,5.36,0.75,1.33,April,JS-19,non_rain,middle,Main,`24.4.16.
8.69,2.75,4.71,0.78,1.35,April,JS-20,non_rain,middle,Tributary,`24.4.16.
9.78,3.68,4.4,0.87,1.34,April,JS-21,non_rain,middle,Main,`24.4.16.
13.1,1.02,2.78,1.36,1.45,April,JS-22,non_rain,middle,Tributary,`24.4.16.
9.05,7.36,3.76,0.85,1.41,April,JS-23,non_rain,middle,Main,`24.4.16.
8.14,7.11,4.61,0.77,1.34,April,JS-24,non_rain,middle,Tributary,`24.4.16.
9.05,5.2,4.34,0.86,1.37,April,JS-25,non_rain,lower,Main,`24.4.16.
8.6,4.27,4.93,0.79,1.31,April,JS-26,non_rain,lower,Tributary,`24.4.16.
8.96,8.98,5.07,0.75,1.28,April,JS-27,non_rain,lower,Main,`24.4.16.
10.22,3.58,4.81,0.79,1.36,April,JS-28,non_rain,lower,Tributary,`24.4.16.
10.5,7.16,3.87,0.83,1.34,April,JS-29,non_rain,lower,Main,`24.4.16.
14.01,3.85,6.54,0.82,1.43,April,JS-30,non_rain,lower,Tributary,`24.4.16.
10.41,4.92,4.04,0.83,1.37,April,JS-31,non_rain,lower,Main,`24.4.16.
9.1,6.2,6.39,0.69,1.24,April,JS-32,non_rain,lower,Tributary,`24.4.16.
11.43,0.84,3.74,0.95,1.41,April,JS-33,non_rain,lower,Tributary,`24.4.16.
10.5,5.06,4.11,0.88,1.4,April,JS-34,non_rain,lower,Main,`24.4.16.
12.62,5.42,5.9,0.8,1.4,April,JS-35,non_rain,lower,Tributary,`24.4.16.
10.89,4.53,4.25,0.85,1.4,April,JS-36,non_rain,lower,Main,`24.4.16.
3.3,2.48,5.34,0.71,1.29,May,JS-1,rain,upper,Main,`24.5.8.
3.52,3.04,5.04,0.69,1.22,May,JS-2,rain,upper,Tributary,`24.5.8.
3.61,2.16,5.35,0.68,1.26,May,JS-3,rain,upper,Main,`24.5.8.
1.81,2.22,5.23,0.65,1.23,May,JS-4,rain,upper,Tributary,`24.5.8.
3.85,2.26,5.23,0.69,1.27,May,JS-5,rain,upper,Main,`24.5.8.
4.38,2.24,1.09,2.74,1.3,May,JS-6,rain,upper,Tributary,`24.5.8.
3.64,1.17,5.86,0.65,1.33,May,JS-7,rain,upper,Main,`24.5.8.
8.39,1.86,4.31,0.77,1.36,May,JS-8,rain,upper,Tributary,`24.5.8.
5.99,1.63,5.7,0.73,1.34,May,JS-9,rain,upper,Main,`24.5.8.
6.11,1.21,5.3,0.7,1.32,May,JS-10,rain,upper,Tributary,`24.5.8.
8.26,1.58,4.81,0.7,1.34,May,JS-11,rain,upper,Main,`24.5.8.
6.84,2.23,4.26,0.81,1.39,May,JS-12,rain,upper,Tributary,`24.5.8.
6.5,1.95,5.14,0.71,1.27,May,JS-13,rain,middle,Main,`24.5.8.
5.18,2.31,5.26,0.72,1.3,May,JS-14,rain,middle,Tributary,`24.5.8.
6,1.41,5.97,0.72,1.3,May,JS-15,rain,middle,Main,`24.5.8.
7.27,1.99,2.58,1.72,1.32,May,JS-16,rain,middle,Tributary,`24.5.8.
6.14,1.89,2.91,1.2,1.28,May,JS-17,rain,middle,Main,`24.5.8.
5.11,2.8,4.09,0.77,1.25,May,JS-18,rain,middle,Tributary,`24.5.8.
5.9,1.97,5.31,0.61,1.34,May,JS-19,rain,middle,Main,`24.5.8.
6.79,2.69,4.26,0.99,1.39,May,JS-20,rain,middle,Tributary,`24.5.8.
6.79,2.49,5.02,0.75,1.32,May,JS-21,rain,middle,Main,`24.5.8.
5.7,-0.68,4.92,0.78,1.36,May,JS-22,rain,middle,Tributary,`24.5.8.
6.38,2.35,5.86,0.73,1.35,May,JS-23,rain,middle,Main,`24.5.8.
6.94,3.07,4.68,0.73,1.33,May,JS-24,rain,middle,Tributary,`24.5.8.
6.37,2.46,5.03,0.74,1.32,May,JS-25,rain,lower,Main,`24.5.8.
7.54,2.41,4.13,0.74,1.34,May,JS-26,rain,lower,Tributary,`24.5.8.
6.09,2.36,5.17,0.73,1.3,May,JS-27,rain,lower,Main,`24.5.8.
6.6,2.39,5.85,0.78,1.33,May,JS-28,rain,lower,Tributary,`24.5.8.
5.52,2.68,5.68,0.72,1.29,May,JS-29,rain,lower,Main,`24.5.8.
7.38,1.66,5.14,0.73,1.3,May,JS-30,rain,lower,Tributary,`24.5.8.
6.05,2.9,5.49,0.71,1.33,May,JS-31,rain,lower,Main,`24.5.8.
7.74,3.22,5.22,0.71,1.31,May,JS-32,rain,lower,Tributary,`24.5.8.
8.07,2.42,4.43,0.82,1.38,May,JS-33,rain,lower,Tributary,`24.5.8.
6.09,2.94,5.01,0.73,1.29,May,JS-34,rain,lower,Main,`24.5.8.
7.3,3.37,5.68,0.73,1.33,May,JS-35,rain,lower,Tributary,`24.5.8.
6.22,2.95,4.87,0.74,1.33,May,JS-36,rain,lower,Main,`24.5.8.
11.48,-0.39,6.68,0.72,1.31,May,JS-1,non_rain,upper,Main,`24.5.28.
6.27,2.06,5.75,0.69,1.29,May,JS-2,non_rain,upper,Tributary,`24.5.28.
7.17,1.43,6.08,0.7,1.24,May,JS-3,non_rain,upper,Main,`24.5.28.
-1.51,-4.58,6.54,0.67,1.27,May,JS-4,non_rain,upper,Tributary,`24.5.28.
5.73,1.85,6.1,0.69,1.31,May,JS-5,non_rain,upper,Main,`24.5.28.
5.15,1.12,7.11,0.68,1.3,May,JS-6,non_rain,upper,Tributary,`24.5.28.
5.49,0.44,7.24,0.69,1.3,May,JS-7,non_rain,upper,Main,`24.5.28.
9.11,7.68,6.69,0.7,1.32,May,JS-8,non_rain,upper,Tributary,`24.5.28.
8.7,4.07,6.63,0.7,1.29,May,JS-9,non_rain,upper,Main,`24.5.28.
10.93,1.68,7.34,0.74,1.36,May,JS-10,non_rain,upper,Tributary,`24.5.28.
8.42,4.56,6.77,0.74,1.32,May,JS-11,non_rain,upper,Main,`24.5.28.
5.75,1.47,5.76,0.7,1.28,May,JS-12,non_rain,upper,Tributary,`24.5.28.
8.01,4,6.48,0.74,1.32,May,JS-13,non_rain,middle,Main,`24.5.28.
8.84,2.7,5.85,0.73,1.32,May,JS-14,non_rain,middle,Tributary,`24.5.28.
8.58,6.7,6.41,0.72,1.32,May,JS-15,non_rain,middle,Main,`24.5.28.
7.21,4.17,4.5,0.72,1.35,May,JS-16,non_rain,middle,Tributary,`24.5.28.
9.04,6.43,6.18,0.72,1.36,May,JS-17,non_rain,middle,Main,`24.5.28.
8.87,1.45,5.4,0.74,1.41,May,JS-18,non_rain,middle,Tributary,`24.5.28.
10.48,6.58,6.51,0.74,1.36,May,JS-19,non_rain,middle,Main,`24.5.28.
8.19,3.22,5.36,0.76,1.33,May,JS-20,non_rain,middle,Tributary,`24.5.28.
9.77,3.74,5.06,0.81,1.35,May,JS-21,non_rain,middle,Main,`24.5.28.
20.17,-2.1,2.95,1.23,1.5,May,JS-22,non_rain,middle,Tributary,`24.5.28.
8.17,6.16,5.74,0.8,1.38,May,JS-23,non_rain,middle,Main,`24.5.28.
7.7,4.89,6.11,0.73,1.33,May,JS-24,non_rain,middle,Tributary,`24.5.28.
8.69,5.16,5.83,0.82,1.36,May,JS-25,non_rain,lower,Main,`24.5.28.
8.49,2.58,6.22,0.79,1.38,May,JS-26,non_rain,lower,Tributary,`24.5.28.
9.24,6.7,5.69,0.81,1.32,May,JS-27,non_rain,lower,Main,`24.5.28.
9.46,3.75,6.52,0.77,1.35,May,JS-28,non_rain,lower,Tributary,`24.5.28.
10.51,9.89,4.97,0.85,1.37,May,JS-29,non_rain,lower,Main,`24.5.28.
15.24,5.65,5.97,0.76,1.44,May,JS-30,non_rain,lower,Tributary,`24.5.28.
12.19,9.81,4.54,0.82,1.33,May,JS-31,non_rain,lower,Main,`24.5.28.
10.33,3.47,6.21,0.73,1.33,May,JS-32,non_rain,lower,Tributary,`24.5.28.
10.06,1.24,6.03,0.78,1.36,May,JS-33,non_rain,lower,Tributary,`24.5.28.
12.27,6.77,4.4,0.81,1.33,May,JS-34,non_rain,lower,Main,`24.5.28.
7.56,1.72,6.71,0.74,1.35,May,JS-35,non_rain,lower,Tributary,`24.5.28.
11.08,3.28,5.67,0.78,1.35,May,JS-36,non_rain,lower,Main,`24.5.28.
3.98,-0.49,8.15,0.69,1.25,June,JS-1,non_rain,upper,Main,`24.6.11.
7.05,2.16,6.26,0.68,1.28,June,JS-2,non_rain,upper,Tributary,`24.6.11.
7.81,2.87,7.11,0.72,1.28,June,JS-3,non_rain,upper,Main,`24.6.11.
7.62,0.31,6.68,0.67,1.3,June,JS-4,non_rain,upper,Tributary,`24.6.11.
7.23,4.27,6.22,0.66,1.3,June,JS-5,non_rain,upper,Main,`24.6.11.
5.52,-1.41,8.39,0.66,1.27,June,JS-6,non_rain,upper,Tributary,`24.6.11.
7.76,2.1,6.93,0.69,1.29,June,JS-7,non_rain,upper,Main,`24.6.11.
9.16,13.54,7.29,0.71,1.38,June,JS-8,non_rain,upper,Tributary,`24.6.11.
9.05,7.58,6.03,0.74,1.34,June,JS-9,non_rain,upper,Main,`24.6.11.
11.99,4.31,8.51,0.72,1.39,June,JS-10,non_rain,upper,Tributary,`24.6.11.
5.98,9.96,7.76,0.76,1.32,June,JS-11,non_rain,upper,Main,`24.6.11.
5.91,4.4,5.75,0.76,1.35,June,JS-12,non_rain,upper,Tributary,`24.6.11.
7.97,6.34,6.68,0.73,1.3,June,JS-13,non_rain,middle,Main,`24.6.11.
8.32,3.18,10.03,0.69,1.31,June,JS-14,non_rain,middle,Tributary,`24.6.11.
8.88,7.56,8.32,0.72,1.35,June,JS-15,non_rain,middle,Main,`24.6.11.
6.38,1.42,8.32,0.73,1.33,June,JS-16,non_rain,middle,Tributary,`24.6.11.
9.25,5.33,8.61,0.75,1.31,June,JS-17,non_rain,middle,Main,`24.6.11.
8.56,2.98,5.73,0.76,1.35,June,JS-18,non_rain,middle,Tributary,`24.6.11.
10.05,6.47,7.16,0.73,1.34,June,JS-19,non_rain,middle,Main,`24.6.11.
5.16,10.28,6.76,0.73,1.32,June,JS-20,non_rain,middle,Tributary,`24.6.11.
9.02,2.76,5.52,0.81,1.38,June,JS-21,non_rain,middle,Main,`24.6.11.
19.38,3.14,2.98,1.25,1.53,June,JS-22,non_rain,middle,Tributary,`24.6.12.
8.26,5.61,6.64,0.79,1.35,June,JS-23,non_rain,middle,Main,`24.6.12.
7.89,0.1,7.83,0.78,1.33,June,JS-24,non_rain,middle,Tributary,`24.6.12.
8.49,5.03,6.95,0.79,1.34,June,JS-25,non_rain,lower,Main,`24.6.12.
8.32,2.76,8.4,0.75,1.38,June,JS-26,non_rain,lower,Tributary,`24.6.12.
7.37,8.71,7.68,0.77,1.33,June,JS-27,non_rain,lower,Main,`24.6.12.
4.73,1.03,7.23,0.71,1.32,June,JS-28,non_rain,lower,Tributary,`24.6.12.
11.11,8.88,6.01,0.81,1.32,June,JS-29,non_rain,lower,Main,`24.6.12.
9.15,5.78,6.11,0.78,1.38,June,JS-30,non_rain,lower,Tributary,`24.6.12.
11.59,8.86,6.11,0.8,1.36,June,JS-31,non_rain,lower,Main,`24.6.12.
12.06,4.85,6.8,0.75,1.33,June,JS-32,non_rain,lower,Tributary,`24.6.12.
9.63,2.5,6.59,0.76,1.36,June,JS-33,non_rain,lower,Tributary,`24.6.12.
11.8,8.14,6.14,0.84,1.32,June,JS-34,non_rain,lower,Main,`24.6.12.
8.84,3.22,5.78,0.78,1.35,June,JS-35,non_rain,lower,Tributary,`24.6.12.
10.72,4.22,6.27,0.77,1.37,June,JS-36,non_rain,lower,Main,`24.6.12.
6.12,1.97,6.97,0.65,1.26,June,JS-1,non_rain,upper,Main,`24.6.25.
6.55,1.17,6.82,0.7,1.31,June,JS-2,non_rain,upper,Tributary,`24.6.25.
7.43,2.73,6.91,0.68,1.3,June,JS-3,non_rain,upper,Main,`24.6.25.
6.53,0.43,6.93,0.67,1.27,June,JS-4,non_rain,upper,Tributary,`24.6.25.
7.01,3.91,5.26,0.82,1.3,June,JS-5,non_rain,upper,Main,`24.6.25.
6.21,-0.51,7.94,0.65,1.27,June,JS-6,non_rain,upper,Tributary,`24.6.25.
7.7,2.04,8.41,0.67,1.27,June,JS-7,non_rain,upper,Main,`24.6.25.
10.48,12.49,7.69,0.73,1.36,June,JS-8,non_rain,upper,Tributary,`24.6.25.
8.81,4.87,6.62,0.76,1.29,June,JS-9,non_rain,upper,Main,`24.6.25.
10.86,1.1,9.47,0.71,1.35,June,JS-10,non_rain,upper,Tributary,`24.6.25.
7.56,5.75,7.9,0.76,1.3,June,JS-11,non_rain,upper,Main,`24.6.25.
8.78,2.46,7.21,0.74,1.38,June,JS-12,non_rain,upper,Tributary,`24.6.25.
9.63,3.12,7.71,0.73,1.28,June,JS-13,non_rain,middle,Main,`24.6.25.
5.39,-2.71,10.36,0.67,1.34,June,JS-14,non_rain,middle,Tributary,`24.6.25.
9.68,3.41,8.86,0.72,1.3,June,JS-15,non_rain,middle,Main,`24.6.25.
4.48,-3.74,8.93,0.7,1.35,June,JS-16,non_rain,middle,Tributary,`24.6.25.
9.07,1.86,8.92,0.71,1.33,June,JS-17,non_rain,middle,Main,`24.6.25.
8.57,2.31,5.37,0.76,1.32,June,JS-18,non_rain,middle,Tributary,`24.6.25.
8.5,4.31,8.29,0.74,1.29,June,JS-19,non_rain,middle,Main,`24.6.25.
7.82,2.5,7.99,0.72,1.33,June,JS-20,non_rain,middle,Tributary,`24.6.25.
8.67,2.59,6.49,0.78,1.32,June,JS-21,non_rain,middle,Main,`24.6.25.
17.45,3.43,3.87,1.12,1.47,June,JS-22,non_rain,middle,Tributary,`24.6.25.
8.4,4.21,7.09,0.76,1.3,June,JS-23,non_rain,middle,Main,`24.6.25.
6.67,-0.71,8.59,0.81,1.37,June,JS-24,non_rain,middle,Tributary,`24.6.25.
8.73,3.22,5.54,0.88,1.35,June,JS-25,non_rain,lower,Main,`24.6.25.
8.03,2.42,7.88,0.72,1.37,June,JS-26,non_rain,lower,Tributary,`24.6.25.
8.59,5.72,7.8,0.74,1.32,June,JS-27,non_rain,lower,Main,`24.6.25.
9.61,3.81,7.53,0.75,1.33,June,JS-28,non_rain,lower,Tributary,`24.6.25.
7.91,4.46,7.47,0.75,1.29,June,JS-29,non_rain,lower,Main,`24.6.25.
12.22,6.25,7.26,0.76,1.4,June,JS-30,non_rain,lower,Tributary,`24.6.25.
8.25,3.45,7.57,0.74,1.31,June,JS-31,non_rain,lower,Main,`24.6.25.
8.81,2.65,7.62,0.74,1.3,June,JS-32,non_rain,lower,Tributary,`24.6.25.
7.21,-0.72,7.54,0.72,1.31,June,JS-33,non_rain,lower,Tributary,`24.6.25.
7.76,2.06,7.74,0.74,1.3,June,JS-34,non_rain,lower,Main,`24.6.25.
10.16,1.11,8.33,0.72,1.32,June,JS-35,non_rain,lower,Tributary,`24.6.25.
9.77,3.2,7.31,0.77,1.32,June,JS-36,non_rain,lower,Main,`24.6.25.
6.11,2.89,7.8,0.68,1.27,July,JS-1,rain,upper,Main,`24.7.9.
3.81,2.95,6.59,0.67,1.23,July,JS-2,rain,upper,Tributary,`24.7.9.
4.62,2.84,6.97,0.66,1.32,July,JS-3,rain,upper,Main,`24.7.9.
6.03,1.99,6.65,0.65,1.26,July,JS-4,rain,upper,Tributary,`24.7.9.
4.99,2.78,4.87,0.8,1.27,July,JS-5,rain,upper,Main,`24.7.9.
6.02,1.75,7.13,0.69,1.28,July,JS-6,rain,upper,Tributary,`24.7.9.
5.99,2.52,7.5,0.68,1.31,July,JS-7,rain,upper,Main,`24.7.9.
11.9,5.72,6.92,0.68,1.38,July,JS-8,rain,upper,Tributary,`24.7.9.
8.87,4.33,6.06,0.67,1.29,July,JS-9,rain,upper,Main,`24.7.9.
7,0.8,7.88,0.62,1.27,July,JS-10,rain,upper,Tributary,`24.7.9.
9.21,4.83,6.81,0.69,1.29,July,JS-11,rain,upper,Main,`24.7.9.
6.29,2.6,5.62,0.74,1.34,July,JS-12,rain,upper,Tributary,`24.7.9.
8.46,3.28,7.45,0.71,1.36,July,JS-13,rain,middle,Main,`24.7.9.
9.51,-0.05,10.61,0.67,1.35,July,JS-14,rain,middle,Tributary,`24.7.9.
8.83,2.51,7.48,0.7,1.32,July,JS-15,rain,middle,Main,`24.7.9.
8.56,0.56,8.88,0.67,1.34,July,JS-16,rain,middle,Tributary,`24.7.9.
8.73,2.43,8.18,0.7,1.32,July,JS-17,rain,middle,Main,`24.7.9.
8.97,0.02,5.96,0.73,1.4,July,JS-18,rain,middle,Tributary,`24.7.9.
8.94,2.55,8.08,0.7,1.33,July,JS-19,rain,middle,Main,`24.7.9.
7.36,1.4,6.68,0.73,1.32,July,JS-20,rain,middle,Tributary,`24.7.9.
8.72,1.45,7.06,0.79,1.35,July,JS-21,rain,middle,Main,`24.7.9.
10.63,-0.49,4.83,0.94,1.39,July,JS-22,rain,middle,Tributary,`24.7.9.
8.49,0.88,7.21,0.75,1.38,July,JS-23,rain,middle,Main,`24.7.9.
8.81,2.57,9.07,0.77,1.37,July,JS-24,rain,middle,Tributary,`24.7.9.
8.29,1.21,7.04,0.76,1.35,July,JS-25,rain,lower,Main,`24.7.9.
9.08,1.4,6.74,0.72,1.34,July,JS-26,rain,lower,Tributary,`24.7.9.
8.57,2.86,6.4,0.74,1.32,July,JS-27,rain,lower,Main,`24.7.9.
9.38,3.81,6.5,0.75,1.31,July,JS-28,rain,lower,Tributary,`24.7.9.
9.07,2.54,6.78,0.73,1.34,July,JS-29,rain,lower,Main,`24.7.9.
13.35,3.66,5.8,0.78,1.4,July,JS-30,rain,lower,Tributary,`24.7.9.
9.42,2.26,7.38,0.74,1.3,July,JS-31,rain,lower,Main,`24.7.9.
9.68,2.73,7.8,0.72,1.33,July,JS-32,rain,lower,Tributary,`24.7.9.
5.7,4.75,5.56,0.74,1.34,July,JS-33,rain,lower,Tributary,`24.7.9.
9.36,2.82,7.41,0.75,1.32,July,JS-34,rain,lower,Main,`24.7.9.
10.91,6.07,7.21,0.78,1.37,July,JS-35,rain,lower,Tributary,`24.7.9.
9.63,2.47,7.23,0.74,1.37,July,JS-36,rain,lower,Main,`24.7.9.
4.04,3.23,5.61,0.68,1.31,July,JS-1,rain,upper,Main,`24.7.23.
4.16,3.24,6.74,0.67,1.23,July,JS-2,rain,upper,Tributary,`24.7.23.
4.56,3.31,4.83,0.65,1.25,July,JS-3,rain,upper,Main,`24.7.23.
3.74,3.08,8.9,0.62,1.23,July,JS-4,rain,upper,Tributary,`24.7.23.
4.84,3.06,7.66,0.64,1.28,July,JS-5,rain,upper,Main,`24.7.23.
5.85,3.45,7.08,0.66,1.28,July,JS-6,rain,upper,Tributary,`24.7.23.
5.44,3.11,6.65,0.66,1.3,July,JS-7,rain,upper,Main,`24.7.23.
6.88,4.84,5.07,0.69,1.3,July,JS-8,rain,upper,Tributary,`24.7.23.
6.38,4.01,5.32,0.71,1.23,July,JS-9,rain,upper,Main,`24.7.23.
5.6,3.19,5.25,0.67,1.2,July,JS-10,rain,upper,Tributary,`24.7.23.
7.77,4.05,6.58,0.67,1.31,July,JS-11,rain,upper,Main,`24.7.23.
5.33,2.58,5.35,0.75,1.34,July,JS-12,rain,upper,Tributary,`24.7.23.
6.31,3.55,5.42,0.72,1.34,July,JS-13,rain,middle,Main,`24.7.23.
6.58,3.86,6.76,0.69,1.31,July,JS-14,rain,middle,Tributary,`24.7.23.
6.33,4.24,4.89,0.7,1.31,July,JS-15,rain,middle,Main,`24.7.23.
7.76,3.75,7.71,0.7,1.31,July,JS-16,rain,middle,Tributary,`24.7.23.
6.59,4.16,6.13,0.72,1.31,July,JS-17,rain,middle,Main,`24.7.23.
5.72,3.28,5.16,0.71,1.24,July,JS-18,rain,middle,Tributary,`24.7.23.
6.53,3.1,4.71,0.71,1.25,July,JS-19,rain,middle,Main,`24.7.23.
7.25,2.84,7.36,0.76,1.33,July,JS-20,rain,middle,Tributary,`24.7.23.
7.18,3.1,5.38,0.7,1.33,July,JS-21,rain,middle,Main,`24.7.23.
7.13,2.15,5.28,0.75,1.37,July,JS-22,rain,middle,Tributary,`24.7.23.
7.25,3.07,7.18,0.72,1.29,July,JS-23,rain,middle,Main,`24.7.23.
6.62,3.69,4.92,0.75,1.29,July,JS-24,rain,middle,Tributary,`24.7.23.
6.96,2.81,6.3,0.72,1.31,July,JS-25,rain,lower,Main,`24.7.23.
7.96,2.08,5.17,0.72,1.31,July,JS-26,rain,lower,Tributary,`24.7.23.
7.24,3.14,5.24,0.7,1.29,July,JS-27,rain,lower,Main,`24.7.23.
7.14,3.58,6.09,0.77,1.36,July,JS-28,rain,lower,Tributary,`24.7.23.
6.6,2.85,5.72,0.69,1.29,July,JS-29,rain,lower,Main,`24.7.23.
8.79,2.52,6.95,0.75,1.34,July,JS-30,rain,lower,Tributary,`24.7.23.
6.78,3,5.74,0.71,1.29,July,JS-31,rain,lower,Main,`24.7.23.
9.19,3.3,6.74,0.75,1.31,July,JS-32,rain,lower,Tributary,`24.7.23.
8.93,2.5,6.23,0.8,1.35,July,JS-33,rain,lower,Tributary,`24.7.23.
6.89,2.83,6.71,0.7,1.31,July,JS-34,rain,lower,Main,`24.7.23.
8.34,3.67,,,,July,JS-35,rain,lower,Tributary,`24.7.23.
7.51,2.96,6.66,0.7,1.3,July,JS-36,rain,lower,Main,`24.7.23.
6.48,4.31,8.10 ,0.71 ,1.27 ,August,JS-1,non_rain,upper,Main,`24.8.7.
7.12,2.07,7.28 ,0.71 ,1.28 ,August,JS-2,non_rain,upper,Tributary,`24.8.7.
7.98,3.39,5.41 ,0.70 ,1.32 ,August,JS-3,non_rain,upper,Main,`24.8.7.
7.23,2.39,8.89 ,0.66 ,1.28 ,August,JS-4,non_rain,upper,Tributary,`24.8.7.
7.29,5.72,5.72 ,0.69 ,1.23 ,August,JS-5,non_rain,upper,Main,`24.8.7.
6.94,4.21,6.19 ,0.64 ,1.30 ,August,JS-6,non_rain,upper,Tributary,`24.8.7.
8.08,4.28,6.37 ,0.70 ,1.32 ,August,JS-7,non_rain,upper,Main,`24.8.7.
11.84,8.41,6.23 ,0.73 ,1.31 ,August,JS-8,non_rain,upper,Tributary,`24.8.7.
9.56,7.55,5.90 ,0.71 ,1.33 ,August,JS-9,non_rain,upper,Main,`24.8.7.
9.84,3.75,6.16 ,0.69 ,1.31 ,August,JS-10,non_rain,upper,Tributary,`24.8.7.
9.8,5.49,6.08 ,0.73 ,1.31 ,August,JS-11,non_rain,upper,Main,`24.8.7.
7.64,3.6,4.55 ,0.76 ,1.30 ,August,JS-12,non_rain,upper,Tributary,`24.8.7.
8.89,4.53,4.80 ,0.74 ,1.32 ,August,JS-13,non_rain,middle,Main,`24.8.7.
8.78,3.66,9.60 ,0.69 ,1.37 ,August,JS-14,non_rain,middle,Tributary,`24.8.7.
8.91,3.92,5.09 ,0.73 ,1.35 ,August,JS-15,non_rain,middle,Main,`24.8.7.
8.86,3.47,8.57 ,0.74 ,1.33 ,August,JS-16,non_rain,middle,Tributary,`24.8.7.
9.4,3.55,8.22 ,0.79 ,1.30 ,August,JS-17,non_rain,middle,Main,`24.8.7.
10.18,2.07,7.36 ,0.72 ,1.34 ,August,JS-18,non_rain,middle,Tributary,`24.8.7.
9.58,3.37,5.54 ,0.76 ,1.27 ,August,JS-19,non_rain,middle,Main,`24.8.7.
9.19,3.42,6.66 ,0.77 ,1.34 ,August,JS-20,non_rain,middle,Tributary,`24.8.7.
10.18,2.82,5.31 ,0.79 ,1.34 ,August,JS-21,non_rain,middle,Main,`24.8.7.
18.36,-1.54,3.90 ,1.15 ,1.44 ,August,JS-22,non_rain,middle,Tributary,`24.8.7.
9.26,2.59,5.32 ,0.79 ,1.38 ,August,JS-23,non_rain,middle,Main,`24.8.7.
7.7,2.22,6.16 ,0.79 ,1.37 ,August,JS-24,non_rain,middle,Tributary,`24.8.7.
8.88,3.25,5.28 ,0.78 ,1.35 ,August,JS-25,non_rain,lower,Main,`24.8.7.
7.78,2.31,6.31 ,0.73 ,1.28 ,August,JS-26,non_rain,lower,Tributary,`24.8.7.
10.16,5.48,5.67 ,0.81 ,1.33 ,August,JS-27,non_rain,lower,Main,`24.8.7.
6.4,4.04,7.36 ,0.77 ,1.36 ,August,JS-28,non_rain,lower,Tributary,`24.8.7.
8.77,4.63,5.59 ,0.79 ,1.34 ,August,JS-29,non_rain,lower,Main,`24.8.7.
13.99,6.17,7.62 ,0.79 ,1.38 ,August,JS-30,non_rain,lower,Tributary,`24.8.7.
9.02,4.45,5.48 ,0.76 ,1.34 ,August,JS-31,non_rain,lower,Main,`24.8.7.
9.96,4.86,6.23 ,0.79 ,1.36 ,August,JS-32,non_rain,lower,Tributary,`24.8.7.
10.63,2.47,5.45 ,0.86 ,1.37 ,August,JS-33,non_rain,lower,Tributary,`24.8.7.
9.52,4.3,6.46 ,0.77 ,1.30 ,August,JS-34,non_rain,lower,Main,`24.8.7.
9.29,4,5.67 ,0.76 ,1.33 ,August,JS-35,non_rain,lower,Tributary,`24.8.7.
10.68,3.97,5.87 ,0.78 ,1.31 ,August,JS-36,non_rain,lower,Main,`24.8.7.
7.02,1.72,8.67 ,0.69 ,1.30 ,August,JS-1,non_rain,upper,Main,`24.8.27.
10.19,4.17,7.04 ,0.70 ,1.29 ,August,JS-2,non_rain,upper,Tributary,`24.8.27.
9.24,4.72,7.91 ,0.71 ,1.34 ,August,JS-3,non_rain,upper,Main,`24.8.27.
6.89,0.98,8.01 ,0.67 ,1.27 ,August,JS-4,non_rain,upper,Tributary,`24.8.27.
9.21,2.58,5.62 ,0.73 ,1.32 ,August,JS-5,non_rain,upper,Main,`24.8.27.
8.05,1.92,5.45 ,0.69 ,1.35 ,August,JS-6,non_rain,upper,Tributary,`24.8.27.
9.14,2.24,5.93 ,0.69 ,1.29 ,August,JS-7,non_rain,upper,Main,`24.8.27.
8.84,11.7,6.30 ,0.73 ,1.36 ,August,JS-8,non_rain,upper,Tributary,`24.8.27.
9.59,7.67,6.03 ,0.74 ,1.33 ,August,JS-9,non_rain,upper,Main,`24.8.27.
9.7,-0.45,6.63 ,0.77 ,1.38 ,August,JS-10,non_rain,upper,Tributary,`24.8.27.
8.35,8.55,5.84 ,0.74 ,1.37 ,August,JS-11,non_rain,upper,Main,`24.8.27.
7.25,2.76,5.13 ,0.74 ,1.35 ,August,JS-12,non_rain,upper,Tributary,`24.8.27.
7.76,6.5,6.07 ,0.73 ,1.35 ,August,JS-13,non_rain,middle,Main,`24.8.27.
7.51,2.52,8.21 ,0.72 ,1.36 ,August,JS-14,non_rain,middle,Tributary,`24.8.27.
7.41,4.71,5.82 ,0.73 ,1.30 ,August,JS-15,non_rain,middle,Main,`24.8.27.
7.64,5.69,6.94 ,0.70 ,1.35 ,August,JS-16,non_rain,middle,Tributary,`24.8.27.
7.67,5.16,6.65 ,0.73 ,1.31 ,August,JS-17,non_rain,middle,Main,`24.8.27.
8.68,2.03,6.45 ,0.74 ,1.32 ,August,JS-18,non_rain,middle,Tributary,`24.8.27.
8.79,4.2,6.20 ,0.71 ,1.31 ,August,JS-19,non_rain,middle,Main,`24.8.27.
11.42,2.79,7.04 ,0.77 ,1.31 ,August,JS-20,non_rain,middle,Tributary,`24.8.27.
9.89,2.56,5.73 ,0.77 ,1.35 ,August,JS-21,non_rain,middle,Main,`24.8.27.
17.27,2.92,4.39 ,0.91 ,1.40 ,August,JS-22,non_rain,middle,Tributary,`24.8.27.
10.08,3.24,4.51 ,0.80 ,1.34 ,August,JS-23,non_rain,middle,Main,`24.8.27.
7.85,3.26,5.97 ,0.78 ,1.36 ,August,JS-24,non_rain,middle,Tributary,`24.8.27.
9.86,2.83,6.63 ,0.79 ,1.30 ,August,JS-25,non_rain,lower,Main,`24.8.27.
9.98,3.92,4.84 ,0.76 ,1.37 ,August,JS-26,non_rain,lower,Tributary,`24.8.27.
9.65,3.86,5.30 ,0.81 ,1.31 ,August,JS-27,non_rain,lower,Main,`24.8.27.
10.56,3.04,7.52 ,0.75 ,1.37 ,August,JS-28,non_rain,lower,Tributary,`24.8.27.
9.46,5.88,5.65 ,0.80 ,1.32 ,August,JS-29,non_rain,lower,Main,`24.8.27.
13.92,6.38,8.13 ,0.76 ,1.42 ,August,JS-30,non_rain,lower,Tributary,`24.8.27.
10.47,4.58,5.07 ,0.78 ,1.36 ,August,JS-31,non_rain,lower,Main,`24.8.27.
10.58,2.88,5.98 ,0.76 ,1.32 ,August,JS-32,non_rain,lower,Tributary,`24.8.27.
10.77,0.17,5.61 ,0.84 ,1.38 ,August,JS-33,non_rain,lower,Tributary,`24.8.27.
10.85,4.29,5.09 ,0.76 ,1.32 ,August,JS-34,non_rain,lower,Main,`24.8.27.
10.58,2.82,6.58 ,0.78 ,1.36 ,August,JS-35,non_rain,lower,Tributary,`24.8.27.
11.38,3.18,5.74 ,0.78 ,1.34 ,August,JS-36,non_rain,lower,Main,`24.8.27.
6.82,2.14,5.97 ,0.72 ,1.27 ,September,JS-1,non_rain,upper,Main,`24.9.10.
9.64,5.64,6.71 ,0.77 ,1.38 ,September,JS-2,non_rain,upper,Tributary,`24.9.10.
8.95,4.49,6.22 ,0.75 ,1.37 ,September,JS-3,non_rain,upper,Main,`24.9.10.
6.06,1.17,6.03 ,0.66 ,1.31 ,September,JS-4,non_rain,upper,Tributary,`24.9.10.
8.14,2.14,5.66 ,0.76 ,1.33 ,September,JS-5,non_rain,upper,Main,`24.9.10.
8.14,2.48,5.71 ,0.70 ,1.34 ,September,JS-6,non_rain,upper,Tributary,`24.9.10.
8.52,2.49,6.18 ,0.74 ,1.39 ,September,JS-7,non_rain,upper,Main,`24.9.10.
11.91,12.7,6.02 ,0.75 ,1.38 ,September,JS-8,non_rain,upper,Tributary,`24.9.10.
11.4,7.81,5.47 ,0.74 ,1.33 ,September,JS-9,non_rain,upper,Main,`24.9.10.
10.39,2.93,7.07 ,0.73 ,1.40 ,September,JS-10,non_rain,upper,Tributary,`24.9.10.
9.13,8.59,5.97 ,0.76 ,1.32 ,September,JS-11,non_rain,upper,Main,`24.9.10.
9.24,4.13,4.82 ,0.75 ,1.37 ,September,JS-12,non_rain,upper,Tributary,`24.9.10.
9.93,6.68,5.96 ,0.75 ,1.31 ,September,JS-13,non_rain,middle,Main,`24.9.10.
9.4,4.03,6.94 ,0.75 ,1.37 ,September,JS-14,non_rain,middle,Tributary,`24.9.10.
9.16,6.76,6.68 ,0.73 ,1.31 ,September,JS-15,non_rain,middle,Main,`24.9.10.
9.92,5.32,7.86 ,0.72 ,1.32 ,September,JS-16,non_rain,middle,Tributary,`24.9.10.
9.57,4.54,6.72 ,0.73 ,1.33 ,September,JS-17,non_rain,middle,Main,`24.9.10.
8.37,2.06,6.91 ,0.69 ,1.29 ,September,JS-18,non_rain,middle,Tributary,`24.9.10.
7.99,4.23,6.79 ,0.73 ,1.31 ,September,JS-19,non_rain,middle,Main,`24.9.10.
10.21,3.52,6.25 ,0.74 ,1.31 ,September,JS-20,non_rain,middle,Tributary,`24.9.10.
8.97,2.99,6.01 ,0.80 ,1.33 ,September,JS-21,non_rain,middle,Main,`24.9.10.
14.28,2.68,4.49 ,0.98 ,1.43 ,September,JS-22,non_rain,middle,Tributary,`24.9.10.
8.2,3.7,5.75 ,0.75 ,1.34 ,September,JS-23,non_rain,middle,Main,`24.9.10.
8.46,3.57,6.64 ,0.75 ,1.36 ,September,JS-24,non_rain,middle,Tributary,`24.9.10.
8.22,4.79,6.55 ,0.76 ,1.27 ,September,JS-25,non_rain,lower,Main,`24.9.10.
9.67,4.28,6.00 ,0.74 ,1.34 ,September,JS-26,non_rain,lower,Tributary,`24.9.10.
8.64,5.61,6.78 ,0.77 ,1.32 ,September,JS-27,non_rain,lower,Main,`24.9.10.
10.41,3.55,5.97 ,0.77 ,1.34 ,September,JS-28,non_rain,lower,Tributary,`24.9.10.
8.13,4.69,6.54 ,0.74 ,1.31 ,September,JS-29,non_rain,lower,Main,`24.9.10.
10.73,5.16,7.46 ,0.75 ,1.36 ,September,JS-30,non_rain,lower,Tributary,`24.9.10.
8.43,4.52,6.16 ,0.73 ,1.31 ,September,JS-31,non_rain,lower,Main,`24.9.10.
13.02,4.28,6.50 ,0.75 ,1.32 ,September,JS-32,non_rain,lower,Tributary,`24.9.10.
10.99,4.58,5.08 ,0.86 ,1.37 ,September,JS-33,non_rain,lower,Tributary,`24.9.10.
8.61,4.58,6.06 ,0.74 ,1.30 ,September,JS-34,non_rain,lower,Main,`24.9.10.
9.18,4.43,6.67 ,0.74 ,1.36 ,September,JS-35,non_rain,lower,Tributary,`24.9.10.
11.63,3.26,6.21 ,0.75 ,1.33 ,September,JS-36,non_rain,lower,Main,`24.9.10.
3.79,2.09,7.17 ,0.67 ,1.26 ,September,JS-1,rain,upper,Main,`24.9.24.
4.98,1.2,4.92 ,0.71 ,1.26 ,September,JS-2,rain,upper,Tributary,`24.9.24.
4.98,1.47,5.69 ,0.67 ,1.20 ,September,JS-3,rain,upper,Main,`24.9.24.
2.75,2.54,5.05 ,0.65 ,1.24 ,September,JS-4,rain,upper,Tributary,`24.9.24.
4.99,1.62,5.80 ,0.68 ,1.24 ,September,JS-5,rain,upper,Main,`24.9.24.
5.13,1.68,5.74 ,0.67 ,1.25 ,September,JS-6,rain,upper,Tributary,`24.9.24.
6.46,2,6.99 ,0.69 ,1.31 ,September,JS-7,rain,upper,Main,`24.9.24.
9.15,2.52,4.61 ,0.71 ,1.34 ,September,JS-8,rain,upper,Tributary,`24.9.24.
7.09,2.09,5.68 ,0.70 ,1.30 ,September,JS-9,rain,upper,Main,`24.9.24.
5.73,1.39,5.37 ,0.71 ,1.29 ,September,JS-10,rain,upper,Tributary,`24.9.24.
8.28,2.52,7.17 ,0.70 ,1.34 ,September,JS-11,rain,upper,Main,`24.9.24.
8.29,1.39,5.08 ,0.80 ,1.36 ,September,JS-12,rain,upper,Tributary,`24.9.24.
7.46,2.1,6.15 ,0.73 ,1.25 ,September,JS-13,rain,middle,Main,`24.9.24.
4.81,2.5,5.92 ,0.70 ,1.33 ,September,JS-14,rain,middle,Tributary,`24.9.24.
7.03,2.77,6.16 ,0.72 ,1.33 ,September,JS-15,rain,middle,Main,`24.9.24.
6.74,2.6,6.19 ,0.68 ,1.31 ,September,JS-16,rain,middle,Tributary,`24.9.24.
7.25,3.13,6.12 ,0.73 ,1.32 ,September,JS-17,rain,middle,Main,`24.9.24.
2.63,0.05,6.17 ,0.67 ,1.26 ,September,JS-18,rain,middle,Tributary,`24.9.24.
6.38,1.05,5.99 ,0.70 ,1.28 ,September,JS-19,rain,middle,Main,`24.9.24.
6.1,-0.49,3.50 ,0.73 ,1.35 ,September,JS-20,rain,middle,Tributary,`24.9.24.
6.17,-0.3,5.88 ,0.73 ,1.32 ,September,JS-21,rain,middle,Main,`24.9.24.
7.52,-0.82,6.36 ,0.78 ,1.35 ,September,JS-22,rain,middle,Tributary,`24.9.24.
6.29,-0.36,6.64 ,0.71 ,1.31 ,September,JS-23,rain,middle,Main,`24.9.24.
4.39,0.76,6.04 ,0.71 ,1.29 ,September,JS-24,rain,middle,Tributary,`24.9.24.
6.15,0.93,5.68 ,0.71 ,1.30 ,September,JS-25,rain,lower,Main,`24.9.24.
7.27,0.54,4.85 ,0.71 ,1.27 ,September,JS-26,rain,lower,Tributary,`24.9.24.
6.5,0.08,6.27 ,0.73 ,1.29 ,September,JS-27,rain,lower,Main,`24.9.24.
6.02,0.03,6.57 ,0.77 ,1.35 ,September,JS-28,rain,lower,Tributary,`24.9.24.
5.81,0,5.70 ,0.71 ,1.34 ,September,JS-29,rain,lower,Main,`24.9.24.
8.5,-0.96,7.07 ,0.76 ,1.36 ,September,JS-30,rain,lower,Tributary,`24.9.24.
6.14,-0.39,6.27 ,0.73 ,1.30 ,September,JS-31,rain,lower,Main,`24.9.24.
9.78,0.77,7.99 ,0.73 ,1.34 ,September,JS-32,rain,lower,Tributary,`24.9.24.
7.44,0.61,5.68 ,0.78 ,1.34 ,September,JS-33,rain,lower,Tributary,`24.9.24.
6.43,0.53,6.72 ,0.72 ,1.26 ,September,JS-34,rain,lower,Main,`24.9.24.
7.04,0.66,6.16 ,0.70 ,1.34 ,September,JS-35,rain,lower,Tributary,`24.9.24.
6.43,0.03,6.11 ,0.72 ,1.29 ,September,JS-36,rain,lower,Main,`24.9.24.
