지점,일시,평균기온(°C),최저기온(°C),최저기온 시각(hhmi),최고기온(°C),최고기온 시각(hhmi),강수 계속시간(hr),10분 최다 강수량(mm),10분 최다강수량 시각(hhmi),1시간 최다강수량(mm),1시간 최다 강수량 시각(hhmi),일강수량(mm),최대 순간 풍속(m/s),최대 순간 풍속 풍향(16방위),최대 순간풍속 시각(hhmi),최대 풍속(m/s),최대 풍속 풍향(16방위),최대 풍속 시각(hhmi),평균 풍속(m/s),풍정합(100m),평균 이슬점온도(°C),최소 상대습도(%),최소 상대습도 시각(hhmi),평균 상대습도(%),평균 증기압(hPa),평균 현지기압(hPa),최고 해면기압(hPa),최고 해면기압 시각(hhmi),최저 해면기압(hPa),최저 해면기압 시각(hhmi),평균 해면기압(hPa),가조시간(hr),합계 일조시간(hr),1시간 최다일사 시각(hhmi),1시간 최다일사량(MJ/m2),합계 일사량(MJ/m2),일 최심신적설(cm),일 최심신적설 시각(hhmi),일 최심적설(cm),일 최심적설 시각(hhmi),합계 3시간 신적설(cm),평균 전운량(1/10),평균 중하층운량(1/10),평균 지면온도(°C),최저 초상온도(°C),평균 5cm 지중온도(°C),평균 10cm 지중온도(°C),평균 20cm 지중온도(°C),평균 30cm 지중온도(°C),0.5m 지중온도(°C),1.0m 지중온도(°C),1.5m 지중온도(°C),3.0m 지중온도(°C),5.0m 지중온도(°C),합계 대형증발량(mm),합계 소형증발량(mm),9-9강수(mm),안개 계속시간(hr)
156,2021-01-01,-.6,-5,607,3.5,1433,8.17,,,,,0,5.3,250,1516,3.5,250,1525,.9,770,-3.1,62,1554,83.1,4.9,1017.7,1028.7,1003,1025.4,2308,1026.7,9.8,4.3,1200,1.75,9,.3,842,11.8,1,.3,7.3,7,2.7,-2.7,,,,,,,,,,.8,1.2,,
156,2021-01-02,-.3,-3.2,2242,2.6,1324,7.28,,,,,.5,7.9,20,1546,4.4,50,1551,1.7,1494,-6.1,31,1522,67.8,4.1,1019.9,1032.3,2400,1025.3,13,1028.9,9.9,8.6,1200,2.14,12.54,2.2,721,5.9,721,2.2,3.8,3.3,2.1,-7,,,,,,,,,,1.5,2.2,,
156,2021-01-03,-.6,-3.5,804,3.7,1414,,,,,,,6.6,50,514,4.1,70,528,2.1,1790,-8.7,41,1124,54.6,3.2,1024.5,1035,943,1032.2,1421,1033.5,9.9,6.1,1200,1.93,10.37,,,3.6,1,,7.3,4.5,.5,-6.8,,,,,,,,,,1.2,1.7,,
156,2021-01-04,1.2,-3.6,601,6.9,1422,,,,,,,4.1,70,720,2.2,50,627,.7,630,-3.7,45,1318,71.8,4.7,1021.8,1033.7,147,1028.1,1819,1030.7,9.9,5.8,1200,1.94,10.07,,,2.9,1,,3.1,1.6,1.9,-6.4,,,,,,,,,,1.1,1.5,,
156,2021-01-05,-.2,-4,2348,3.5,1115,.62,,,,,0,8.5,50,1316,4.6,20,1325,1.9,1644,-6.4,45,1437,64.9,4,1020.3,1031.1,1132,1027.1,512,1029.2,9.9,3,1000,1.46,7.74,,,,,,8,5.6,1.5,-5.7,,,,,,,,,,1.1,1.5,,
156,2021-01-06,-2.4,-5.9,617,1.9,1512,4.83,,,,,1.2,8,340,2355,3.6,290,2357,1.7,1489,-8.2,43,1514,65.9,3.4,1016,1030.1,107,1020.8,2210,1025,9.9,6.9,1300,1.77,10.95,4.3,2359,4.3,2359,4.3,7.5,7,.8,-7.6,,,,,,,,,,1,1.5,,
156,2021-01-07,-8.4,-11.6,2332,-1.7,1,12.92,,,,,2,9.2,50,858,4,50,905,2.3,1992,-13.2,52,2021,69.1,2.3,1016.7,1028.2,1039,1021.8,1,1025.9,9.9,0,1300,.95,5.16,8.5,1209,11.3,1209,8.5,8.6,6.9,.8,-4,,,,,,,,,,.5,.7,,
156,2021-01-08,-9.9,-13.5,526,-5.5,1553,,,,,,,7.8,50,633,4.5,50,1033,2.5,2177,-17.1,41,1259,55.8,1.6,1015.6,1027.1,723,1022.5,1501,1024.9,9.9,8,1200,2.03,12.15,,,7.3,1,,2.8,2.8,.6,-7.4,,,,,,,,,,1,1.4,,
156,2021-01-09,-7.6,-11.6,305,-1.8,1413,.57,,,,,0,7.3,50,945,4.1,50,810,1.9,1611,-15.7,35,1244,52.6,1.8,1015.8,1027.3,2036,1021.7,1504,1024.9,10,8.9,1200,2.19,13.02,.2,1545,5,1,.2,1.9,1.9,.1,-8.2,,,,,,,,,,1.2,1.7,,
156,2021-01-10,-5.1,-10.7,604,1,1419,1.42,,,,,0,3.8,50,21,2.6,50,34,.8,687,-9,51,1249,74.3,3.2,1018.8,1029.5,911,1026.2,1411,1028,10,3.2,1200,2.1,9.5,,,4.2,1,,4.4,3.8,-.1,-9,,,,,,,,,,.8,1.1,,
156,2021-01-11,-2.1,-4.9,755,.2,1522,,,,,,,3.9,50,1830,2.6,50,1837,.7,590,-5.4,63,1543,78.6,4.1,1016.9,1029.6,949,1022.7,2339,1025.9,10,.1,1100,.84,5.82,,,3.5,1,,8.1,6.1,0,-8.7,,,,,,,,,,.5,.7,,
156,2021-01-12,-.5,-4.8,713,4,1413,4.53,,,,,0,5.6,230,1519,3.3,230,1527,.8,672,-3.7,44,1415,80.4,4.7,1010.5,1022.9,5,1017.3,1637,1019.4,10,5.3,1100,2.16,10.78,1.9,742,5,742,1.8,5.5,5.1,.1,-8.8,,,,,,,,,,1.2,1.7,,
156,2021-01-13,4.3,-2.2,711,11.4,1452,,,,,,,8.5,230,1458,5.4,200,1507,1.2,1044,.3,49,1303,77.5,6.3,1008.7,1019.9,2359,1014.9,1505,1017.4,10,8.1,1200,1.95,11.74,,,2.9,1,,3.4,3.4,.6,-5.8,,,,,,,,,,1.5,2.1,,
156,2021-01-14,6.6,.6,800,12.7,1548,,,,,,,4.7,160,1854,2.6,200,1707,.8,717,2.2,42,1700,76.8,7.2,1012.3,1023.3,942,1019.3,1509,1021,10,8.5,1200,2.04,12.16,,,,,,.1,.1,4.3,-4.1,,,,,,,,,,1.6,2.3,,
156,2021-01-15,7.9,3.4,556,15.5,1309,,,,,,,10.1,250,1405,5.6,230,1326,1.7,1498,5.1,61,1312,83.9,9,1009,1020.4,226,1014.4,1405,1017.6,10.1,2.2,1200,1.55,7.46,,,,,,8,6.1,5.9,-.8,,,,,,,,,,1.2,1.8,,
156,2021-01-16,.3,-2.2,2121,3.7,33,,,,,,,9.4,20,1330,4.7,20,1201,2.5,2187,-6.4,52,1202,60.9,3.8,1016.8,1029.4,2321,1018.8,1,1025.7,10.1,2.4,1200,1.61,7.43,,,,,,8.3,7.1,2.4,-3.1,,,,,,,,,,1.1,1.5,,
156,2021-01-17,-1.5,-4.7,744,2.1,1418,.87,,,,,0,7.2,50,1232,3.9,20,1105,1.9,1657,-8.5,37,1413,60.4,3.3,1019.4,1031.1,953,1025.9,2350,1028.4,10.1,9.1,1200,2.3,13.86,,,,,,4.6,2.8,1.8,-6.6,,,,,,,,,,1.2,1.8,,
156,2021-01-18,.6,-2.2,235,6,1450,11.63,,,,,4,10,250,1441,4.9,270,1443,1.7,1488,-3.3,35,1654,77.1,4.8,1014.4,1027.7,2358,1019.5,1343,1023.3,10.1,2.9,1300,1.53,5.69,8.5,1148,8.5,1148,8.5,8,7.1,.5,-3.3,,,,,,,,,,1,1.4,,
156,2021-01-19,-1.3,-5.3,729,3.6,1549,,,,,,,6.7,20,117,4,20,41,1.7,1433,-12.3,19,1614,46,2.4,1022,1032.8,1036,1027.6,2,1031,10.1,9.4,1200,2.32,14.39,,,.5,1,,0,0,1.6,-8,,,,,,,,,,1.7,2.4,,
156,2021-01-20,3.2,-3.8,715,10.7,1511,,,,,,,3.6,50,1409,2.2,20,1415,.7,629,-6.3,34,1449,51.1,3.9,1020.4,1032.1,635,1027.1,1623,1029.3,10.2,8.8,1200,2.24,13.68,,,,,,2.6,1,2.3,-7.1,,,,,,,,,,1.6,2.3,,
156,2021-01-21,7.6,3.7,802,12.2,1358,8.28,,,,,6.8,3.6,50,1632,2.2,50,1538,.8,698,4.4,57,1359,81.4,8.5,1014.4,1027.3,1,1019.3,2359,1023,10.2,2.5,1000,1.13,5.47,,,,,,8.3,5.5,5.1,.6,,,,,,,,,,.8,1.1,,
156,2021-01-22,9.4,7.8,1,11.5,1349,7.45,,,,,2.9,2.6,20,1441,1.6,20,1444,.4,316,9,95,1417,97.9,11.5,1009.6,1019.9,1058,1016.8,1639,1018.1,10.2,0,1100,.79,4.14,,,,,,9.9,7.1,8.6,6.2,,,,,,,,,,.5,.8,,8.67
156,2021-01-23,9.3,7.9,2325,11.5,1324,13.8,,,,,4,8.6,50,1940,4.4,70,1949,2.2,1859,8.8,91,1940,96.8,11.3,1008.7,1020,2309,1014.9,1401,1017.2,10.2,0,1200,.56,3.29,,,,,,10,7.3,8.3,6.4,,,,,,,,,,.5,.7,,
156,2021-01-24,8.8,4.8,733,14,1428,,,,,,,6.6,50,1525,3.8,50,1620,1.6,1382,3.2,41,1520,70.5,7.7,1015.6,1028.3,2333,1019.9,1,1024.2,10.3,8.4,1200,2.08,12.93,,,,,,3.6,0,7.5,.2,,,,,,,,,,1.9,2.7,,
156,2021-01-25,8.8,4.4,844,15.5,1539,,,,,,,3.8,20,1343,2.5,20,1350,.9,799,2.4,37,1621,66.8,7.3,1016.3,1028.1,1,1021.8,2154,1024.9,10.3,9.2,1300,2.17,13.75,,,,,,5.1,1.9,7.4,-.3,,,,,,,,,,2,2.8,,
156,2021-01-26,6.5,4.6,2351,8.8,1549,8.45,,,,,8.7,5.5,50,546,3.7,50,754,1.6,1423,5,74,457,90.6,8.7,1011.4,1022.5,1,1017.5,1516,1020.1,10.3,.1,1300,.77,3.79,,,,,,9.8,6.6,7.2,3.7,,,,,,,,,,.7,1,,
156,2021-01-27,5.1,2,749,10.3,1347,,,,,,,9.1,50,933,5.1,50,1131,2.4,2038,-8.5,14,1357,41.8,3.5,1013.6,1024.4,908,1020.7,2354,1022.3,10.4,7.9,1200,2.41,14.25,,,,,,4.9,0,5.2,-.8,,,,,,,,,,2.6,3.8,,
156,2021-01-28,.7,-4.3,2349,6.9,1127,10.98,,,,,1,12.9,320,1440,4.5,250,1216,1.6,1391,-4,36,12,71.8,4.6,1010.7,1025.1,2357,1015.8,1241,1019.5,10.4,3.6,1000,1.54,6.84,3.5,2308,3.5,2308,3.4,7.9,6.4,2.7,-3.1,,,,,,,,,,.8,1.2,,
156,2021-01-29,-3.2,-6.4,757,.4,1426,7.2,,,,,0,6.6,50,1556,3.2,20,1604,1.6,1390,-9.3,46,1520,63.8,3,1017.9,1028.3,2052,1024.9,14,1026.9,10.4,9,1200,2.45,15.34,.1,554,3.4,1,.1,2.5,2.5,3.4,-6.4,,,,,,,,,,1.4,2,,
156,2021-01-30,1.8,-5,346,9.3,1429,1.15,,,,,.1,8,270,1627,4.3,250,1634,.8,718,-2.5,53,1244,74,5.4,1018.6,1029.6,2358,1025.4,1408,1027.5,10.4,4.9,1300,1.88,9.81,,,,,,4.6,4.6,2.8,-6.8,,,,,,,,,,1,1.5,,
156,2021-01-31,6.2,-1,351,13.3,1338,2.68,,,,,1.8,8.2,180,1619,4.6,200,1351,1.4,1233,2.1,48,1341,77.6,7.2,1018,1030.1,347,1022.3,2356,1026.7,10.5,7.1,1300,2.01,11.52,,,,,,6,2.1,4.8,-6.1,,,,,,,,,,1.5,2.2,,
156,2021-02-01,8.3,4.1,2359,10.3,1427,6.77,,,,,11.6,6.8,340,2327,3.9,200,1438,1.7,1475,6.8,64,2334,90.6,10.1,1009.6,1022.2,1,1015.2,1440,1018.2,10.5,0,1000,.72,4.36,,,,,,9.1,5.8,8,2.6,,,,,,,,,,.9,1.3,,
156,2021-02-02,-1,-2.9,2035,4.1,1,,,,,,,8.9,50,423,4.4,20,1441,2.3,1997,-11.6,27,438,45.6,2.6,1017.6,1027.8,1046,1021.8,1,1026.6,10.5,9.6,1200,2.54,16.45,,,,,,.6,.6,2.7,-5.9,,,,,,,,,,1.7,2.5,,
156,2021-02-03,.3,-4.8,742,5.5,1534,2.15,,,,,0,5.8,50,605,3.6,50,732,1.5,1330,-9.8,19,1057,50.3,3,1017.8,1029.5,853,1023.4,2352,1026.7,10.6,8.9,1200,2.55,16.03,.3,113,.3,113,.3,2,1.5,3.3,-9.3,,,,,,,,,,2,2.9,,
156,2021-02-04,1.6,-1.4,2319,5.6,1605,1.3,,,,,1.1,6.5,360,454,3.7,20,644,1.3,1096,-9.2,23,1445,49.1,3.3,1018.2,1029,1031,1022.6,111,1027.1,10.6,9.9,1200,2.58,16.67,.3,152,.3,152,.3,1.3,.9,4.1,-6.1,,,,,,,,,,2.1,2.9,,
156,2021-02-05,2.8,-3,508,8.4,1455,,,,,,,3.5,230,1804,2.5,200,1808,1,844,-10.7,15,1704,41,2.8,1013.6,1028.1,1,1018.8,2117,1022.4,10.6,3.8,1200,2.25,11.02,,,,,,6.1,2,3,-6.9,,,,,,,,,,1.6,2.2,,
156,2021-02-06,5.7,-.2,711,11,1604,,,,,,,5.5,200,2001,3.5,230,1935,.9,774,.7,33,1,71.4,6.9,1009.2,1019,1,1016.2,1703,1017.8,10.6,1.1,1300,1.05,6.55,,,,,,6.9,6.4,4.2,-4.6,,,,,,,,,,.8,1.2,,
156,2021-02-07,7.4,2.5,2350,14.3,1406,,,,,,,6.2,20,1832,3.6,20,1839,1.1,927,.6,30,1410,65.8,6.7,1012.7,1025.3,2325,1018.3,416,1021.3,10.7,8.6,1200,2.26,14.14,,,,,,4,2.3,7.2,-1.1,,,,,,,,,,2.4,3.4,,
156,2021-02-08,.3,-1.7,2158,3.9,1342,,,,,,,8.2,70,1510,4.1,20,1517,1.9,1681,-11,19,1455,44.8,2.7,1019.5,1031,2244,1025.1,1,1028.5,10.7,9.8,1200,2.63,17.29,,,,,,0,0,3.3,-5.9,,,,,,,,,,2.1,3.1,,
156,2021-02-09,1.7,-3.6,658,8.6,1452,,,,,,,5.3,320,1605,3.3,50,540,1.4,1222,-11.1,17,1532,40.1,2.7,1019.9,1030.9,111,1026.5,1436,1028.8,10.7,9.9,1200,2.63,17.32,,,,,,0,0,3.4,-7.7,,,,,,,,,,2.3,3.3,,
156,2021-02-10,4,-2.8,734,11.7,1535,,,,,,,4.9,290,1739,2.4,320,1726,.8,702,-3.8,37,1536,58.1,4.8,1017.2,1028.3,57,1023.4,1455,1026,10.8,9.2,1200,2.48,15.93,,,,,,2,0,4.4,-6.9,,,,,,,,,,1.8,2.5,,
156,2021-02-11,6.4,1,710,11.6,1511,,,,,,,4.5,200,1943,2.9,200,1933,1,851,-.6,33,1603,63.6,5.9,1016,1027,26,1022.5,1500,1024.7,10.8,2.1,1100,1.71,10.21,,,,,,8.5,3.8,5,-3.3,,,,,,,,,,1.3,1.9,,
156,2021-02-12,9.3,3.8,451,17,1545,,,,,,,3.3,340,1744,1.8,230,1110,.7,579,-3.2,11,1620,47,5,1015.7,1025.6,855,1022.4,1614,1024.3,10.8,8.8,1300,2.38,15.04,,,,,,6.1,4,7.7,-.4,,,,,,,,,,2.5,3.6,,
156,2021-02-13,10.6,1.8,745,19.6,1454,,,,,,,4.6,50,1145,3.1,50,1152,.7,564,-4.7,8,1531,41,4.5,1014.8,1026.2,817,1020.6,1639,1023.3,10.9,9.9,1200,2.58,16.83,,,,,,.8,0,7.4,-3.7,,,,,,,,,,3,4.3,,
156,2021-02-14,10.9,6.3,314,16.5,1350,2.52,,,,,0,3.9,250,2021,2.4,230,1129,.6,517,1.5,28,1442,55.1,6.9,1006.5,1021.3,1,1010.8,2319,1015,10.9,1,1100,1.52,7.98,,,,,,9.1,4.3,9.3,2,,,,,,,,,,1.2,1.8,,
156,2021-02-15,3.9,.2,1916,9,1,3.3,,,,,.6,11.3,290,1144,3.6,20,1406,1.8,1583,-2.2,40,1602,65.9,5.6,1005.3,1018.6,2327,1009.7,401,1014,10.9,2.8,1500,1.71,7.26,,,,,,8.9,8.1,6.7,-1.1,,,,,,,,,,1.2,1.7,,
156,2021-02-16,.4,-3.1,2330,7,1428,5.07,,,,,.9,11.2,250,1430,7,230,1525,2.2,1881,-6.8,30,1231,60.5,3.7,1008.5,1019.5,2208,1013.1,1527,1017.4,11,7,1200,2.63,13.96,1.9,2349,1.9,2349,1.9,4.5,3.3,3.6,-6.7,,,,,,,,,,1.6,2.3,,
156,2021-02-17,-4.5,-5.8,1955,-1.5,1250,23.42,,,,,1.5,9.7,290,1146,3.7,20,1656,1.6,1423,-6.9,57,1255,83.4,3.7,1011.3,1021.9,2106,1018.9,1342,1020.4,11,1.6,1300,1.57,6.82,5.9,1156,7,1156,12.2,9.6,7.5,1.7,-3.5,,,,,,,,,,.5,.8,,
156,2021-02-18,-2.2,-5.4,345,.8,1447,17.28,,,,,.2,9.3,50,1125,3.6,20,1203,1.7,1508,-7.3,51,1207,69.1,3.6,1014.4,1024.9,2318,1021.4,14,1023.4,11,6.1,1400,1.91,9.52,1.7,723,8.1,723,1.8,8.6,7.5,2.5,-2,,,,,,,,,,1,1.5,,
156,2021-02-19,3.8,-2.7,747,11,1622,,,,,,,7.5,230,1731,4.4,230,1659,1.4,1206,-2.3,42,1631,65.4,5.2,1011.3,1024.8,1,1015.8,2351,1020.1,11.1,9.9,1200,2.73,18.39,,,1.3,1,,1.1,1.1,5.1,-6.5,,,,,,,,,,2.2,3.2,,
156,2021-02-20,10.6,4.7,431,17.6,1458,,,,,,,6.8,250,1433,4.4,200,2145,1.9,1663,5.9,46,1623,74.8,9.3,1004.5,1015.9,22,1010.9,1446,1012.9,11.1,9.6,1300,2.41,16.01,,,,,,0,0,7.8,-1,,,,,,,,,,2.5,3.5,,
156,2021-02-21,13,5.2,724,22.6,1404,,,,,,,10.8,230,1720,6.8,230,1449,2.1,1795,4.9,25,1549,65,8.7,1004.6,1014.3,924,1011.2,1414,1013,11.1,10.2,1200,2.64,17.9,,,,,,0,0,10,-.1,,,,,,,,,,3.7,5.3,,
156,2021-02-22,10.5,3,2359,19,1442,,,,,,,8.5,340,1849,3.1,250,1358,1.3,1118,2.7,34,1507,62.1,7.9,1007,1023.4,2358,1012,554,1015.4,11.2,9.9,1200,2.41,16.61,,,,,,0,0,9.9,-.5,,,,,,,,,,2.9,4.1,,
156,2021-02-23,3.6,-.9,703,9.3,1320,,,,,,,5.7,50,617,2.9,50,721,1.6,1356,-10.3,11,1302,38.5,2.9,1016.3,1027.2,943,1023.1,1525,1025.1,11.2,9.4,1200,2.5,16.24,,,,,,2.8,0,5.4,-5.2,,,,,,,,,,2.4,3.5,,
156,2021-02-24,3.9,-.6,437,7.9,1629,,,,,,,4.1,20,339,2.3,50,341,.5,400,-8.3,24,1611,42,3.3,1015.8,1026.4,941,1022.8,1736,1024.6,11.2,0,1400,1.11,5.49,,,,,,7,3.4,4.2,-5.2,,,,,,,,,,.6,.9,,
156,2021-02-25,4.7,2.5,408,6,1324,16.13,,,,,14.8,8,50,1534,4.8,50,1550,2.3,2024,2.2,47,1,86.1,7.4,1013.8,1025,944,1019.8,2347,1022.6,11.3,0,1100,.5,2.83,,,,,,9.6,5.5,4.4,-1.9,,,,,,,,,,.5,.7,,
156,2021-02-26,9.7,5,639,15.5,1545,1.68,,,,,0,12.9,50,1454,7.8,50,1458,3.4,2967,.7,22,1928,59.1,6.7,1012,1023.5,2230,1017.9,1507,1020.6,11.3,7.3,1100,2.43,15.45,,,,,,8.3,2.3,8.5,1.5,,,,,,,,,,3.2,4.6,,
156,2021-02-27,9.4,4.2,633,15.8,1413,,,,,,,9.1,70,45,5.4,50,41,2.7,2336,-2,28,1419,46,5.3,1017.6,1027.5,941,1023.3,17,1026.2,11.4,8.5,1200,3,17.92,,,,,,6.3,1.3,8.8,-1.1,,,,,,,,,,3.3,4.7,,
156,2021-02-28,8.9,5.6,412,11.9,1319,3.78,,,,,.4,4.7,50,1656,2.8,70,1559,1.3,1087,3.4,46,1,70.9,8.3,1016.4,1027.5,107,1021.3,2400,1025.1,11.4,.4,900,.98,6.06,,,,,,9.8,7.8,8.3,2.8,,,,,,,,,,.9,1.3,,
156,2021-03-01,11.5,5.1,2323,16,1429,16.25,,,,,39.7,10,180,1139,5.4,250,1629,2.7,2319,10.8,81,431,95.9,13.3,1005.5,1021.3,1,1008.7,1442,1014,11.4,0,1200,.62,3.51,,,,,,9.4,6,11.1,5.4,,,,,,,,,,.6,.8,,
156,2021-03-02,4.7,1.3,2357,8.7,1518,,,,,,,7.8,70,1723,4.3,50,1727,1.7,1509,.2,44,1521,74.8,6.3,1015.6,1029.7,2336,1013.5,8,1024.3,11.5,6.9,1000,2.09,15.61,,,,,,5.1,5.1,8,-2.2,,,,,,,,,,1.8,2.6,,
156,2021-03-03,6.2,-.1,618,12.6,1459,,,,,,,5.2,180,1850,3.2,180,1857,1,898,-.8,31,1534,64.9,5.8,1020.3,1031.7,814,1026.4,1741,1029,11.5,8.7,1200,2.89,18.39,,,,,,4.5,0,7.3,-4.6,,,,,,,,,,2.4,3.4,,
156,2021-03-04,6.9,4.5,603,8.8,1049,10.73,,,,,8.9,5.2,50,1846,3.5,50,1848,1.8,1520,4.4,58,1030,85.8,8.6,1014.8,1027.7,27,1019.7,2400,1023.4,11.5,0,1000,.78,5.31,,,,,,9.5,5.5,7.6,2.5,,,,,,,,,,.7,1,,
156,2021-03-05,10.7,4.1,627,19.5,1613,,,,,,,5.6,50,214,3.6,50,219,1.1,918,4.6,23,1700,71.5,8.6,1011.1,1022.3,2323,1016.5,1500,1019.6,11.6,8.7,1200,2.95,19.82,,,,,,3.8,1.3,10.9,-.2,,,,,,,,,,2.9,4.2,,
156,2021-03-06,10.4,5.7,608,17.2,1609,,,,,,,6.9,230,1917,4.4,200,1835,1.5,1334,4.2,41,1458,67.6,8.3,1016.3,1028.3,2300,1022.1,138,1024.9,11.6,6.5,1400,2.09,14.83,,,,,,7,2,11.1,1,,,,,,,,,,2.4,3.4,,
156,2021-03-07,8.7,6,2351,13.7,1510,,,,,,,3.9,290,1726,2.6,250,1944,1.1,963,3.1,45,1513,69.9,7.7,1018.9,1029.7,907,1025.2,1612,1027.5,11.7,3,1200,2.04,12.78,,,,,,7.6,4.6,11,3,,,,,,,,,,1.6,2.3,,
156,2021-03-08,8.6,5,707,16.1,1617,,,,,,,5.6,320,1701,2.9,200,2102,1.5,1296,1.5,24,1348,66.1,7,1018,1028.9,927,1024,1517,1026.6,11.7,8.8,1200,3,19.79,,,,,,4.6,4.6,11.5,2.7,,,,,,,,,,3.2,4.6,,
156,2021-03-09,8.6,5.1,653,14.9,1515,,,,,,,6.6,290,1832,2.8,50,2335,1.1,952,-2.5,24,1155,48.6,5.2,1017,1027.5,2303,1022.8,1440,1025.6,11.7,8.1,1200,2.98,18.48,,,,,,5.5,1.6,11.6,2.9,,,,,,,,,,2.9,4.2,,
156,2021-03-10,10.6,3.2,702,19.3,1547,,,,,,,8,270,1728,4.4,250,1736,1.5,1272,-1.4,20,1557,45.1,5.6,1019.1,1029.6,2201,1025.4,1526,1027.7,11.8,10.4,1200,2.96,20.71,,,,,,0,0,11.2,-2,,,,,,,,,,3.6,5.1,,
156,2021-03-11,11.8,5.6,620,19.6,1543,2.05,,,,,1.6,4.9,270,1621,2.7,230,1636,.9,776,2.6,22,1625,58.5,7.5,1016.9,1029.1,646,1022,2037,1025.4,11.8,7.7,1300,2.89,17.85,,,,,,7.9,2.3,13.4,1,,,,,,,,,,2.6,3.7,,
156,2021-03-12,9.2,7.1,2359,12.4,1426,11.28,,,,,16.2,8.1,50,322,4.7,50,507,2.5,2173,8.2,80,1427,93.9,10.9,1010.7,1022.4,1,1017.2,1426,1019.3,11.8,0,1300,1.07,6.05,,,,,,8,5.1,10.6,3.2,,,,,,,,,,.9,1.2,,
156,2021-03-13,9.6,4.9,648,16.7,1416,,,,,,,5.9,250,1428,2.9,230,1434,1,877,4.8,41,1248,74.8,8.6,1012.8,1023.4,859,1019.5,1514,1021.4,11.9,10.5,1200,3,20.62,,,,,,.6,.6,11.3,.4,,,,,,,,,,2.7,3.8,,
156,2021-03-14,9.8,4.4,709,16,1604,,,,,,,6.2,320,1407,3.3,50,1550,1.1,936,3.3,38,1523,67.5,7.8,1012,1023.1,936,1018.8,1637,1020.6,11.9,9.9,1200,3.06,20.73,,,,,,.4,.4,11.2,.3,,,,,,,,,,2.8,3.9,,
156,2021-03-15,12.3,5.3,622,20.2,1424,2.23,,,,,2.4,8.3,160,1646,4.5,180,1650,1.5,1253,5.7,32,1348,69.3,9.3,1008.5,1020.4,847,1013.9,1619,1016.9,11.9,7.7,1200,2.83,17.43,,,,,,5.8,3.1,13,-.1,,,,,,,,,,2.8,4,,
156,2021-03-16,11.3,4.8,2348,17.2,1412,4.8,,,,,3.5,6.9,320,1625,3,50,1024,1.1,981,3.5,20,1504,64.8,8.6,1007,1018.4,2355,1012.7,421,1015.4,12,10.3,1300,3.1,21.36,,,,,,3.8,1.9,14.1,1,,,,,,,,,,3.4,4.8,,
156,2021-03-17,9.7,2.3,635,19.4,1558,,,,,,,6.8,230,1724,3.3,230,1917,1.2,1033,-.5,16,1632,53.6,6,1010.3,1020.9,2201,1016.5,1513,1018.9,12,9.3,1100,3.05,21.09,,,,,,1.8,0,10.8,-2.1,,,,,,,,,,3.2,4.5,,
156,2021-03-18,11.7,4.8,453,21,1525,,,,,,,6.2,270,1655,3.4,250,1656,1.1,951,3.9,30,1637,62.4,8.1,1010.8,1021.2,100,1016,1540,1019.3,12.1,10.7,1200,3.04,21.93,,,,,,2.1,1.4,13.2,.9,,,,,,,,,,3.4,4.8,,
156,2021-03-19,13.9,9.2,54,21.1,1511,,,,,,,6.2,250,1904,3.6,180,1716,1.2,1032,5.7,32,1629,60.3,9.2,1009.4,1020.7,845,1014.8,1646,1017.7,12.1,7.5,1100,2.77,18.9,,,,,,7.4,4.4,15.8,5.5,,,,,,,,,,3,4.2,,
156,2021-03-20,9.7,6.8,2353,13.3,2,13.67,,,,,11.1,5.5,50,1722,3.1,50,1712,1.5,1288,8.8,64,112,94.6,11.4,1004.4,1016.2,1,1010.2,1714,1012.9,12.1,0,1100,.44,3.75,,,,,,10,7.1,11.9,7,,,,,,,,,,.7,.9,,
156,2021-03-21,6.8,5,2329,11,1202,,,,,,,11.8,360,1518,4.8,320,1353,2.2,1918,-.3,34,1512,63,6.2,1008.6,1022.2,2342,1014.1,32,1017.3,12.2,6.6,1300,2.9,17.19,,,,,,8.8,7.9,10.3,4.5,,,,,,,,,,2.5,3.5,,
156,2021-03-22,7.5,3.7,611,12.6,1549,,,,,,,9.4,290,1228,3.8,270,1255,1.9,1650,-4,24,1159,47.8,4.8,1014.1,1024.1,2225,1021.4,1543,1022.8,12.2,10.9,1200,3.45,23.98,,,,,,1.3,1.3,10.1,.2,,,,,,,,,,3.3,4.7,,
156,2021-03-23,10.1,3.7,529,17.6,1337,,,,,,,9.5,250,1551,5.4,250,1433,2,1701,1.6,22,1407,61.4,7,1014.4,1025.1,1003,1020.8,1735,1022.9,12.2,11,1200,3.09,22.66,,,,,,0,0,12.5,-1.2,,,,,,,,,,3.9,5.6,,
156,2021-03-24,11.8,5.7,654,17.1,1606,,,,,,,6,230,1831,3.7,230,1828,1.3,1123,2.6,31,1337,56.3,7.5,1012.5,1023.4,812,1018.7,1550,1021,12.3,5.7,1100,2.23,15.14,,,,,,5.4,1.9,12,1.1,,,,,,,,,,2.5,3.5,,
156,2021-03-25,13.3,6.6,626,22.5,1600,,,,,,,5.4,290,1824,2.4,270,1428,.9,752,4.3,20,1603,59.9,8.4,1012.8,1023.1,1027,1019.1,1603,1021.2,12.3,11.2,1200,3.23,23.73,,,,,,.3,0,16,1.2,,,,,,,,,,4,5.8,,
156,2021-03-26,14.8,5.8,617,25,1504,,,,,,,7.2,200,1639,4.4,180,1553,1.5,1301,.5,11,1439,46.9,6.6,1012,1023.6,920,1017.6,1621,1020.4,12.4,10.9,1300,2.99,21.84,,,,,,3.6,0,16,.1,,,,,,,,,,4.7,6.7,,
156,2021-03-27,14.7,11.4,352,17,931,13.02,,,,,38.5,9,200,1023,5.1,200,2110,2.3,2021,11.6,36,1,83.6,14.2,1002.2,1019,1,1003.9,2356,1010.5,12.4,0,900,.89,4.23,,,,,,9.4,5.4,13,6.3,,,,,,,,,,.8,1.1,,
156,2021-03-28,12.4,10.2,502,17.3,1605,1.38,,,,,.5,8.4,270,128,5.1,250,230,2.7,2291,9.7,56,1527,85.6,12.1,998,1008.4,2344,1003.9,1,1006.3,12.4,5,1400,2.91,13.85,,,,,,6.8,5.8,15.7,9.9,,,,,,,,,,2,2.9,,
156,2021-03-29,13.1,9.8,624,18.4,1330,,,,,,,6.5,290,1745,3.2,250,236,1.5,1253,2.1,22,1333,53,7.5,1001.2,1011.1,2355,1007.8,1606,1009.5,12.5,7,1200,2.88,18.87,,,,,,5.1,3.4,14.8,6.7,,,,,,,,,,3.4,4.8,,
156,2021-03-30,14,8.5,406,21.3,1547,,,,,,,7.4,50,2031,4.1,50,2038,1.6,1410,-3,12,1335,33,5,1003.1,1013.7,2353,1010,1754,1011.5,12.5,8.5,1200,3.32,22.3,,,,,,2.8,1.8,14.9,4.9,,,,,,,,,,4.9,7,,
156,2021-03-31,15.3,7.2,626,24,1524,,,,,,,4.4,250,1605,2.4,250,1632,.9,758,1.8,19,1459,43.6,7,1005.4,1015.1,808,1011.2,1544,1013.7,12.5,9,1200,3.21,21.86,,,,,,5.4,.9,16.8,2.5,,,,,,,,,,4.3,6.1,,
156,2021-04-01,16.7,10.6,601,22.7,1433,,,,,,,8.7,50,2128,6,50,2152,2.5,2140,.7,16,1300,36.6,6.5,1007.8,1017.4,2346,1014.6,1,1016.1,12.6,2.2,1300,2.25,15.06,,,,,,8.1,6.9,17.3,6.2,,,,,,,,,,4.6,6.6,,
156,2021-04-02,18.7,13.8,628,22.5,1525,1.17,0,,0,,0,7.2,70,355,4.5,50,104,1.7,1478,6,28,42,44.3,9.7,1008.9,1018.2,934,1015.8,1606,1017.1,12.6,3.8,1000,2.11,13.43,,,,,,8,6.3,19.2,10,,,,,,,,,,2.6,3.7,,
156,2021-04-03,16.8,13.1,2348,18.5,108,8.92,2.7,1307,6.2,1306,11.6,10.2,180,1118,5.3,180,841,2.5,2173,14.4,58,106,87.8,16.6,1003.6,1016.5,1,1008.8,1759,1011.9,12.6,0,1100,.52,3.49,,,,,,10,6,16.3,13.8,,,,,,,,,,.6,.9,,
156,2021-04-04,11,9.8,2312,13.2,5,9.75,.6,435,1.3,431,3.3,4.5,250,208,2.5,230,155,1,900,10.7,91,2146,97.9,12.8,1005.6,1019.5,2348,1009.8,258,1014.1,12.7,0,1400,.41,3.6,,,,,,9.6,8.8,13.5,8.6,,,,,,,,,,.8,1.1,,
156,2021-04-05,12.4,7.1,610,19.4,1610,,,,,,,6.6,50,910,3.6,50,852,1.1,988,2,19,1542,56.3,7.3,1012.4,1023,947,1018.6,1802,1020.9,12.7,11.6,1200,3.57,26.75,,,,,,0,0,14.9,2.4,,,,,,,,,,4.4,6.3,,
156,2021-04-06,12.4,7.4,514,20,1338,,,,,,,6.6,50,1432,3.5,20,1501,.8,698,.9,12,1436,52.4,6.8,1012.5,1022.5,2314,1018.5,1654,1020.9,12.8,7.7,1200,3.4,22.13,,,,,,2.8,1.8,14.4,4,,,,,,,,,,3.9,5.5,,
156,2021-04-07,14.1,6.9,600,23.2,1416,,,,,,,6.6,290,1747,2.3,50,1325,.9,738,-.2,11,1429,44,6.2,1011.3,1022.5,100,1017,1554,1019.7,12.8,11.6,1200,3.44,26.05,,,,,,1,0,17.3,1.9,,,,,,,,,,4.9,7,,
156,2021-04-08,12.9,8.6,600,19,1223,,,,,,,7,250,1553,2.8,270,1404,1.1,936,-2.3,12,1547,40.9,5.6,1010.5,1020.5,2237,1017.1,1655,1018.9,12.8,10.8,1200,3.53,26.36,,,,,,2.5,1.3,17.8,3.7,,,,,,,,,,5.2,7.4,,
156,2021-04-09,13.3,7.1,645,20.8,1626,,,,,,,7.5,180,1941,3.8,200,2043,1.2,1019,-.8,17,1447,41,6,1015.4,1028.6,2358,1020.3,20,1023.8,12.9,11.7,1200,3.2,24.85,,,,,,2.6,.5,18.3,.9,,,,,,,,,,4.8,6.9,,
156,2021-04-10,13.6,7.8,616,20.8,1606,,,,,,,6.8,250,1740,2.6,180,2058,1,847,3.9,25,1613,54.9,8.1,1021.4,1031.8,935,1027.7,1602,1030,12.9,11.6,1200,3.2,23.83,,,,,,2.1,.3,18,4.2,,,,,,,,,,3.6,5.1,,
156,2021-04-11,15.6,8.4,625,23.3,1419,,,,,,,7.8,180,1328,4.4,200,1337,1.4,1231,-1.8,8,1431,38.9,5.8,1020.6,1032.1,114,1025.8,1701,1029,12.9,11.1,1200,3.45,26,,,,,,2.4,0,20.3,4.3,,,,,,,,,,5.7,8.2,,
156,2021-04-12,13.9,12.6,708,15,12,17.53,.9,1837,2.7,1831,16.9,9.6,180,2104,4.4,180,1631,1.9,1646,9.1,24,27,78.3,12.4,1009.7,1027.4,5,1011.4,2358,1018,13,0,1500,.62,4.33,,,,,,10,6.4,14.2,10.5,,,,,,,,,,.6,.9,,
156,2021-04-13,10,5.5,2255,14.5,1,4.65,.1,,.2,,.3,8.3,250,1537,4.1,250,158,1.9,1658,5.7,47,1653,76.4,9.7,1007.1,1020.1,2358,1010.9,54,1015.6,13,6.8,1300,3.36,17.96,,,,,,6.1,5,15,3.9,,,,,,,,,,2.7,3.9,,
156,2021-04-14,9.4,4.5,259,15.4,1524,,,,,,,9.3,50,1509,4.5,20,1515,2,1756,-4.7,13,1621,41.3,4.5,1011.3,1021.7,2131,1018.5,518,1019.8,13,11.9,1200,3.65,27.8,,,,,,2,0,13.2,1.6,,,,,,,,,,4.9,7,,
156,2021-04-15,11.8,3.6,556,19.5,1615,,,,,,,7.1,200,1835,4.2,200,1839,1.6,1369,-4.4,14,1154,36.6,4.5,1010.5,1021.6,346,1015.7,1639,1018.9,13.1,11.2,1100,3.21,24.84,,,,,,3.4,0,14.2,-.7,,,,,,,,,,4.5,6.4,,
156,2021-04-16,13.1,8.6,348,18.7,1249,.32,0,,0,,0,6.6,250,1345,3.3,230,1222,.8,729,6.9,37,1,67.5,10.2,1008.5,1018.3,112,1015.3,1751,1016.9,13.1,.2,1200,1.82,10.87,,,,,,9,5.4,13.6,4.5,,,,,,,,,,1.8,2.6,,
156,2021-04-17,11.3,7.8,2301,16.5,1359,,,,,,,12.4,290,1554,4.1,320,1518,1.7,1429,.5,17,1210,55.6,7.2,1008,1018.4,2148,1015,1417,1016.4,13.2,9.7,1300,3.43,25.17,,,,,,2.8,1.3,17.3,3.1,,,,,,,,,,4.3,6.2,,
156,2021-04-18,11,7.5,123,16.5,1541,,,,,,,11.5,290,1009,4.9,20,1127,1.6,1412,0,23,1548,49.4,6.2,1009.8,1020,2150,1016.2,1545,1018.3,13.2,12,1200,3.6,27.94,,,,,,.9,.9,17.1,3,,,,,,,,,,4.4,6.3,,
156,2021-04-19,12.8,4.8,539,21,1456,,,,,,,6.7,20,1603,2.6,20,1607,.8,722,1.6,17,1604,53.4,7,1010.5,1020.2,939,1016.3,1634,1018.9,13.2,12.3,1200,3.55,28.14,,,,,,.4,0,18.3,-.1,,,,,,,,,,4.9,7,,
156,2021-04-20,15.9,6.4,557,26.4,1549,,,,,,,5.2,250,1536,2.5,50,1108,.9,814,3.2,16,1445,48.9,7.8,1012.1,1022.1,2144,1017.8,1542,1020.5,13.3,12,1200,3.52,27,,,,,,1.9,0,20.4,1.9,,,,,,,,,,5,7.1,,
156,2021-04-21,19.2,11.3,605,26.6,1227,,,,,,,6.8,200,1336,4.3,180,1520,1.1,946,2.3,11,1715,37.9,7.5,1012.8,1022.8,913,1019.2,1613,1021,13.3,6.3,1100,3.35,19.37,,,,,,8.1,5.5,20.6,6.8,,,,,,,,,,4.4,6.3,,
156,2021-04-22,19.7,15.7,612,23.5,1150,,,,,,,8,180,1333,4.6,160,1327,1,860,3.8,20,1446,36.5,8.1,1009.9,1021.1,1,1015.7,1603,1018.1,13.3,.3,1000,1.52,10.47,,,,,,9.5,8.1,19.5,13.4,,,,,,,,,,3.1,4.4,,
156,2021-04-23,21.3,17.2,2327,26.9,1246,,,,,,,9.5,180,1134,5.3,50,645,2.2,1937,1.8,16,1302,28.4,7,1008.2,1018.5,2252,1014.6,1538,1016.3,13.3,6.1,1200,3.18,21.81,,,,,,7.6,7.6,22.9,13.6,,,,,,,,,,5.8,8.4,,
156,2021-04-24,19.1,13.4,604,27.2,1423,,,,,,,6.3,20,17,3.6,50,4,1.2,1003,2.4,22,1346,33.5,7.3,1010.3,1020.2,851,1016.7,1512,1018.5,13.4,10.4,1200,3.47,26.14,,,,,,5.5,5.5,23.9,8.6,,,,,,,,,,4.9,7,,
156,2021-04-25,17.8,12.5,629,25.9,1346,,,,,,,9.5,230,1615,6,200,1601,1.3,1156,6.9,27,1420,51.1,10,1010.5,1021.6,2329,1015.9,1459,1018.8,13.4,8.3,1300,3.39,22.24,,,,,,3.1,2.5,23.4,7.8,,,,,,,,,,4.2,6,,
156,2021-04-26,16.5,12.1,517,22.7,1555,,,,,,,7,180,1823,4.2,180,1829,1.3,1156,4.7,20,1226,50.6,8.8,1012.6,1022.8,949,1019,1710,1021,13.5,12.2,1100,3.38,26.52,,,,,,4.8,.8,23.8,8.2,,,,,,,,,,4.7,6.7,,
156,2021-04-27,16.6,11.9,513,21.6,1531,.33,0,,0,,0,7.3,200,1505,4.5,200,1509,1.4,1170,6.6,27,1429,53.8,9.9,1010.3,1021.5,124,1015.8,1617,1018.6,13.5,1.7,1300,2.31,15.23,,,,,,8.6,7.4,21.6,7.9,,,,,,,,,,3,4.3,,
156,2021-04-28,17.9,13.8,553,23.2,1540,,,,,,,6.2,50,1828,2.8,50,1503,1.2,1035,6.7,17,1532,53.8,10.4,1007.8,1019,154,1013.1,2350,1016,13.5,7.6,1200,2.96,21.43,,,,,,8.3,4.3,23.8,10,,,,,,,,,,3.9,5.6,,
156,2021-04-29,17.4,11.8,2250,23.3,1438,1.82,1.7,2244,1.8,2154,1.8,16,230,2153,7.9,200,2251,2,1696,4.6,18,1806,47.5,8.8,998.2,1013.2,1,1002.7,2400,1006.4,13.5,9.9,1200,3.45,26.41,,,,,,6.1,3.3,25,11.1,,,,,,,,,,5.1,7.2,,
156,2021-04-30,14.7,10.1,2313,19.7,1354,3.32,.3,2245,.3,2155,.3,9.8,250,1439,5.6,200,212,2.3,1947,5.4,18,1435,59.8,9.5,998.1,1010,2117,1002.7,1,1006.4,13.6,9.4,1200,3.66,27.07,,,,,,6.1,4.1,21.8,9.8,,,,,,,,,,4.3,6.1,,
156,2021-05-01,10.6,8.6,321,14.1,1309,8.52,1.4,128,6.4,119,12.8,8,320,1252,3.7,50,316,1,878,6.7,47,1718,78.8,9.9,999.7,1012.4,2148,1003,318,1008.1,13.6,2.8,1200,1.94,11.22,,,,,,7.6,5.5,14.3,5.6,,,,,,,,,,1.6,2.2,,
156,2021-05-02,12.3,8.2,513,18.7,1410,,,,,,,5.1,290,1711,2,20,1529,.8,666,6.2,38,1411,69.5,9.5,1008.6,1021,2327,1011.9,25,1017.1,13.6,7,1300,3.88,20.18,,,,,,3.9,3.4,15.2,4.3,,,,,,,,,,3.3,4.7,,
156,2021-05-03,15.6,7.6,533,23.8,1537,,,,,,,7.7,270,1342,4.4,200,2055,1.3,1138,6.9,25,1419,61.9,10,1010.1,1021.1,724,1015.9,1741,1018.5,13.7,10.5,1200,3.63,28.3,,,,,,2.9,0,20.3,4,,,,,,,,,,5,7.2,,
156,2021-05-04,17.4,15.1,235,20.8,1124,8.67,.9,1720,3.8,1745,13.6,10.6,160,1213,5.7,180,1220,2.4,2086,15.1,60,7,87.1,17.3,1002.1,1017.3,58,1004.1,1955,1010.3,13.7,0,1100,1.56,7.68,,,,,,9.8,6.9,18.1,13.1,,,,,,,,,,1.5,2.1,,
156,2021-05-05,15,10.9,625,20.6,1409,.42,0,,0,,0,8.9,250,1118,4,250,1120,1.1,975,4.3,18,1609,57.1,9.1,1006.9,1019.8,2244,1006.6,1,1015.2,13.7,12.2,1200,3.64,29.19,,,,,,2.9,1,19,6.6,,,,,,,,,,4.7,6.7,,
156,2021-05-06,16,7.1,617,23.4,1405,,,,,,,7,230,1716,4.2,200,1502,1.3,1105,2.1,21,1227,43.6,7.2,1008.5,1020,637,1013.5,2353,1016.9,13.8,8.4,1100,3.07,22.42,,,,,,6.1,2,18.1,3.4,,,,,,,,,,4.7,6.7,,
156,2021-05-07,16.3,11.5,2356,22.1,1040,,,,,,,10.9,250,1032,5.9,230,1110,1.9,1612,5.2,22,105,49.9,9.5,1001.1,1013.4,1,1006.7,1319,1009.4,13.8,6.8,900,2.46,14.29,,,,,,4.8,4,16.8,7.2,,,,,,,,,,2.6,3.7,,
156,2021-05-08,16.2,8.3,613,24.3,1457,,,,,,,11,200,1745,6.4,200,1651,2.1,1815,7.1,23,1342,58.9,10.4,998.6,1010.6,24,1002.7,1614,1006.8,13.8,11,1200,3.49,27,,,,,,3.3,2,21.2,4.8,,,,,,,,,,5.1,7.3,,
156,2021-05-09,17.5,10.5,559,24.5,1444,,,,,,,7.4,50,1251,3.4,20,1259,1,902,2.7,16,1300,43.8,7.7,1002.4,1012.2,1005,1007.9,1,1010.7,13.9,12.3,1200,3.55,29.04,,,,,,1.6,1.1,23.1,6.4,,,,,,,,,,5.9,8.5,,
156,2021-05-10,18.3,14.6,314,22.6,1318,.18,0,,0,,0,8,20,625,4.5,160,1745,1.6,1353,4.1,30,845,39.8,8.3,1003.4,1014,945,1009.8,1930,1011.5,13.9,.3,1200,1.62,11.37,,,,,,9.5,8,20.3,12.1,,,,,,,,,,2.8,4,,
156,2021-05-11,19.4,15.8,432,23.2,1259,,,,,,,7.5,70,2018,3.6,50,2024,1.6,1360,10.3,50,142,55.8,12.6,1003.1,1012.4,859,1010,1442,1011.3,13.9,.5,1100,1.96,13.85,,,,,,9.3,3.1,22.3,13.7,,,,,,,,,,3.1,4.4,,
156,2021-05-12,22.2,15.1,538,29,1405,,,,,,,6.6,180,1829,3.6,50,1039,1.9,1612,10.5,39,1136,48.5,13.1,1002.2,1012,2212,1007.8,1616,1010.3,13.9,8.7,1200,3.49,23.31,,,,,,4.9,3.4,24.8,12.2,,,,,,,,,,4.8,6.8,,
156,2021-05-13,22.5,16.5,602,30,1422,,,,,,,7,270,1552,4.6,200,1835,1.2,1032,14.5,39,1423,62.8,16.5,1003.1,1012.7,2238,1009,1556,1011.2,14,11.7,1200,3.46,27.09,,,,,,2.8,.5,28,13,,,,,,,,,,4.9,7,,
156,2021-05-14,23,17.6,502,28.7,1341,.63,0,,0,,0,7.8,200,1451,5,180,1457,1.5,1300,16.1,44,1415,66.8,18.3,1002.9,1013,57,1009.6,1724,1011,14,6,1000,2.81,20.85,,,,,,8.5,2.1,27,14.9,,,,,,,,,,3.6,5.2,,
156,2021-05-15,21.6,19.3,643,23.4,1714,8.82,4.8,737,6.7,737,30.2,9.6,250,2353,5,250,2400,1.3,1093,20.9,76,1,96.1,24.8,998.7,1010,1,1003.8,2331,1006.7,14,0,1000,1.31,6.27,,,,,,10,7.3,22.2,19.6,,,,,,,,,,1.1,1.6,,
156,2021-05-16,20.8,18.1,2358,23.7,1240,15.23,8.1,1,14.9,1538,59.6,8.9,230,2035,5.1,200,2053,2.3,1986,20.6,98,810,99,24.3,994.1,1006.3,1,1000,1547,1002.1,14,.1,1200,1.07,5.31,,,,,,10,7.1,22.4,19.2,,,,,,,,,,.8,1.2,,
156,2021-05-17,15.9,14.4,2359,18.1,1,6.45,.5,1300,1.3,1255,1.4,5.8,230,14,4.1,230,20,1.3,1111,15.5,95,1735,98.1,17.7,999.5,1011,2312,1003.6,1,1007.8,14.1,0,1400,.83,6.29,,,,,,8.4,8.3,18.8,13.6,,,,,,,,,,1,1.4,,
156,2021-05-18,18.1,13.6,109,24,1716,,,,,,,5.6,70,1120,2.6,50,1648,.8,677,14.5,51,1656,82.1,16.5,1002.3,1012.4,745,1008.7,1518,1010.5,14.1,6.1,1400,2.89,20.51,,,,,,7.5,3.8,21.2,12.7,,,,,,,,,,3.5,5,,
156,2021-05-19,21.2,14.4,503,28.2,1341,,,,,,,5.5,70,1829,3,50,1824,1,881,12.5,24,1352,63.3,14.7,1003.1,1013,741,1008.8,1809,1011.3,14.1,8.4,1200,3.58,26.71,,,,,,6.4,1.3,23.6,12.2,,,,,,,,,,4.5,6.5,,
156,2021-05-20,16.5,13.6,920,20.6,1,9.8,2.1,913,4.5,844,11.2,9.1,50,857,4.8,50,901,1.5,1259,15.3,62,1,93.4,17.4,996.2,1011.2,2,1000.4,1645,1004.4,14.1,0,1100,.72,5.17,,,,,,9.9,7.9,18.5,14.7,,,,,,,,,,.9,1.2,,
156,2021-05-21,16.4,13.9,2350,20.4,1427,1.75,.1,,.2,,.2,9.7,270,1431,4.8,250,1436,2.1,1826,13,53,1533,82.1,15,999.9,1011.7,2355,1003.2,45,1008.1,14.2,6.4,1400,2.29,19.07,,,,,,6.5,4.1,19.3,12.7,,,,,,,,,,3.3,4.7,,
156,2021-05-22,19.3,12.4,513,26.4,1400,,,,,,,6,290,1709,2.9,50,1309,.9,801,12.3,40,1415,67.3,14.3,1002.7,1012.4,831,1008.8,1522,1010.8,14.2,13,1200,3.56,29.55,,,,,,1.5,0,22.8,10.7,,,,,,,,,,4.8,6.9,,
156,2021-05-23,22,14.2,456,30.4,1458,1.53,0,,0,,0,6.5,230,1655,3.8,200,1700,.9,800,14.8,35,1506,66.4,16.9,1002.3,1012.7,715,1008.1,1652,1010.4,14.2,9.5,1200,3.5,25.99,,,,,,5.9,4.5,25.6,11.5,,,,,,,,,,4.5,6.4,,
156,2021-05-24,19.9,15.4,2355,24.9,1204,3.42,.2,,.4,501,.4,6.5,320,1307,2.9,250,1243,1.1,990,13.4,42,1112,68.9,15.6,1000.4,1011,2213,1006.7,1429,1008.5,14.2,8.9,1100,3.49,25.07,,,,,,5,1.9,24.2,12.6,,,,,,,,,,4.1,5.9,,
156,2021-05-25,17.6,13.3,406,22.8,1258,.58,0,,0,,0,10.2,270,1054,4.5,200,935,1.5,1304,9.3,29,1644,62.1,11.8,1000.9,1011.6,2359,1006.8,1041,1009.1,14.3,8.7,1200,3.73,24.88,,,,,,5.4,2,22.5,11.6,,,,,,,,,,4.5,6.5,,
156,2021-05-26,18.3,13.6,501,24.9,1357,,,,,,,10.4,160,2036,5.5,180,1921,2,1693,9.3,28,1031,59.8,11.8,1000.8,1012.3,608,1005.9,1744,1008.9,14.3,2.5,1300,2.28,15.72,,,,,,10,8.4,21.1,12.5,,,,,,,,,,3.3,4.8,,
156,2021-05-27,16.8,13.8,313,22.8,1444,1.18,0,,0,,0,7.4,250,1325,3.8,180,7,1.2,1037,13.8,50,1756,84.9,15.9,995.6,1006.8,2249,1001.5,629,1003.8,14.3,5.4,1300,2.58,14.99,,,,,,5.9,4.6,21.5,11.5,,,,,,,,,,2.7,3.8,,
156,2021-05-28,17.9,12.9,440,23.6,1047,1.78,8.8,1334,10,1255,10,13.6,230,1147,7.2,200,1105,2,1768,14.2,52,1647,80.6,16.4,994.8,1006.7,1,998.5,1310,1003,14.3,9.2,1000,2.97,19.25,,,,,,4.1,3.6,21.4,9.6,,,,,,,,,,3.1,4.5,,
156,2021-05-29,19.4,13.1,520,25.9,1501,,,,,,,4.9,250,1233,2.8,200,938,1,826,12.7,34,1418,68.8,14.8,999,1009.2,2316,1005.6,1,1007.2,14.3,12.8,1200,3.45,29.2,,,,,,1.1,1.1,24.6,10,,,,,,,,,,4.7,6.7,,
156,2021-05-30,22.1,15.1,511,29.5,1502,.22,0,,0,,0,7.8,200,1732,4.9,200,1737,1.5,1253,9.5,25,1153,49.1,12.1,1000.6,1010.4,2358,1006.6,1436,1008.7,14.3,12.4,1200,3.56,29.57,,,,,,2.4,2.1,30.7,12.3,,,,,,,,,,6.5,9.2,,
156,2021-05-31,23.7,17.8,528,29.3,1523,,,,,,,5.6,270,1310,3.6,200,956,1.2,1050,10,28,33,43,12.5,1002.6,1012.7,2207,1009,328,1010.6,14.4,11.2,1200,3.54,28.51,,,,,,3,2.3,32.9,15.3,,,,,,,,,,5.8,8.3,,
156,2021-06-01,23.5,17.1,530,29.6,1446,,,,,,,5.1,200,1533,3.1,200,1214,.9,738,12.2,27,1331,51.3,14.4,1005.6,1015.1,909,1011.6,58,1013.7,14.4,11.8,1300,3.47,27.42,,,,,,4,0,29.2,13.5,,,,,,,,,,5,7.1,,
156,2021-06-02,23.4,19,538,28.4,1213,,,,,,,8,160,1651,4,200,1712,1.4,1216,15.1,35,1019,61,17.2,1004.7,1014.7,614,1011.3,1701,1012.7,14.4,7.5,1100,2.86,21.53,,,,,,6.6,.8,28.1,16.5,,,,,,,,,,4,5.7,,
156,2021-06-03,19.8,18.2,2244,21.5,518,15.13,2.7,1134,7.5,1045,22.7,7.4,180,530,3.1,180,537,.9,777,18.4,66,407,92.6,21.3,995.7,1011.3,1,999.3,1624,1003.8,14.4,0,900,.76,5.13,,,,,,9.5,7,20.2,17.1,,,,,,,,,,1.2,1.8,,
156,2021-06-04,20,16.3,606,25.2,1508,2.63,.4,43,1.1,36,1.4,6.8,270,1527,2.7,200,2359,1,847,12.6,26,1619,67.1,14.9,995.4,1005.2,2157,1001.6,204,1003.5,14.4,11.1,1200,3.77,29.77,,,,,,4.6,2.4,26.5,14.4,,,,,,,,,,4.8,6.8,,
156,2021-06-05,20.9,14.9,546,27,1547,,,,,,,7.8,200,1114,5.2,200,1118,2.1,1802,17.3,59,1646,81.1,19.9,995.5,1005.4,2307,1001.6,1525,1003.5,14.4,9,1400,2.96,22.66,,,,,,2.9,2.5,24.8,12.2,,,,,,,,,,4,5.7,,
156,2021-06-06,22.8,17.4,500,28.7,1413,.1,0,,0,,0,8.1,200,1930,4.8,200,1855,2,1705,14.1,32,1527,61.6,16.3,999.9,1012.3,2351,1005.2,136,1007.9,14.4,10.6,1300,3.29,25.15,,,,,,1.6,1.1,27.2,15.6,,,,,,,,,,5.3,7.5,,
156,2021-06-07,24.1,17.4,558,30.3,1459,,,,,,,5.1,180,1632,3,230,1855,.9,767,14.1,27,1426,56.3,16.1,1005.6,1015,2228,1012,206,1013.6,14.5,10.6,1300,3.33,25.55,,,,,,4.1,1,28.3,13.9,,,,,,,,,,4.9,7.1,,
156,2021-06-08,25.5,18.7,526,31.9,1446,,,,,,,5.3,160,1932,2.9,180,1913,1,822,15.8,34,1521,57.5,18.2,1006.7,1016.1,922,1013.2,1739,1014.7,14.5,11.7,1200,3.58,28.42,,,,,,3.8,0,32.1,15.3,,,,,,,,,,5.2,7.4,,
156,2021-06-09,26,20.2,526,32.1,1420,,,,,,,7.6,160,1606,4.1,180,1610,1.2,1071,17.4,44,1713,61.5,20.1,1006.5,1016.2,731,1012.6,1527,1014.5,14.5,12.2,1200,3.55,28.61,,,,,,3.3,0,32.2,17.3,,,,,,,,,,5.4,7.8,,
156,2021-06-10,23.6,21.2,2348,26.4,1309,7.97,1.3,2342,5.7,2256,9.7,11.3,180,2039,5.4,180,2144,2,1702,17.4,38,832,70.8,20.3,1003.6,1014.5,19,1009.3,2021,1011.6,14.5,2.2,1200,1.77,11.99,,,,,,9.3,4,25.5,18.9,,,,,,,,,,2.2,3.2,,
156,2021-06-11,24.3,20,216,29.6,1621,4.92,2.2,50,12.1,43,27.4,9.1,180,2,4.2,160,211,1.1,957,21.1,53,1545,84.4,25.1,1001.8,1011.8,2322,1007.9,336,1009.8,14.5,6.6,1300,3.51,23.36,,,,,,7,4.4,28.9,19.9,,,,,,,,,,4.4,6.3,,
156,2021-06-12,25.1,21.3,448,30.3,1351,,,,,,,7.6,270,1654,3.4,250,1647,1.1,908,21.7,52,1352,83.4,26,1002.8,1012.4,805,1009,1737,1010.8,14.5,8.1,1200,2.98,21.84,,,,,,7.4,5,30.8,20.7,,,,,,,,,,3.6,5.1,,
156,2021-06-13,23.9,20.2,325,30,1457,,,,,,,6.3,230,1847,2.9,250,1739,1.2,1048,20.6,54,1351,83.8,24.3,1000.5,1011.4,21,1005.6,1734,1008.5,14.5,7.4,1200,3.51,25.61,,,,,,6,5.5,30.6,20.1,,,,,,,,,,4.5,6.4,,
156,2021-06-14,23.4,18.9,514,27.5,1356,,,,,,,7.3,200,1328,4,180,1549,1.5,1316,20,62,1359,82.3,23.4,997.8,1007.9,524,1003.9,1721,1005.8,14.5,4.5,900,2.48,20.03,,,,,,7.5,3.8,28.3,18.9,,,,,,,,,,3.1,4.4,,
156,2021-06-15,20.9,19.4,2106,22.6,5,11.62,3.3,1556,8.7,1523,21.2,10.1,50,1702,5.7,50,2129,2.3,1950,19.7,80,225,93.8,23,994.3,1005.5,19,1000.3,1752,1002.3,14.5,0,1200,.77,5.95,,,,,,9.6,7.5,22.3,20,,,,,,,,,,1.5,2.1,,
156,2021-06-16,23.4,19.7,109,28,1612,,,,,,,8.8,50,502,4.3,50,754,2.9,2541,18.8,56,1541,76.9,21.7,994.9,1005.9,2214,1000.1,304,1002.9,14.5,8.5,1000,3.07,24.6,,,,,,7.1,7.1,29.4,19.2,,,,,,,,,,4.2,6,,
156,2021-06-17,22.4,19.9,402,25.7,1030,2.08,.7,2125,.9,2056,.9,3.5,200,2240,2.1,200,2241,.6,518,19.1,60,1034,82.9,22.1,997.8,1007,842,1005,1644,1005.8,14.5,2.5,1000,2.69,10.65,,,,,,8.6,6.9,24.8,18.8,,,,,,,,,,1.5,2.2,,
156,2021-06-18,21.3,19,533,23.6,1420,6.42,.7,326,2.5,256,4.1,3.9,200,108,2.4,180,126,.7,567,20.8,91,1256,97.4,24.6,994.4,1005.3,1,1000.4,1739,1002.4,14.5,,,,,,,,,,9.6,7.5,23.3,19.7,,,,,,,,,,,,,
156,2021-06-19,23.1,18.7,430,29,1524,,,,,,,4.1,290,1703,1.8,250,1258,.6,543,18.9,36,1625,80,21.9,993.5,1003,2229,999.8,1609,1001.5,14.5,8.8,1100,3.44,24.58,,,,,,4.6,2.3,28.5,16.7,,,,,,,,,,4.5,6.4,,
156,2021-06-20,24,18.6,533,30.5,1524,,,,,,,7.2,200,1652,4.6,200,1713,1.4,1210,15.6,30,1402,64.8,18.1,994.7,1004.2,2339,1001.4,1719,1002.6,14.5,10.4,1300,3.6,27.47,,,,,,5.8,1.6,28.1,18.2,,,,,,,,,,5.6,8,,
156,2021-06-21,25.1,19.3,525,32.8,1544,,,,,,,6,360,1559,3.4,20,1358,1.1,928,14.5,27,1544,55.4,16.7,996.6,1006.8,2240,1002.9,235,1004.5,14.5,12.7,1200,3.73,30.89,,,,,,1.9,.4,31,16.6,,,,,,,,,,6,8.6,,
156,2021-06-22,24.3,19.5,452,29.7,1600,,,,,,,6.9,230,1708,3.7,200,1906,1.5,1280,18.2,48,1552,70,20.9,1000.4,1009.9,2214,1006.6,1549,1008.4,14.5,9.5,1100,3.33,25.03,,,,,,3.6,2.6,29.1,16.1,,,,,,,,,,4.4,6.3,,
156,2021-06-23,23,20.8,507,27.6,1304,1.15,.2,,.2,,.2,8.5,230,1336,4.7,230,1343,2,1717,19.4,57,1302,81.1,22.6,1002.1,1012.1,2317,1008.9,1644,1010.2,14.5,4.1,1200,2.96,15.77,,,,,,6.8,6.8,26.2,20.8,,,,,,,,,,3,4.3,,
156,2021-06-24,23,20,515,27.5,1553,.9,0,,0,,0,4.9,200,1406,3.4,200,1413,1.1,967,19,52,1239,79.6,22,1003.2,1012.5,744,1009.7,1731,1011.3,14.5,3.9,1200,2.21,16.34,,,,,,7.1,6.3,29.5,17.9,,,,,,,,,,2.8,4,,
156,2021-06-25,23.4,19.4,450,28.8,1241,1.18,4.7,1955,6.4,1915,6.4,5.4,200,1758,3.6,200,1803,.9,781,19.5,51,1448,81.1,22.7,1002.7,1012.4,709,1008.6,1702,1010.8,14.5,4.7,1100,3.23,18.37,,,,,,6.8,4.4,26,17.1,,,,,,,,,,3.1,4.4,,
156,2021-06-26,23.9,20.2,548,29.2,1446,1.73,.1,,.2,,.3,6.4,200,1839,4.1,200,1841,1.2,1070,19.6,47,1317,79.3,22.9,1001.8,1011.6,1,1008,1748,1009.8,14.5,3.6,1000,2.54,17.02,,,,,,8.1,6.4,27.4,20.8,,,,,,,,,,3.4,4.9,,
156,2021-06-27,24.7,20,543,29.5,1450,2.58,.6,1824,.9,1745,.9,5.7,250,1644,3.4,230,1426,.9,753,19.8,53,1146,76.4,23.2,998.8,1009.5,1,1004.8,1554,1006.7,14.5,7.4,1100,3.16,19.62,,,,,,5.1,4.1,29.2,18.2,,,,,,,,,,3.3,4.8,,
156,2021-06-28,22.8,20,1533,28.8,1300,3.3,11.2,1509,15.2,1510,18.8,8.5,110,1459,3.4,200,1346,.8,700,21.1,61,1138,91.3,25,996.9,1006.2,40,1003.2,1355,1004.9,14.5,5,1100,2.76,15.34,,,,,,5.4,4.4,24.9,19.2,,,,,,,,,,2.3,3.3,,
156,2021-06-29,23.2,19.7,214,29.3,1442,.57,1.1,1634,1.1,1630,1.1,5.9,230,1620,3,230,1624,.8,660,21,58,1404,88.3,24.9,997.9,1007.5,2245,1004.3,1541,1005.9,14.5,3.8,1200,3.34,18.5,,,,,,6.9,5.9,27,18.8,,,,,,,,,,3.3,4.6,,
156,2021-06-30,23.9,20.7,522,28.8,1428,1.47,1.8,1736,2.6,1725,3,4.4,50,1139,2.3,230,2224,.9,766,20.9,60,1354,84.6,24.8,998.7,1008.4,1044,1005.2,1801,1006.7,14.5,2.4,1200,2.69,16.01,,,,,,7,4.3,26.5,20.6,,,,,,,,,,2.9,4.1,,
156,2021-07-01,25.7,20.3,547,31.2,1710,,,,,,,8.8,200,1901,4,200,1904,1,869,20.9,47,1717,77.6,24.8,998.3,1007.7,915,1004.1,1553,1006.2,14.5,8.6,1200,3.51,23.86,,,,,,4.8,1.4,28.2,18.8,,,,,,,,,,4.1,5.9,,
156,2021-07-02,26.1,22.4,506,31.4,1446,.7,0,,0,,0,7.2,200,1724,4.3,200,1745,1,897,22.4,57,1448,81.8,27.1,1000,1010.3,2255,1006.5,1542,1007.9,14.5,4,1000,2.84,17.21,,,,,,7.1,4,28.6,21.3,,,,,,,,,,3.1,4.4,,
156,2021-07-03,23.7,22.4,1440,25.4,941,14.75,1.8,2028,6.3,2126,27,10.2,180,2148,5.2,180,2113,1.6,1390,22.6,77,702,93.9,27.4,997.1,1009.9,7,1001.8,2303,1005,14.5,.3,1100,.73,5.56,,,,,,9,5.5,24.8,20.3,,,,,,,,,,.9,1.3,,
156,2021-07-04,23.1,21.9,1022,25.4,138,3.68,.8,206,1.2,139,1.6,14.6,230,135,8,200,138,3,2564,22.5,88,1621,96.6,27.2,999.1,1011,2337,1001.3,132,1007.1,14.5,.1,1200,1.36,8.93,,,,,,9.6,6.8,25,21.6,,,,,,,,,,1.4,2,,
156,2021-07-05,21.9,20.1,1402,23.1,2206,14.8,4.1,1357,6.3,1330,29.1,5.6,180,2141,3,180,2057,1.1,945,21.6,96,945,98.6,25.9,1001.7,1012.6,1355,1007.5,2354,1009.7,14.5,0,1200,.68,5.21,,,,,,10,6.4,23.6,21.3,,,,,,,,,,.8,1.2,,
156,2021-07-06,23.1,21.4,554,24.5,2252,21.37,8.6,853,30.1,445,119.5,4.5,230,1912,2.9,200,543,.9,807,22.9,99,1,99,27.9,999.8,1009.6,2347,1006.1,253,1007.9,14.4,0,1100,.55,3.27,,,,,,10,7.6,23.6,22.2,,,,,,,,,,.7,1,,
156,2021-07-07,25.2,24.1,5,27.8,1325,14.3,3.2,1455,7.1,1412,17.9,7.6,200,1451,4.6,200,1453,1.7,1472,25,99,1,99,31.8,999.4,1009.5,1,1005.3,1645,1007.4,14.4,.1,1300,1.56,7,,,,,,10,7.1,26,24.4,,,,,,,,,,1.2,1.7,,
156,2021-07-08,25.6,23.3,639,29.8,1623,5.45,.4,520,.7,515,.9,5.8,200,138,3.8,200,138,1.3,1084,25,82,1629,96.9,31.6,997.7,1006.8,920,1004.1,1648,1005.7,14.4,.8,1100,1.81,11.66,,,,,,9.5,6.9,27.5,24.3,,,,,,,,,,1.9,2.8,,1.03
156,2021-07-09,25.8,23.5,455,30.2,1408,1.22,2.3,436,2.8,422,4.2,6.6,250,1724,3.8,200,1430,1.4,1208,24.8,70,1354,94.4,31.2,997.7,1007.8,2333,1004.2,1542,1005.7,14.4,4.7,1300,2.86,17.77,,,,,,7.5,6.5,28.3,24.1,,,,,,,,,,3.3,4.6,,
156,2021-07-10,26.4,23.7,150,31.3,1418,,,,,,,9.1,230,1624,6,200,1626,2.2,1904,24.6,69,1324,90.9,31,1000.5,1011.2,2359,1006.8,1634,1008.4,14.4,4.9,1300,2.94,19.24,,,,,,5.6,5.6,28.9,23.1,,,,,,,,,,3.2,4.6,,
156,2021-07-11,27.2,23.1,441,31.8,1520,.18,0,,0,,0,6,230,1609,3.6,200,1426,1.6,1382,25.3,71,1503,90.5,32.4,1002.5,1011.7,803,1009.3,1532,1010.4,14.4,4,1400,2.62,17.66,,,,,,6.1,5.1,31.1,23.3,,,,,,,,,,3.1,4.4,,
156,2021-07-12,28.1,24.9,322,32.4,1314,,,,,,,6.7,180,2046,4.4,200,1845,1.8,1584,25.7,65,1249,87.5,33,1002.2,1011.5,749,1008.6,1806,1010.1,14.4,6.3,1200,2.7,21.16,,,,,,6.5,3.6,32.5,24.4,,,,,,,,,,4.2,6,,
156,2021-07-13,28.4,25.5,556,32.3,1235,,,,,,,8.1,180,1618,5.1,180,1632,2.6,2255,24.7,58,1536,81.5,31.2,1002.3,1011.4,2328,1009.2,1629,1010.2,14.3,8.1,1200,3.21,22.3,,,,,,5.6,2.3,33.6,23.9,,,,,,,,,,4.3,6.1,,
156,2021-07-14,28.2,26,544,31.4,1631,,,,,,,7,200,2112,4.1,180,2108,2.3,1956,25.3,66,1624,84.8,32.2,1004.6,1014.1,2400,1011.1,1,1012.5,14.3,2.2,1500,2.05,16.15,,,,,,7.9,1.5,33.8,24.4,,,,,,,,,,3.2,4.5,,
156,2021-07-15,28.7,24,540,33.4,1404,,,,,,,7,180,1138,4.3,180,1520,1.6,1415,24.2,53,1327,78.4,30.1,1006.3,1015.3,2327,1012.8,1607,1014.2,14.3,9.6,1100,3.56,26.02,,,,,,6,2.3,36.1,22.6,,,,,,,,,,4.9,7,,
156,2021-07-16,25.9,22.8,2328,32.7,1333,1.52,1.2,1436,1.4,1433,1.4,7.8,50,1703,4.4,200,1416,1.2,1023,24.5,60,1120,92.5,30.7,1006.4,1015.8,635,1012,1603,1014.4,14.3,6.8,1100,2.75,18,,,,,,5.4,4.1,30.1,22.4,,,,,,,,,,3.2,4.5,,
156,2021-07-17,26.2,21.5,508,31.6,1435,.2,.2,,.2,,.2,6.2,160,1722,3.8,180,1729,1.5,1258,22.6,58,1436,82.1,27.5,1003.4,1014,1,1009.3,1706,1011.4,14.3,9.5,1000,3.05,23.31,,,,,,5.6,4.6,29.8,21,,,,,,,,,,4.2,6.1,,
156,2021-07-18,27.3,23.4,516,32.1,1509,,,,,,,6.6,180,1326,3.3,180,1710,1.3,1163,22.8,53,1244,77.8,27.8,1002.7,1012,2334,1009.3,1516,1010.6,14.3,6.4,900,2.91,22.12,,,,,,5.9,5.3,36.3,21.5,,,,,,,,,,3.8,5.4,,
156,2021-07-19,27.8,24.1,543,32.5,1356,,,,,,,5.9,180,1555,3.4,180,1558,1.2,1039,23.4,56,1336,78.4,28.8,1004.7,1014,2335,1011.5,214,1012.6,14.2,7.9,1300,3.48,20.79,,,,,,6,3.9,35.7,23.4,,,,,,,,,,3.9,5.6,,
156,2021-07-20,27.7,24.7,518,31.1,1223,,0,,0,,0,5.3,50,1655,2.5,50,1236,.9,809,23.9,55,1827,81.5,29.7,1005.7,1014.9,809,1012.3,1841,1013.6,14.2,3.2,1200,2.59,17.52,,,,,,7.5,3.5,32.3,23,,,,,,,,,,3.3,4.7,,
156,2021-07-21,29,23.2,458,35.1,1413,,,,,,,6.5,50,1510,3.6,50,1526,1.3,1138,23.4,47,1203,74.6,28.8,1003.7,1013.5,1,1009.7,1705,1011.6,14.2,10.9,1200,3.63,26.22,,,,,,3.8,.3,36.8,20.7,,,,,,,,,,5.4,7.7,,
156,2021-07-22,28.7,23.7,430,32.9,1258,,,,,,,7.3,50,804,3.6,50,804,1.8,1528,22.4,51,1255,70.5,27.2,1002.1,1011.8,3,1008.6,1823,1010,14.2,10.6,1200,3.59,23.56,,,,,,4.8,.9,35,21.2,,,,,,,,,,4.3,6.2,,
156,2021-07-23,28.7,24.4,631,33.6,1421,,,,,,,6.9,70,1318,3.4,180,1550,1.3,1160,22.5,49,1140,70.9,27.4,1000.7,1010.1,811,1007.1,1812,1008.6,14.1,7.9,1200,3.68,22.38,,,,,,6.8,1.6,33.4,22.3,,,,,,,,,,4.4,6.3,,
156,2021-07-24,29.1,25.8,545,32.8,1547,,,,,,,6.1,70,1515,3.1,50,712,1.4,1225,22.3,49,1512,68.3,27,999.7,1008.8,758,1006.1,1913,1007.5,14.1,9.1,1100,2.62,22.86,,,,,,7.9,1.6,35.9,23.9,,,,,,,,,,4.5,6.4,,
156,2021-07-25,29,25.5,409,34,1357,,,,,,,8.2,50,1320,3.9,50,1329,1.8,1534,20.6,47,1311,61.5,24.2,997.8,1007.1,142,1004.3,1536,1005.6,14.1,8,1300,3.48,22.94,,,,,,6.6,1.4,35.9,22.6,,,,,,,,,,5.1,7.3,,
156,2021-07-26,28.3,24.7,504,32.8,1645,,,,,,,7.5,50,201,3.2,50,202,1.6,1356,21.5,48,1709,67.3,25.6,995.9,1005.5,3,1002.4,1737,1003.8,14.1,8.3,1200,2.65,20.25,,,,,,5.1,1.6,34.4,22,,,,,,,,,,4,5.7,,
156,2021-07-27,28.3,23,602,34.3,1609,,,,,,,6.2,180,1807,3.6,180,1808,1.4,1182,21.5,47,1533,67.9,25.6,994.8,1004.1,1,1000.7,1648,1002.6,14,9.7,1000,3.01,19.96,,,,,,1.8,1.5,32.8,19.9,,,,,,,,,,4,5.8,,
156,2021-07-28,28.9,24.7,529,33.9,1302,,,,,,,6.9,180,1947,4.6,200,1655,1.4,1170,22.9,47,1342,71.9,28,994.8,1004.2,735,1000.4,1620,1002.7,14,7.3,1000,3.11,19.15,,,,,,4.4,4,34.3,22.2,,,,,,,,,,3.9,5.6,,
156,2021-07-29,29,25,612,34.6,1520,,,,,,,7.3,230,1728,4.7,200,1750,1.6,1344,23.2,47,1523,72.9,28.5,994.2,1003.7,1,1000.5,1500,1002,14,7.7,1000,2.58,20.75,,,,,,4.9,2.3,39.2,22.5,,,,,,,,,,4.2,6,,
156,2021-07-30,28.1,23.6,626,33.2,1302,1.23,.3,2157,.4,2151,.4,7.2,230,1507,4.3,200,1155,1.7,1510,23.4,53,1010,77.5,28.9,993.3,1002.5,543,999.8,1708,1001.1,14,6.9,1100,3.41,20.07,,,,,,6.3,3.6,32.6,20.1,,,,,,,,,,3.8,5.5,,
156,2021-07-31,29.1,25.2,534,34,1611,3.28,9.3,126,23.9,101,25.4,5.8,270,1636,3,200,1417,.9,781,24.9,51,1441,80.1,31.7,993,1002.3,814,999.3,1711,1000.8,13.9,8.4,1300,3.36,23.36,,,,,,6.3,5.4,33.3,25.7,,,,,,,,,,4.5,6.4,,
156,2021-08-01,28.2,25.7,1854,32.6,1304,1.88,1,1830,1,,1,6.7,250,1652,3.8,200,1544,1.3,1110,25.5,63,1423,86.3,32.6,992.7,1001.9,2213,998.5,1549,1000.5,13.9,3.3,1200,2.47,16.19,,,,,,8.6,4.8,31.3,25.4,,,,,,,,,,2.9,4.1,,
156,2021-08-02,26.9,24.5,2238,30.4,946,5.9,9.1,2221,24.5,2159,45.3,5.9,200,2222,3.4,200,2229,.8,733,26.2,74,1008,96.1,34.1,995.4,1006.2,2232,1001,247,1003.3,13.9,2.4,900,1.83,12.71,,,,,,9.3,5.5,30.7,24.9,,,,,,,,,,1.9,2.7,,
156,2021-08-03,27,23.3,654,31.3,1445,6.43,1.2,159,3.7,146,9.9,6.4,200,1603,4,200,1602,1.2,1054,25.1,62,1654,90.5,31.9,999.9,1010,2348,1005,106,1007.8,13.9,5.6,1400,2.45,17.07,,,,,,7,3.4,29.9,24,,,,,,,,,,3.3,4.7,,
156,2021-08-04,28.6,23.6,548,34.2,1614,.2,0,,0,,0,5.4,160,1749,3.3,160,1759,1,899,24.3,53,1606,79.5,30.5,1000.9,1010.6,902,1006.7,1625,1008.8,13.8,9.1,1500,2.86,23.1,,,,,,3.4,2.5,30.9,23.1,,,,,,,,,,4.4,6.2,,
156,2021-08-05,28.8,24.7,548,33.2,1456,,,,,,,6.2,50,1621,2.6,20,1627,.7,575,24.5,59,1300,79.3,30.8,998,1008.4,1,1003.6,1731,1005.9,13.8,5.9,1200,3.04,18.02,,,,,,4.1,3.5,30.9,23.8,,,,,,,,,,3.3,4.7,,
156,2021-08-06,26.6,20.2,1755,34.5,1307,2.37,19.3,1724,57.2,1710,59.4,15.2,70,1725,5.6,50,1745,1.5,1265,23.3,46,1434,85,28.8,995.3,1005.1,1,1001,1642,1003.2,13.8,9.5,1200,3.24,24.15,,,,,,3.8,1.8,30.1,19.7,,,,,,,,,,4.4,6.3,,
156,2021-08-07,27.8,22.8,142,34,1347,,,,,,,5.1,70,2240,2.5,50,2121,1,860,23.4,50,1449,79.1,28.8,994.7,1003.6,1038,1000.8,1557,1002.6,13.7,10.4,1200,3.46,25.37,,,,,,4.8,.8,30,21.8,,,,,,,,,,4.6,6.6,,
156,2021-08-08,26,22.9,1722,29.9,1002,1.08,3.4,1708,5,1645,5,4.4,70,1709,2.1,50,918,.8,666,24.3,72,1046,91,30.3,993.9,1003.3,2,1000.3,1620,1001.8,13.7,1.7,900,1.9,10.24,,,,,,7.6,1.8,28.6,22.9,,,,,,,,,,1.9,2.7,,
156,2021-08-09,27.2,22.7,546,33,1524,,,,,,,6,270,1701,2.4,250,1818,1,889,23.3,50,1511,81.3,28.7,995.1,1006,2342,1000.8,446,1003,13.7,10.1,1100,3.42,25.99,,,,,,5,3.1,30.9,21.9,,,,,,,,,,4.5,6.5,,
156,2021-08-10,27.6,24.8,556,32.3,1504,,,,,,,6.8,180,1527,4.1,200,1457,1.4,1244,23.7,53,1440,80.6,29.3,1000,1010.4,2311,1005.5,135,1007.9,13.7,7.1,1300,3.39,20.12,,,,,,7,3.8,31.5,23.6,,,,,,,,,,3.9,5.5,,
156,2021-08-11,26.5,22.5,507,30.9,1323,.55,0,,0,,0,7.6,160,1825,4.6,180,1453,1.7,1440,23.2,61,1317,83.1,28.4,1001.9,1011,823,1008.1,1433,1009.9,13.6,6.1,1100,3.35,17.82,,,,,,5.3,3.5,27.8,22.2,,,,,,,,,,3.4,4.8,,
156,2021-08-12,26.3,22.8,502,30.3,1412,1.08,.3,1800,.6,1748,.6,4.5,180,1402,2.7,180,1411,1,907,23.3,61,1417,84.8,28.6,1001.1,1010.8,827,1007.5,1803,1009,13.6,3.9,1100,2.19,14.3,,,,,,7.1,3.6,28.8,22,,,,,,,,,,2.3,3.3,,
156,2021-08-13,25.6,22.8,2238,29.5,1420,3.45,.9,2223,2.2,2133,4,6.4,200,1520,3.3,200,1726,1.4,1171,23.7,66,1415,90,29.3,997.5,1007.9,9,1003.8,1436,1005.5,13.6,.3,1200,1.72,11.44,,,,,,9.3,6.1,27.8,23.3,,,,,,,,,,2,2.8,,
156,2021-08-14,24.3,22.3,646,27.9,1643,9.82,.7,257,2.5,221,12.8,7.7,90,1407,4,50,1414,1.3,1145,22.2,64,1757,88.9,26.7,998.8,1010.3,2334,1004.9,610,1006.7,13.5,3.4,1300,2.62,15.5,,,,,,7.9,4.5,26.9,21.9,,,,,,,,,,2.8,4,,
156,2021-08-15,24.7,21.8,602,30.8,1443,3.72,4.5,1642,8.6,1605,13.7,5.5,200,1634,3.6,200,1638,.8,692,22.1,56,1436,87.5,26.6,1004.9,1014.9,2301,1010.1,36,1012.9,13.5,5.6,1100,2.5,16.53,,,,,,7.3,5,28.6,21.4,,,,,,,,,,2.9,4.2,,
156,2021-08-16,25.7,21.2,550,30.4,1506,,,,,,,6.3,50,1211,3.6,50,850,1.4,1247,21.4,54,1351,79.5,25.6,1004.8,1014.8,3,1010.9,1741,1012.7,,,800,1.72,,,,,,,4.6,3.1,27.6,20.8,,,,,,,,,,1.1,1.6,,
156,2021-08-17,25.5,20.4,2112,30.7,1523,3.13,7.7,2057,15.6,2055,17.2,6.6,50,2100,3.8,180,2148,1.6,1390,20,49,1526,73.9,23.5,1000.4,1011.7,1,1005.7,1619,1008.3,13.4,9.5,1200,3.33,24.47,,,,,,7,6.3,28.5,20.1,,,,,,,,,,4.5,6.4,,
156,2021-08-18,22.7,20,1644,28.8,1145,5.02,16,1614,20.1,1605,22.7,6.7,50,1614,3.3,70,1617,.9,752,21.4,59,1220,93.4,25.5,1000.8,1010.4,2339,1007.2,1457,1008.8,13.4,4.5,1100,3.28,13.72,,,,,,6.9,5.5,25.5,20,,,,,,,,,,2.4,3.4,,
156,2021-08-19,22.7,20.2,205,28.3,1448,3.92,7.1,1556,16.4,1529,19.2,10,200,1549,5.6,200,1557,.7,631,20.9,65,1204,90.6,24.7,1003.3,1013.5,2203,1010,27,1011.4,13.4,5.4,900,2.38,15.44,,,,,,6.4,6.4,26.4,20.3,,,,,,,,,,2.5,3.6,,
156,2021-08-20,24.8,19.9,247,29.8,1333,,,,,,,7.4,200,1616,4,180,1617,1.4,1234,21.7,62,1336,84,26,1003.6,1013.3,5,1009.8,2358,1011.7,13.3,9.3,1100,3.29,21.48,,,,,,3.1,1.5,26,19.3,,,,,,,,,,3.4,4.9,,
156,2021-08-21,24.5,23.3,1103,25.9,30,6.33,3.5,929,9.6,924,19.9,11.4,250,956,6.3,200,1015,2.3,1952,24.1,88,1,98,30.1,997.3,1009.9,31,1001.6,1440,1005.2,13.3,0,1500,.71,3.8,,,,,,9,7.1,24.8,22.7,,,,,,,,,,.9,1.3,,
156,2021-08-22,25.8,22.4,511,29.8,1544,,,,,,,5.1,270,1453,2.8,200,1600,1.2,1051,23.8,65,1417,89.5,29.4,1001.4,1011.1,2319,1007.2,517,1009.3,13.3,6.2,1300,2.65,18.26,,,,,,7.9,4.1,29.5,20.9,,,,,,,,,,2.7,3.9,,
156,2021-08-23,24.1,22.7,2153,26.1,1548,13.4,5.6,2003,19.5,1934,30.6,7.4,70,2250,3.8,50,2207,1.2,1067,23.8,95,1,98.8,29.6,999.2,1010.9,123,1001.2,2249,1007.2,13.2,0,1900,0,0,,,,,,9.9,4.3,25.4,23.2,,,,,,,,,,.2,.3,,
156,2021-08-24,25.2,22.5,50,28,1352,10,7.7,845,21.6,804,29.6,15.4,230,903,8,200,907,2.6,2270,24.9,93,1357,98.8,31.6,994,1005.8,2355,998.1,805,1001.9,13.2,0,1900,0,0,,,,,,9.4,6.6,26,23.6,,,,,,,,,,.2,.4,,
156,2021-08-25,25.2,23.3,701,28.7,1653,5.02,1.4,1932,4.5,831,10.7,7.1,160,1422,4.1,180,1431,1.4,1228,24.8,91,1657,97.9,31.4,998.8,1009.8,2400,1005.2,447,1006.8,13.2,.4,1400,1.53,8.42,,,,,,9.8,4.8,27,23.1,,,,,,,,,,1.6,2.3,,
156,2021-08-26,26.3,23.1,542,31.3,1605,,,,,,,5,200,1323,2.7,200,1326,1.1,954,22.7,48,1309,82.4,27.6,1005,1014.5,2121,1009.6,4,1012.9,13.1,6.4,1200,3.27,21.14,,,,,,5.9,5.4,28.4,22,,,,,,,,,,3.7,5.2,,
156,2021-08-27,23.5,21,2340,28.2,1229,8,2,740,3,739,10.6,11.9,200,1509,7.1,200,1532,1.8,1574,23.3,90,12,98.9,28.8,1004.4,1013.9,2,1010.3,1515,1012.5,13.1,.4,1200,1.48,7.63,,,,,,8.3,5.6,26,21.6,,,,,,,,,,1.4,1.9,,
156,2021-08-28,25.1,20.6,432,30.4,1303,.23,0,,0,,0,4.7,50,1022,2.5,50,1020,1,836,21.9,52,1311,84.3,26.4,1005.7,1014.8,749,1012.3,1830,1013.7,13.1,5.9,1200,3.31,19.74,,,,,,6.1,4.3,27,21.1,,,,,,,,,,3.1,4.5,,
156,2021-08-29,25.5,23.5,1028,27.7,1604,4.27,14.5,1026,19.7,950,24.6,7.9,230,852,4.9,200,859,1.4,1238,25,92,1353,97.8,31.8,1005.1,1015.1,2329,1012,442,1013.1,13,.7,1300,2.14,9.2,,,,,,9.5,6.1,27.5,23.7,,,,,,,,,,1.6,2.2,,
156,2021-08-30,25.5,22.7,549,29.9,1300,1.93,.7,1827,1.9,1814,1.9,7.2,290,1833,2.9,250,1803,.6,499,23.7,68,1257,91,29.4,1007.2,1016.2,2102,1013.7,1529,1015.2,13,3.4,1200,3.09,16.25,,,,,,7.9,4.5,27,22.6,,,,,,,,,,2.8,4,,
156,2021-08-31,26.5,22.9,425,31,1347,,,,,,,7.6,230,1622,4.7,230,1627,1.5,1322,24.4,69,1349,89.5,30.7,1006,1016.1,625,1012,2341,1014,13,5.2,1100,2.56,18.43,,,,,,7,3.3,30.1,23,,,,,,,,,,3,4.3,,
156,2021-09-01,24.5,22,2349,26.5,1103,4.63,16.8,942,43.5,901,45.7,8.8,200,833,5.2,200,904,1.8,1575,24,94,1733,97.4,29.9,1001.3,1012.1,3,1008,1703,1009.3,12.9,.4,1100,.97,5.5,,,,,,9.4,5.8,25.2,21.9,,,,,,,,,,1,1.4,,
156,2021-09-02,21.6,20.6,1942,24,1029,6.08,.5,1137,1.8,1129,3.4,5.7,200,1330,3.4,200,1331,.9,791,21.3,95,954,98.4,25.4,1001.2,1011.3,1020,1008.3,1632,1009.3,12.9,0,1000,.76,5.69,,,,,,9.5,5.9,23.9,21.6,,,,,,,,,,.9,1.3,,
156,2021-09-03,22.4,19.7,547,27.5,1414,3.55,.5,2023,.5,,1.3,5.3,70,705,3.1,50,1438,1.5,1292,21.3,74,1553,94.1,25.3,1000.6,1011.7,2345,1007.1,352,1008.7,12.9,2.9,1000,2.25,14.17,,,,,,8.8,7,24.8,20.8,,,,,,,,,,2.3,3.3,,
156,2021-09-04,23.4,20.1,649,26.8,1232,1,0,,0,,0,6.4,200,1843,3.9,180,1707,1,850,21.2,67,1215,88.6,25.2,1005.8,1016.4,2305,1011.6,1,1013.9,12.8,3.8,1100,2.4,13.17,,,,,,8.8,4.6,25.5,19.9,,,,,,,,,,2.1,3.1,,
156,2021-09-05,21.6,19.2,2124,24.3,1352,3.12,.6,1740,1.1,1650,1.1,6.8,50,1941,3.8,50,2316,1.4,1233,20,76,1455,91.1,23.4,1008.7,1018.8,2400,1015.5,345,1016.9,12.8,0,1000,.78,5.99,,,,,,10,6.1,23.3,19.8,,,,,,,,,,1.1,1.5,,
156,2021-09-06,21.2,18,556,23.1,2336,8.9,.4,1027,.8,1031,2.1,9.7,50,236,5.2,50,241,1.7,1448,19.9,72,2335,93.3,23.4,1007,1018.8,1,1012.8,1847,1015.1,12.8,0,1200,1.01,6.07,,,,,,9.9,6.9,22.7,19.1,,,,,,,,,,1.2,1.6,,
156,2021-09-07,22.4,20.2,2353,25.3,1134,6.88,1.2,714,1.2,624,2.4,6.7,250,1504,3.9,200,1410,1.4,1248,21.4,72,123,94.4,25.6,1001.8,1013,5,1007.7,1551,1009.9,12.7,.4,1100,1.43,6.73,,,,,,9.3,6.6,23.7,20.7,,,,,,,,,,1.2,1.7,,
156,2021-09-08,22.7,20,354,27.5,1432,2.83,0,,0,,0,5.2,340,1036,2.9,20,1106,.9,753,19.6,55,1434,84.4,22.8,1003,1013.5,2354,1009.6,135,1011.1,12.7,7,1000,2.94,19.76,,,,,,5.9,4.9,25.4,18.8,,,,,,,,,,3.2,4.6,,
156,2021-09-09,23.1,18.3,549,28.5,1507,,,,,,,4.2,200,2044,2.7,200,2046,.7,577,20,53,1447,84.5,23.5,1005.6,1014.8,647,1012.2,1456,1013.7,12.6,4.3,1200,2.42,16.68,,,,,,7.8,1.4,25.7,17.7,,,,,,,,,,2.6,3.6,,
156,2021-09-10,23.1,21,547,25.9,1606,.55,0,,0,,0,2.8,230,857,1.5,20,1059,.6,484,21.8,80,1456,93,26.1,1005.5,1014.5,1010,1012.5,1540,1013.5,12.6,.3,1300,1.36,7.33,,,,,,8.5,6.3,24.3,21.3,,,,,,,,,,1.3,1.8,,
156,2021-09-11,24.9,20.7,531,30.3,1620,,,,,,,3.7,50,1647,2,20,1659,.6,542,21.5,55,1524,83.9,25.7,1004.4,1014.3,524,1009.8,1628,1012.4,12.6,8.2,1100,3.23,20.67,,,,,,2.9,2.9,27.5,19.9,,,,,,,,,,3.7,5.3,,
156,2021-09-12,24.8,20.6,610,30.1,1446,,,,,,,5.2,50,1116,2.7,20,1132,1.1,940,21.4,51,1512,83.3,25.5,1004.6,1014.6,2218,1011,1444,1012.6,12.5,8,1400,2.56,18.2,,,,,,7,.5,27.8,19.7,,,,,,,,,,3.1,4.4,,
156,2021-09-13,24.2,20.6,600,28.8,1327,,,,,,,8,20,1431,3.6,50,724,1.8,1593,18,52,1229,69.8,20.7,1006.7,1016.2,952,1013.9,1522,1014.8,12.5,4,1300,2.68,15.62,,,,,,8.8,1.5,26.5,19.2,,,,,,,,,,3.3,4.7,,
156,2021-09-14,22.5,20.4,856,25.6,1513,3.47,1.2,751,2,746,2.5,10.3,50,1718,5.3,50,532,3.2,2738,19.8,72,11,85.1,23.2,1004,1014.3,2,1010.3,1555,1012.1,12.5,.5,1500,1.27,7.06,,,,,,9.3,5.8,23.7,21.3,,,,,,,,,,1.8,2.5,,
156,2021-09-15,24.1,20.7,2349,29.3,1540,,,,,,,9.8,70,940,5,50,1302,3.2,2757,16.7,49,1158,64.1,19,1004.7,1014.3,2118,1011.4,1456,1012.8,12.4,10.3,1200,3.17,22.98,,,,,,5,3.1,28,18.5,,,,,,,,,,5.2,7.4,,
156,2021-09-16,21.3,18.2,620,25.3,1142,3.57,.5,1740,1.3,1734,2,8.8,50,2103,4.6,50,2353,2.5,2163,17.9,60,1047,82.5,20.7,1002.2,1014.1,1,1007.8,2354,1010.3,12.4,3.3,1000,2.04,9.8,,,,,,7.8,3.9,22.7,16.2,,,,,,,,,,1.7,2.4,,
156,2021-09-17,23.2,19.8,113,28,1609,1.3,1.9,101,3.2,22,3.2,10.4,50,1357,5.6,50,1358,3,2561,20.7,67,1615,86.5,24.4,998.4,1010.4,2336,1003.3,1349,1006.5,12.3,4.3,1300,2.61,15.23,,,,,,7.6,5.6,25.6,19.3,,,,,,,,,,2.7,3.9,,
156,2021-09-18,23.3,19.8,712,27.9,1554,,,,,,,4.7,200,1914,3,200,1920,1,830,19.7,60,1609,81.8,23,1005.7,1016.5,2344,1010.4,1,1013.8,12.3,5,1100,2.43,13.75,,,,,,7.1,5.6,24.7,17.6,,,,,,,,,,2.4,3.4,,
156,2021-09-19,23.5,19.1,620,28.8,1327,,,,,,,5.5,180,1816,3.6,200,1855,1.2,994,18.9,51,1336,77.1,21.9,1007.2,1017.3,720,1013.1,1646,1015.3,12.3,7.8,1200,3.06,17.94,,,,,,4,2.5,24.8,16.2,,,,,,,,,,3.3,4.7,,
156,2021-09-20,23.9,19.2,602,28.3,1350,,,,,,,10.9,180,1759,5.2,180,1459,2,1766,19.7,55,1347,78.6,23,1003,1015.1,1,1008.1,2339,1011,12.2,10.6,1200,3.17,21.96,,,,,,4.6,2.9,27.3,15.7,,,,,,,,,,3.8,5.5,,
156,2021-09-21,22.5,20.1,917,26,1627,5.3,7.4,506,25.8,504,32,11.9,180,14,5.5,180,451,2.4,2077,21.2,73,1634,92.9,25.2,999.4,1009,854,1004.5,441,1007.4,12.2,3.8,1300,2.52,11.06,,,,,,6.4,4.5,24.2,19.1,,,,,,,,,,1.7,2.4,,
156,2021-09-22,23.2,18.6,1117,29,1526,1.33,1.2,1040,1.5,1001,1.9,9.1,20,1036,4.5,20,1045,1.4,1252,20.1,51,1536,84.8,23.6,1002.4,1013.9,2359,1008.3,444,1010.4,12.2,8.8,1200,2.99,18.2,,,,,,3.3,3.3,25.9,17.7,,,,,,,,,,3.1,4.4,,
156,2021-09-23,21.5,17.8,603,26.6,1508,,,,,,,6.9,50,1540,3.4,20,1548,1.1,940,15.7,39,1542,72.6,18,1009.7,1020.7,2325,1013.9,1,1017.8,12.1,10.1,1300,3,21.43,,,,,,2.9,.5,23.5,14.9,,,,,,,,,,3.7,5.3,,
156,2021-09-24,20.9,15.8,538,27.1,1509,,,,,,,4.6,70,1721,2.4,70,1720,.8,692,16.2,47,1515,76.6,18.4,1013.4,1023.1,1033,1020.1,1543,1021.6,12.1,8.7,1200,3.2,19.35,,,,,,3.6,1.5,23.8,13,,,,,,,,,,3.3,4.7,,
156,2021-09-25,21.9,17.4,600,27,1308,,,,,,,6.5,50,414,3.3,50,407,1.6,1346,17.9,56,1311,79.8,20.6,1013,1023.5,938,1019.2,1507,1021.1,12.1,5.2,1200,2.63,15.58,,,,,,6.5,2.1,23.3,15.1,,,,,,,,,,2.6,3.8,,
156,2021-09-26,22.2,19.1,633,26.5,1421,.52,0,,0,,0,5.5,70,319,3.2,50,321,1.3,1082,17.9,57,1415,78,20.6,1010.9,1021.5,12,1017.3,1443,1019,12,2.2,1100,2.25,13.07,,,,,,8.4,6.3,24.6,18.3,,,,,,,,,,2.3,3.3,,
156,2021-09-27,23,19.1,627,26.5,1217,.03,0,,0,,0,5,200,1838,3.2,180,1836,1.4,1226,17.9,57,1221,73.8,20.5,1006.8,1017.8,1,1013.1,1556,1014.9,12,3.4,1100,2.5,12.17,,,,,,8.4,6.5,24.8,18.8,,,,,,,,,,2.3,3.2,,
156,2021-09-28,22.7,20.8,625,25.8,1225,.93,.3,1824,.3,1812,.3,5,200,1149,3.2,180,1218,1.1,990,19.7,64,1031,83.8,22.9,1004.3,1014,1,1010.8,2347,1012.4,11.9,1.5,1200,1.69,10.69,,,,,,9.1,7.1,25.5,21,,,,,,,,,,1.7,2.5,,
156,2021-09-29,22.7,21.2,2400,26.5,1149,5.9,14.6,1251,26.8,1220,31.2,7,230,1221,4.6,200,1228,1.1,910,22.3,91,1107,97.8,27,,1010.8,1,1007.1,1505,,11.9,0,1000,.91,3.32,,,,,,9.8,6.9,24.4,21.3,,,,,,,,,,.4,.6,,
156,2021-09-30,23.5,17.2,631,32.4,1538,1.7,.5,1,1.5,1,2,,,,,,,,,16.7,38,1542,67.9,19,,,,,,,11.9,,,,,,,,,,1.5,1.5,,18.1,,,,,,,,,,,,,
156,2021-10-01,22,18.5,854,28.4,1536,,,,,,,3.3,140,1251,2,50,1344,,,19.5,53,1538,88,22.7,1001.4,1012.8,2312,1007.3,1501,1009.4,11.8,5.8,1200,2.89,11.15,,,,,,2.5,.9,24.4,16.6,,,,,,,,,,,,,
156,2021-10-02,22.8,18.3,446,29.4,1426,,,,,,,3.2,180,1505,2.1,230,1506,.7,637,19.4,48,1426,84.1,22.7,1006.3,1018,2345,1010.3,57,1014.4,11.8,8.1,1100,2.65,13.76,,,,,,1.1,.9,23.9,16.3,,,,,,,,,,1.2,1.7,,
156,2021-10-03,23.7,17.6,629,29.9,1503,,,,,,,7.3,180,2233,4,230,1454,1.7,1499,18.9,46,1244,77.8,22,1011.4,1021.1,2119,1017.9,50,1019.5,11.8,10.5,1200,2.89,20.29,,,,,,2.5,1.8,24.6,14.6,,,,,,,,,,4,5.6,,
156,2021-10-04,25.5,22.9,2302,30.2,1407,,,,,,,9.3,200,1025,5.4,200,1025,2.5,2187,22.1,53,1408,83,26.6,1012.9,1022.4,2307,1018.9,335,1021,11.7,8,1300,2.42,17.12,,,,,,5.1,1.6,26.8,19.4,,,,,,,,,,3.1,4.5,,
156,2021-10-05,24.4,19.9,656,30.4,1504,,,,,,,5.7,270,1511,3.3,230,1200,.9,748,21.2,56,1515,84.1,25.1,1013.1,1022.8,820,1019.7,1434,1021.2,11.7,9.5,1100,2.86,18.9,,,,,,2.3,1.8,26.4,16.9,,,,,,,,,,3.3,4.7,,
156,2021-10-06,23.9,18.7,630,29.9,1314,,,,,,,6.2,200,1833,3.1,180,1836,1,855,19.8,43,1542,81.5,23.3,1010.7,1021.4,751,1015.7,1652,1018.8,11.7,10.5,1200,3.03,20.81,,,,,,2.6,1.8,25.4,16.2,,,,,,,,,,3.9,5.6,,
156,2021-10-07,22.2,19.1,645,26.8,1145,,,,,,,5.6,250,1141,2.7,230,1339,.9,784,20.6,66,1147,91.8,24.3,1009,1018.4,2201,1015.7,1409,1017.1,11.6,4.5,1000,2.25,10.76,,,,,,3.9,2.6,22.6,16.2,,,,,,,,,,1.7,2.4,,
156,2021-10-08,22.3,19.5,609,25.7,1317,.8,0,,0,,0,6,50,1635,3.2,70,1641,1.2,1033,21.1,78,1302,93.3,25,1011.5,1021.3,2359,1018,443,1019.6,11.6,1.6,1200,1.55,10.27,,,,,,8.5,6.1,24.2,18.6,,,,,,,,,,1.7,2.4,,
156,2021-10-09,24.7,20.2,502,29.6,1510,,,,,,,5.9,180,1208,3.4,200,1224,1.1,959,20.7,52,1406,80.4,24.4,1012.7,1022.4,839,1019.1,1443,1020.8,11.6,8.1,1100,2.68,16.77,,,,,,5.5,3.5,25.9,17.4,,,,,,,,,,3.2,4.6,,
156,2021-10-10,24.1,20.3,614,30.7,1423,3.17,1.3,1557,2.1,1559,2.1,6,200,1227,4,230,1438,1.2,1023,22.3,61,1433,90.6,26.9,1010.1,1020.5,1,1015.9,1643,1018.2,11.5,4.9,1100,2.67,12.74,,,,,,6.8,4.1,25.7,17.5,,,,,,,,,,2.1,3,,
156,2021-10-11,15.9,14.2,920,20.8,1,14.72,.7,744,2,738,9.9,8.5,50,344,4.2,70,454,1.9,1648,15.7,96,500,98.8,17.8,1011.5,1021.1,2132,1017.9,54,1019.8,11.5,0,1000,.8,4.91,,,,,,10,5.8,20.3,16.6,,,,,,,,,,.6,.9,,
156,2021-10-12,17.4,15.7,33,18.8,1450,8.58,.4,352,1.3,225,5.9,6.4,70,1519,3.2,70,1701,1.6,1363,17.2,98,1724,98.9,19.6,1014.2,1024.3,2143,1020.4,106,1022.5,11.4,0,1100,.56,3.81,,,,,,10,6.4,19.9,17,,,,,,,,,,.6,.9,,
156,2021-10-13,20.1,16.6,350,24.3,1630,,,,,,,5.2,70,148,3.1,70,206,1.3,1145,18.4,72,1635,90.6,21.3,1014.5,1024.4,851,1021,1630,1022.7,11.4,.9,1200,1.68,10.16,,,,,,8.4,7.6,21.7,16.9,,,,,,,,,,1.6,2.3,,
156,2021-10-14,21.8,18.1,527,26.9,1504,,,,,,,5.7,340,1536,2.7,320,1537,1,832,18.9,59,1511,85.4,21.9,1011.4,1022.2,1,1017.3,1506,1019.6,11.4,7.9,1100,2.39,14.09,,,,,,5.1,5,22.3,16,,,,,,,,,,2.3,3.2,,
156,2021-10-15,19.4,16.7,2400,23.7,1249,5.4,.9,1858,3.5,1946,12.3,5,70,1755,2.6,50,1755,1.4,1169,17.2,67,1253,88,19.6,1009.3,1019.4,2325,1015.6,1446,1017.5,11.3,2.1,1200,1.65,10.14,,,,,,8.4,4.6,21.4,13.6,,,,,,,,,,1.5,2.1,,
156,2021-10-16,13.6,8.9,2354,17.3,1117,8.7,.6,317,2.4,301,4.3,10.9,70,2330,6,50,2358,2.6,2234,7.8,47,1151,70.8,11.3,1013.7,1026.7,2233,1017.9,321,1022.2,11.3,0,1200,.98,6.75,,,,,,9.5,4.8,17.2,7.9,,,,,,,,,,2.1,3,,
156,2021-10-17,8.2,4.1,708,13.7,1445,,,,,,,11.2,50,2,6.2,50,53,2.7,2355,-4.2,19,1248,43,4.6,1018.5,1029.6,908,1025.3,1717,1027.2,11.3,10.2,1200,2.95,20.19,,,,,,1.3,0,12.4,.3,,,,,,,,,,3.4,4.8,,
156,2021-10-18,11.4,3.6,511,19.1,1449,,,,,,,5.4,50,1135,2.9,70,36,1.3,1100,1.6,26,1406,53.1,7.1,1014.9,1026.7,3,1021,1702,1023.5,11.2,9.9,1200,2.83,19.2,,,,,,3,3,13.3,-2.8,,,,,,,,,,3.1,4.5,,
156,2021-10-19,11.9,9.3,629,17.4,1253,2.03,.4,1323,.4,717,.8,7.6,320,1320,3.9,20,1329,.9,793,7.9,55,1314,77.8,10.7,1011.9,1022.4,2341,1018.5,1549,1020.4,11.2,5,1100,2.29,11.65,,,,,,6,4.8,13.7,4.8,,,,,,,,,,1.9,2.7,,
156,2021-10-20,10.5,6.8,556,15.3,1309,,,,,,,4.5,70,443,2.7,70,743,1.3,1129,3.5,36,1609,64,7.9,1012.8,1023.2,837,1019.6,1425,1021.4,11.1,5.7,1200,2.32,13.02,,,,,,7.3,.4,12.2,1.2,,,,,,,,,,1.8,2.6,,
156,2021-10-21,11.3,6.4,507,17.1,1322,,,,,,,5.6,320,1401,2.4,270,1352,.8,694,5.7,44,1418,71.3,9.2,1011.3,1021.4,859,1017.8,1408,1019.8,11.1,9.4,1200,2.92,17.83,,,,,,4.5,.6,13.4,1.6,,,,,,,,,,2.6,3.7,,
156,2021-10-22,11.6,6,657,17.1,1323,,,,,,,9.8,50,1248,5.1,50,1257,1.4,1192,3.2,30,1512,61.1,7.8,1014,1026.1,2327,1020.2,9,1022.5,11.1,10.1,1200,2.68,17.73,,,,,,.1,.1,12.6,1.7,,,,,,,,,,2.9,4.1,,
156,2021-10-23,12.6,6.6,642,20.3,1403,,,,,,,5,20,1116,2.7,70,1114,.7,617,3.8,22,1313,59.4,8.1,1019.6,1029.7,853,1026,1,1028.1,11.1,10.1,1200,2.71,18.25,,,,,,0,0,13.5,1.5,,,,,,,,,,3,4.3,,
156,2021-10-24,13,7.2,650,19.9,1454,,,,,,,6.1,70,1028,2.8,70,1034,.6,489,5.3,21,1634,62.5,8.9,1017.6,1028.8,1,1023.6,1518,1026.1,11,9.5,1200,2.42,15.96,,,,,,5,.1,13.7,3.5,,,,,,,,,,2.5,3.6,,
156,2021-10-25,13.1,8.1,700,19.5,1419,,,,,,,5,50,1432,2.8,50,1658,.8,719,7.2,35,1509,70.8,10.2,1014,1024.9,1,1020.5,1457,1022.5,11,9.8,1200,2.56,17.03,,,,,,1.3,0,14.3,3.7,,,,,,,,,,2.7,3.9,,
156,2021-10-26,13.6,6.9,700,20.1,1454,,,,,,,3.9,70,1100,2,70,1103,.7,581,7.3,36,1348,69.1,10.3,1012.1,1023.4,849,1018.3,1702,1020.5,11,9.6,1200,2.61,16.37,,,,,,3.6,0,14.2,1.6,,,,,,,,,,2.6,3.7,,
156,2021-10-27,14.1,10,629,20.8,1435,,,,,,,5.6,50,1325,2.7,320,1536,.8,687,8.3,34,1429,71.6,11.1,1011.9,1021.9,2338,1018.2,1445,1020.4,10.9,9.9,1200,2.44,15.61,,,,,,1.4,.1,15.3,5.8,,,,,,,,,,2.6,3.8,,
156,2021-10-28,13.8,7.6,643,21.6,1426,,,,,,,3.8,290,1610,1.8,50,944,.7,639,5.4,28,1442,61.8,9.1,1014.3,1024.9,2358,1020.5,1419,1022.7,10.9,9.9,1200,2.6,17.39,,,,,,.8,0,13.9,2.1,,,,,,,,,,3,4.2,,
156,2021-10-29,15.1,9.1,617,21,1342,,,,,,,4.7,70,925,2.5,50,1205,.9,754,8.3,41,1427,66.4,10.9,1015.8,1026.3,901,1022.2,1519,1024.2,10.8,8.5,1100,2.29,14.71,,,,,,4,2.6,14.7,4.1,,,,,,,,,,2.3,3.4,,
156,2021-10-30,13.9,11,711,17.4,1538,,,,,,,2.3,90,551,1.3,70,411,.6,522,9.5,55,1637,75.9,11.9,1015.6,1025.3,2342,1022.9,1447,1024,10.8,1.8,900,.92,6.63,,,,,,5.6,2,14.2,6.7,,,,,,,,,,1,1.4,,
156,2021-10-31,14.7,8.6,716,22.1,1447,,,,,,,4.9,320,1639,2,320,1640,.5,407,9.7,43,1547,75.6,12.1,1015.7,1025.8,850,1022.1,1516,1024.1,10.8,9.7,1200,2.44,15.7,,,,,,1.6,0,14.8,4.4,,,,,,,,,,2.4,3.4,,
156,2021-11-01,14.5,10.8,542,20,1450,,,,,,,5,290,1716,1.8,340,1401,.6,555,10.7,47,1435,80,12.9,1015.6,1025.6,836,1022.1,1422,1024,10.8,8.3,1100,2.2,13.22,,,,,,3.4,1.8,15.3,6.9,,,,,,,,,,2,2.8,,
156,2021-11-02,12.1,8.4,658,17.1,1400,,,,,,,4.7,320,1407,2.4,50,1654,.8,683,8.2,50,1334,79,10.9,1013.7,1024.1,7,1020.1,1357,1022.2,10.7,6.1,1200,2.29,12.29,,,,,,3.5,1.8,13.3,3.8,,,,,,,,,,1.8,2.6,,
156,2021-11-03,12.2,6.5,705,18.1,1341,,,,,,,6.2,360,1349,2.3,340,1356,.7,605,6.5,34,1520,72.4,9.8,1011.6,1022,855,1017.7,1627,1020.1,10.7,8,1200,2.34,14.77,,,,,,4.1,1,12.9,2,,,,,,,,,,2.2,3.2,,
156,2021-11-04,13.9,8.3,659,20.8,1511,.83,,,,,.4,4.3,290,1405,1.6,270,1411,.5,425,9.5,34,1534,78.5,11.9,1011.8,1022.1,2206,1018.4,1514,1020.3,10.7,9.4,1200,2.33,14.78,,,,,,2.3,2,14.1,4.8,,,,,,,,,,2.2,3.1,,
156,2021-11-05,13.7,8.8,554,19.3,1340,,,,,,,4.9,70,2249,2.2,200,1635,.7,571,8.4,45,1533,72.9,11.1,1011.9,1022.2,829,1018.2,1414,1020.3,10.6,4.9,1000,1.94,10.83,,,,,,5.1,0,12.9,4,,,,,,,,,,1.8,2.6,,
156,2021-11-06,15.7,11.3,147,21.9,1314,,,,,,,6.8,70,714,3.6,70,820,1.7,1502,7.1,38,1315,58.5,10.1,1011,1021.6,2359,1017.2,1419,1019.3,10.6,8.8,1200,2.33,14.78,,,,,,1.6,.5,14.5,7,,,,,,,,,,2.8,4,,
156,2021-11-07,16.6,10.3,647,23.8,1413,,,,,,,7.4,200,1504,3.8,70,1113,1.7,1441,8.8,42,1414,61.4,11.3,1010.3,1022.9,821,1014.7,2250,1018.6,10.6,8,1100,2.34,14.6,,,,,,3.8,.4,14.9,5.5,,,,,,,,,,2.7,3.8,,
156,2021-11-08,11.6,7.4,2342,18.5,605,10.37,,,,,21.2,11.6,250,645,5.3,180,539,2.3,1995,8.5,61,1552,82.1,11.4,1006,1016.9,2159,1008.7,621,1014.5,10.5,1,1300,1.44,4.73,,,,,,9.1,6,12.9,5.5,,,,,,,,,,.8,1.1,,
156,2021-11-09,8.4,7.1,232,11,1432,7.8,,,,,.5,10.6,270,1345,6,270,1351,2.5,2134,4.9,55,1629,79.1,8.7,1004.9,1016.6,1,1010.6,2355,1013.4,10.5,.8,1200,.96,5.36,,,,,,9.4,6.4,10.1,4,,,,,,,,,,1,1.4,,
156,2021-11-10,7.8,5.6,624,10.1,1434,14.45,,,,,20.6,10,250,615,6.1,270,618,1.8,1516,6.8,65,125,94.4,9.9,1001.6,1012,2355,1008.2,1326,1010.1,10.5,1.3,1200,.88,4.73,,,,,,10,5,8.9,4.4,,,,,,,,,,.6,.8,,
156,2021-11-11,8.1,5.2,2313,11,1134,8.95,,,,,7.3,5.6,320,2111,2.7,70,645,.8,699,7.3,77,930,94.9,10.2,1004.9,1016,2235,1011.5,44,1013.5,10.4,1.5,1100,1.19,5.4,,,,,,8.5,5.6,9.7,3,,,,,,,,,,.7,.9,,
156,2021-11-12,7,4.4,657,11.4,1119,2.45,,,,,2.2,8.5,320,1129,3.6,290,1132,.9,793,5.4,54,950,90.4,9,1010.1,1020.3,2350,1015.7,1,1018.7,10.4,4.7,1000,1.88,9.13,,,,,,5.8,4.3,8.4,.7,,,,,,,,,,1,1.4,,
156,2021-11-13,9.1,4.6,549,15.3,1615,.43,,,,,0,4.7,250,1617,2.5,250,1642,.6,529,6.5,55,1608,85.9,9.7,1011.5,1021.4,837,1018.2,1519,1020,10.4,5.5,1100,2.22,11.1,,,,,,4.3,3.8,9.2,.8,,,,,,,,,,1.4,2,,
156,2021-11-14,10.3,5.1,624,17.4,1323,,,,,,,3.9,320,1616,2,250,1240,.5,463,7.2,53,1558,83.5,10.2,1011.3,1021.2,905,1018.3,1510,1019.8,10.4,6.7,1200,1.99,10.63,,,,,,2.9,2.6,9.1,1.1,,,,,,,,,,1.4,2,,
156,2021-11-15,10.8,5.3,651,16.6,1506,,,,,,,3.5,320,1646,2,230,1305,.5,435,7.5,53,1519,82.9,10.4,1013.5,1023.6,952,1020.1,1519,1022.1,10.3,8.6,1100,2.12,12.34,,,,,,2.9,1.6,9.6,1,,,,,,,,,,1.5,2.2,,
156,2021-11-16,10.6,6.4,642,17.1,1437,,,,,,,4.9,320,1458,2.3,320,1502,.6,530,4.3,32,1626,69.8,8.5,1015.8,1026,2153,1022.7,1400,1024.4,10.3,8.9,1200,1.96,12.26,,,,,,3.1,.5,9.5,2.1,,,,,,,,,,1.8,2.6,,
156,2021-11-17,9.5,4.3,635,16,1420,,,,,,,4.3,270,1333,2.2,230,1402,.6,509,4.2,38,1447,72.3,8.2,1015.6,1026.7,757,1022,1513,1024.2,10.3,8.8,1200,2.24,13.58,,,,,,3.1,1.4,8.7,-.7,,,,,,,,,,1.9,2.7,,
156,2021-11-18,10.5,5.5,716,17.3,1350,,,,,,,4,250,1512,2.4,230,1623,.6,516,6.7,51,1433,79.1,9.8,1011.7,1022.8,1,1018,1548,1020.2,10.3,9,1200,2.11,12.86,,,,,,2.1,0,9.7,1.2,,,,,,,,,,1.8,2.5,,
156,2021-11-19,11.5,6,447,18.1,1420,,,,,,,3.2,340,1635,1.4,320,1642,.4,336,9.1,59,1552,87.1,11.7,1010.7,1020.6,911,1017.3,1546,1019.3,10.2,8.3,1200,2.12,12.1,,,,,,2.3,1.5,10.1,1.7,,,,,,,,,,1.6,2.3,,
156,2021-11-20,10.9,6.1,639,17.5,1541,,,,,,,2.7,230,1237,1.5,230,1245,.4,368,9.4,56,1617,91.8,11.9,1012.2,1022.2,956,1019.8,6,1020.7,10.2,5.5,1200,2.09,10.44,,,,,,4.9,3.3,10.7,2.1,,,,,,,,,,1.5,2.1,,3.53
156,2021-11-21,12.3,8,350,15.7,1547,,,,,,,2.3,270,346,1.5,70,507,.5,431,10.8,74,1320,91.4,13,1008.6,1021.3,433,1013.9,2138,1017,10.2,.4,1000,.97,5.23,,,,,,8.5,5.1,11,4.9,,,,,,,,,,.8,1.1,,
156,2021-11-22,7.3,3.9,2212,12.8,13,9.12,,,,,1.9,9.3,20,1353,4.3,20,1459,1.5,1322,2.6,48,1031,73.6,7.6,1008.5,1019.9,2142,1013.6,125,1017.1,10.2,1.9,1000,1.15,6.92,,,,,,7.9,6.3,8.7,.3,,,,,,,,,,.9,1.4,,
156,2021-11-23,4,2.2,730,5.4,2359,14.12,,,,,8.5,7,290,1443,2.5,70,706,1,833,3.5,80,1012,97,7.9,1010.7,1020.6,1022,1018.4,1336,1019.4,10.1,.6,1200,.95,4.52,,,,,,9.6,7.3,6.6,.9,,,,,,,,,,.5,.8,,
156,2021-11-24,8.3,4,650,13.8,1415,,,,,,,8.1,250,1415,3.5,270,1447,1.3,1162,4,46,1458,76.4,8.2,1010.6,1020.9,1009,1017.6,1412,1019.2,10.1,5.6,1400,1.77,9.21,,,,,,5,5,8.6,.3,,,,,,,,,,1.3,1.9,,
156,2021-11-25,9.8,6.1,557,16.1,1408,,,,,,,5.5,320,1249,2.3,290,1359,.7,607,4.6,34,1520,73.3,8.5,1011,1022.8,2348,1017.5,441,1019.5,10.1,7.4,1100,1.79,10.51,,,,,,2.8,2.8,8.2,1.9,,,,,,,,,,1.5,2.2,,
156,2021-11-26,7.6,3.1,650,12.9,1351,,,,,,,6.9,70,1050,3.4,70,938,1.1,963,-.7,25,1403,60.1,5.9,1018.2,1030.3,2338,1022.8,1,1026.9,10.1,9.1,1200,2.2,13.54,,,,,,0,0,6.1,-2.5,,,,,,,,,,2.1,3,,
156,2021-11-27,7,2.6,532,13.7,1534,,,,,,,4.9,90,1054,2.7,70,850,.9,761,-1.2,27,1654,60,5.7,1024.8,1036.2,2325,1030.3,1,1033.6,10,9.4,1200,2.21,13.67,,,,,,0,0,5.6,-2.7,,,,,,,,,,1.9,2.7,,
156,2021-11-28,7.7,1.1,715,15.8,1436,,,,,,,2.9,230,1440,1.8,230,1443,.5,429,-.1,31,1634,60.8,6.1,1024.7,1036.4,1013,1031.3,1554,1033.5,10,9.2,1100,2.03,13.06,,,,,,3.3,0,5.6,-4.3,,,,,,,,,,1.7,2.5,,
156,2021-11-29,8.9,2,549,17,1502,,,,,,,3.7,250,1416,2,230,1454,.6,494,3.1,22,1335,69.6,7.6,1018.1,1031.6,2,1022.5,2356,1026.8,10,8.8,1200,2.02,12.51,,,,,,2.4,1.9,6.3,-3.5,,,,,,,,,,1.8,2.5,,
156,2021-11-30,8.7,4.4,2224,12.8,925,16.33,,,,,23.2,8.5,250,929,4.8,250,934,1.6,1400,6.4,52,2120,86.5,10,1005.7,1022.6,2,1009.7,1325,1014.2,10,0,1100,.31,1.73,,,,,,9.1,5.9,8,2.6,,,,,,,,,,.5,.7,,
156,2021-12-01,2.4,.1,2345,5,47,15.08,,,,,1.5,7.7,290,2,3.4,50,1034,1.7,1487,-.6,64,958,81.1,5.9,1013.9,1025.6,2245,1017.6,4,1022.7,10,.6,1300,.92,4.57,,,,,,9.6,6.3,4.6,-1.7,,,,,,,,,,.7,.9,,
156,2021-12-02,4.2,.3,109,8.9,1351,.42,,,,,0,4.8,270,1438,2.7,70,4,1.2,1036,-1.3,52,1326,67.9,5.7,1012.4,1025.2,5,1018.4,2139,1021.2,10,6,1100,1.99,10.64,,,,,,8,7.3,5.3,-1.1,,,,,,,,,,1.3,1.8,,
156,2021-12-03,5.9,4.2,2153,8,1400,3.03,,,,,.5,8.2,360,1756,2.9,50,2018,1.3,1139,1.7,52,1650,76.5,7.1,1011.3,1024.2,2319,1017.1,203,1020,9.9,2.6,1300,1.29,6.6,,,,,,6.9,6.6,6.4,.3,,,,,,,,,,1,1.4,,
156,2021-12-04,4.7,1.4,534,8.7,1410,,,,,,,5.6,70,13,2.9,70,309,1.1,919,-1,54,1316,67.4,5.8,1017.8,1028.9,2354,1024,1,1026.6,9.9,1.7,1100,1.42,6.47,,,,,,4,3.3,4.7,-2.9,,,,,,,,,,.8,1.1,,
156,2021-12-05,5.4,-.1,658,11.9,1459,,,,,,,3.2,250,1400,1.5,250,1403,.6,490,.2,43,1155,72.1,6.2,1019.8,1030.8,1000,1027.2,1529,1028.6,9.9,9.1,1200,2.04,12.22,,,,,,.8,0,4.4,-5.3,,,,,,,,,,1.5,2.1,,
156,2021-12-06,8.3,3.3,726,15.1,1524,,,,,,,4.9,320,1721,1.8,250,1405,.6,543,4.3,48,1457,77.8,8.3,1017.6,1027.4,1,1024.5,1425,1026.3,9.9,8.9,1200,2.02,12.14,,,,,,4.1,2,6.7,-1.3,,,,,,,,,,1.8,2.5,,
156,2021-12-07,8,3.3,522,14,1434,,,,,,,6.2,70,1114,2.9,50,1426,.8,715,3.3,40,1420,75.1,7.7,1019.6,1030.6,2307,1026.4,1,1028.3,9.9,8.7,1200,1.92,11.56,,,,,,0,0,5.6,-2,,,,,,,,,,1.8,2.5,,
156,2021-12-08,8.1,2.3,731,15.2,1450,,,,,,,4.1,50,1349,1.9,230,1646,.6,534,2.3,34,1423,71.8,7.3,1022.8,1033.4,1004,1030,128,1031.5,9.9,9,1200,2.01,12.13,,,,,,.3,0,5.3,-3.1,,,,,,,,,,1.6,2.4,,
156,2021-12-09,8.3,3,631,13.5,1445,,,,,,,5.2,70,1400,2.9,70,1400,.9,743,4.3,56,1300,77.4,8.3,1020.3,1031.9,15,1025.9,2359,1029,9.9,3.6,1000,1.42,8.08,,,,,,6.1,4.3,6,-2.5,,,,,,,,,,1.1,1.6,,
156,2021-12-10,9.9,7.3,2346,15.4,1322,1.83,,,,,0,5.8,340,1449,2.2,320,1652,.7,598,7.6,60,1450,86.6,10.4,1016.8,1026.9,2151,1023.7,1415,1025.4,9.8,3.7,1200,1.9,7.8,,,,,,5.3,4.6,8.6,1.6,,,,,,,,,,1.1,1.6,,
156,2021-12-11,8.6,5,550,13.3,1503,,,,,,,3.6,20,1754,1.8,50,1759,.7,584,5.3,57,1504,81.8,8.9,1017.4,1028.3,921,1024.3,1512,1026,9.9,7.1,1100,1.79,10.37,,,,,,5.5,3,7.4,0,,,,,,,,,,1.3,1.8,,
156,2021-12-12,6.3,2,2359,10.9,1320,,,,,,,8.6,20,2326,4.9,50,2330,1.7,1475,1,51,2007,69.8,6.9,1017.1,1028.8,2341,1023.8,525,1025.8,9.8,2.8,1300,1.11,6.12,,,,,,4,3.4,6.1,.9,,,,,,,,,,1.3,1.8,,
156,2021-12-13,1,-1.6,709,5.6,1431,,,,,,,6.8,70,6,3.7,50,15,2,1691,-8.3,31,1504,50.9,3.3,1019.1,1030.4,918,1026.4,1421,1028.1,9.8,9.1,1200,2.13,12.83,,,,,,.1,.1,2.9,-5.9,,,,,,,,,,1.7,2.5,,
156,2021-12-14,3.5,-2.5,413,9.8,1455,,,,,,,4.6,250,1427,2.5,270,1651,.9,762,-2.4,48,1239,66,5.3,1014.8,1027.3,1,1021,1614,1023.6,9.8,5.7,1200,1.88,9.93,,,,,,5,5,3.2,-6.4,,,,,,,,,,1.4,2,,
156,2021-12-15,7.5,2.4,647,14.5,1449,,,,,,,3.5,250,1327,2.3,230,1442,.7,570,4.4,56,1526,82.3,8.4,1013.2,1023.6,930,1020.3,1517,1021.9,9.8,4.7,1200,1.5,8.58,,,,,,4.9,4.3,5.9,-3.5,,,,,,,,,,1,1.5,,
156,2021-12-16,7.8,5.4,502,11.6,1519,5.15,,,,,.5,3.4,320,1841,1.5,320,2102,.5,467,6.5,76,1805,92,9.7,1010.3,1022,5,1016.6,1748,1019,9.8,.7,1200,1.17,5.67,,,,,,8.3,5.1,7.3,.1,,,,,,,,,,.9,1.2,,
156,2021-12-17,.2,-5.1,2349,7.6,202,16.68,,,,,3.5,12.1,50,1040,5.2,50,1046,2.1,1848,-3.3,46,1135,79,4.9,1015.1,1029.6,2352,1017.9,14,1024,9.8,1.9,1100,1.34,4.92,8.6,2103,8.6,2103,8.6,7.6,7.6,3,-.7,,,,,,,,,,.6,.8,,
156,2021-12-18,-2.3,-7.6,710,2,1522,1.25,,,,,0,6.9,50,950,4.2,70,341,1.8,1539,-7.5,46,1050,68.5,3.6,1018.6,1030.7,857,1023.6,2322,1027.6,9.8,8.3,1300,1.99,10.5,,,7.4,1,,4.1,3.3,2.2,-1.8,,,,,,,,,,1,1.4,,
156,2021-12-19,3.3,.2,40,7.5,1301,3.35,,,,,.1,6.8,20,1318,3.4,20,1320,1,832,-1.4,43,1406,74.3,5.6,1014.8,1025.1,947,1022.6,504,1023.6,9.8,7.3,1100,1.76,10.55,,,1.7,1,,3.9,3.4,3.7,-4.6,,,,,,,,,,1.2,1.7,,
156,2021-12-20,6.1,.7,509,12.8,1515,,,,,,,9.1,250,1536,4.8,270,1501,1.1,954,1.6,48,1513,74.8,6.9,1011.3,1023.8,19,1017.6,1534,1020,9.8,7.1,1200,1.78,9.46,,,,,,2.1,2.1,4.5,-4.2,,,,,,,,,,1.3,1.8,,
156,2021-12-21,7,2.4,502,14.1,1449,,,,,,,5.2,340,1531,2.4,270,1322,.7,643,3.9,49,1533,82.9,8.1,1009.6,1020.8,2304,1016.1,1414,1018.2,9.8,7.3,1200,1.75,9.63,,,,,,1.1,.9,4.8,-3.3,,,,,,,,,,1.2,1.7,,
156,2021-12-22,5.8,.6,732,13.3,1431,,,,,,,4.1,320,1517,2,70,2055,.6,533,-4.3,15,1457,58,4.8,1013.8,1024.5,2329,1020.5,14,1022.5,9.8,8.9,1200,2.05,12.23,,,,,,0,0,3.7,-6.3,,,,,,,,,,1.9,2.7,,
156,2021-12-23,5.4,-.2,657,12.5,1421,,,,,,,4.9,70,1231,2.9,70,1239,.7,632,-3.9,28,1223,53.4,4.6,1015.1,1026.2,1029,1022.2,1512,1023.9,9.8,8.8,1200,1.92,11.48,,,,,,.9,0,3.2,-6.7,,,,,,,,,,1.7,2.5,,
156,2021-12-24,3.7,.5,646,11.3,1343,,,,,,,10,320,2326,3.9,20,2329,1.2,1003,-1.7,41,1348,68.8,5.5,1013.5,1026.1,2309,1019.3,1443,1022.3,9.8,3.1,1300,1.51,7.21,,,,,,6,3.8,3.4,-5.7,,,,,,,,,,1.1,1.6,,
156,2021-12-25,-3.8,-6.3,2339,.6,1,5.08,,,,,0,10.3,20,1633,4.9,20,1222,3.1,2660,-9.8,47,1250,63.5,3,1022.1,1034.1,2311,1025.9,1,1031.2,9.8,3.1,1400,1.44,7.03,,,,,,7.3,6.8,1.4,-8.7,,,,,,,,,,.8,1.2,,
156,2021-12-26,-5.2,-8.3,744,-.6,1520,,,,,,,8.8,70,107,4.6,70,131,2.6,2242,-13.3,41,1315,53.6,2.2,1024.4,1036.3,1010,1031.4,1611,1033.6,9.8,9,1200,2.11,12.71,,,,,,1.5,1.5,-1.2,-9.7,,,,,,,,,,1.3,1.8,,
156,2021-12-27,-2.1,-7.7,638,4.4,1425,,,,,,,6.2,70,112,3.6,70,918,1.6,1362,-7.8,44,1334,65.9,3.6,1022.8,1033.8,935,1030.4,1416,1031.9,9.8,6.5,1200,2.1,11.35,,,,,,3.4,3.4,-.8,-11.3,,,,,,,,,,1.2,1.7,,
156,2021-12-28,3.3,-.1,1,8.2,1237,,,,,,,6.1,290,1238,3.1,250,1239,.6,548,-2.1,47,1241,69.3,5.3,1019.4,1031.1,1,1025.5,2321,1028.3,9.8,2.4,1200,1.88,7.49,,,,,,6.8,6.8,2.3,-4.2,,,,,,,,,,.9,1.3,,
156,2021-12-29,4.5,.6,639,9.8,1322,,,,,,,8.7,270,1336,5.5,270,1342,1.3,1162,-.6,49,1342,70.4,5.9,1013.2,1025.5,1,1019.1,1423,1021.9,9.8,3.6,1300,1.67,7.77,,,,,,8.3,6.1,3.1,-5,,,,,,,,,,1.2,1.8,,
156,2021-12-30,1.9,-.5,2356,6,1434,6.82,,,,,1,10.7,250,1514,4.5,270,1519,2,1699,-4,40,943,67.1,4.7,1017.1,1028.5,2334,1023.4,1,1026,9.8,6,1200,2.07,9.89,1.7,2356,1.7,2356,1.7,6.1,6.1,3.4,-2.9,,,,,,,,,,1.1,1.6,,
156,2021-12-31,-1.9,-4.4,2323,1.7,1320,2.13,,,,,0,8.9,50,1350,4.1,50,1254,2.1,1840,-8.2,51,2058,62.5,3.3,1022.5,1033.4,2346,1028.4,1,1031.6,9.8,6.9,1200,2.21,10.95,.1,37,1.8,37,.1,2.9,2.4,1.5,-7.8,,,,,,,,,,1.3,1.9,,
